feedStart,feedEnd,feedDuration,filename,Device,Sex,Task,Filename
336966,336980,14,CASTLE_001_121224_00_.CSV,1,M,FR1 HFD,CASTLE_001_121224_00_.CSV
337936,337988,52,CASTLE_001_121224_00_.CSV,1,M,FR1 HFD,CASTLE_001_121224_00_.CSV
355984,356158,174,CASTLE_001_121224_00_.CSV,1,M,FR1 HFD,CASTLE_001_121224_00_.CSV
359939,360005,66,CASTLE_001_121224_00_.CSV,1,M,FR1 HFD,CASTLE_001_121224_00_.CSV
360738,360763,25,CASTLE_001_121224_00_.CSV,1,M,FR1 HFD,CASTLE_001_121224_00_.CSV
366057,366113,56,CASTLE_001_121224_00_.CSV,1,M,FR1 HFD,CASTLE_001_121224_00_.CSV
366246,366302,56,CASTLE_001_121224_00_.CSV,1,M,FR1 HFD,CASTLE_001_121224_00_.CSV
371368,371426,58,CASTLE_001_121224_00_.CSV,1,M,FR1 HFD,CASTLE_001_121224_00_.CSV
372088,372150,62,CASTLE_001_121224_00_.CSV,1,M,FR1 HFD,CASTLE_001_121224_00_.CSV
373005,373054,49,CASTLE_001_121224_00_.CSV,1,M,FR1 HFD,CASTLE_001_121224_00_.CSV
379635,379689,54,CASTLE_001_121224_00_.CSV,1,M,FR1 HFD,CASTLE_001_121224_00_.CSV
379787,379839,52,CASTLE_001_121224_00_.CSV,1,M,FR1 HFD,CASTLE_001_121224_00_.CSV
381121,381166,45,CASTLE_001_121224_00_.CSV,1,M,FR1 HFD,CASTLE_001_121224_00_.CSV
381412,381510,98,CASTLE_001_121224_00_.CSV,1,M,FR1 HFD,CASTLE_001_121224_00_.CSV
399161,399227,66,CASTLE_001_121224_00_.CSV,1,M,FR1 HFD,CASTLE_001_121224_00_.CSV
399795,399846,51,CASTLE_001_121224_00_.CSV,1,M,FR1 HFD,CASTLE_001_121224_00_.CSV
348554,348744,190,CASTLE_002_121224_00_.CSV,2,M,FR1 HFD,CASTLE_002_121224_00_.CSV
349678,349718,40,CASTLE_002_121224_00_.CSV,2,M,FR1 HFD,CASTLE_002_121224_00_.CSV
353607,353716,109,CASTLE_002_121224_00_.CSV,2,M,FR1 HFD,CASTLE_002_121224_00_.CSV
360536,360565,29,CASTLE_002_121224_00_.CSV,2,M,FR1 HFD,CASTLE_002_121224_00_.CSV
366236,366250,14,CASTLE_002_121224_00_.CSV,2,M,FR1 HFD,CASTLE_002_121224_00_.CSV
378722,378741,19,CASTLE_002_121224_00_.CSV,2,M,FR1 HFD,CASTLE_002_121224_00_.CSV
386356,386377,21,CASTLE_002_121224_00_.CSV,2,M,FR1 HFD,CASTLE_002_121224_00_.CSV
390817,390865,48,CASTLE_002_121224_00_.CSV,2,M,FR1 HFD,CASTLE_002_121224_00_.CSV
395953,396004,51,CASTLE_002_121224_00_.CSV,2,M,FR1 HFD,CASTLE_002_121224_00_.CSV
401135,401214,79,CASTLE_002_121224_00_.CSV,2,M,FR1 HFD,CASTLE_002_121224_00_.CSV
401355,401429,74,CASTLE_002_121224_00_.CSV,2,M,FR1 HFD,CASTLE_002_121224_00_.CSV
418247,418485,238,CASTLE_002_121224_00_.CSV,2,M,FR1 HFD,CASTLE_002_121224_00_.CSV
335356,335380,24,CASTLE_003_121224_00_.CSV,3,M,FR1 HFD,CASTLE_003_121224_00_.CSV
335520,335587,67,CASTLE_003_121224_00_.CSV,3,M,FR1 HFD,CASTLE_003_121224_00_.CSV
350408,350464,56,CASTLE_003_121224_00_.CSV,3,M,FR1 HFD,CASTLE_003_121224_00_.CSV
355753,355816,63,CASTLE_003_121224_00_.CSV,3,M,FR1 HFD,CASTLE_003_121224_00_.CSV
359113,359173,60,CASTLE_003_121224_00_.CSV,3,M,FR1 HFD,CASTLE_003_121224_00_.CSV
359605,359665,60,CASTLE_003_121224_00_.CSV,3,M,FR1 HFD,CASTLE_003_121224_00_.CSV
361840,361893,53,CASTLE_003_121224_00_.CSV,3,M,FR1 HFD,CASTLE_003_121224_00_.CSV
365530,365594,64,CASTLE_003_121224_00_.CSV,3,M,FR1 HFD,CASTLE_003_121224_00_.CSV
366314,366385,71,CASTLE_003_121224_00_.CSV,3,M,FR1 HFD,CASTLE_003_121224_00_.CSV
372797,372862,65,CASTLE_003_121224_00_.CSV,3,M,FR1 HFD,CASTLE_003_121224_00_.CSV
374656,374723,67,CASTLE_003_121224_00_.CSV,3,M,FR1 HFD,CASTLE_003_121224_00_.CSV
376240,376312,72,CASTLE_003_121224_00_.CSV,3,M,FR1 HFD,CASTLE_003_121224_00_.CSV
387622,387681,59,CASTLE_003_121224_00_.CSV,3,M,FR1 HFD,CASTLE_003_121224_00_.CSV
388411,388475,64,CASTLE_003_121224_00_.CSV,3,M,FR1 HFD,CASTLE_003_121224_00_.CSV
389301,389360,59,CASTLE_003_121224_00_.CSV,3,M,FR1 HFD,CASTLE_003_121224_00_.CSV
394937,395121,184,CASTLE_003_121224_00_.CSV,3,M,FR1 HFD,CASTLE_003_121224_00_.CSV
396448,396516,68,CASTLE_003_121224_00_.CSV,3,M,FR1 HFD,CASTLE_003_121224_00_.CSV
396737,396803,66,CASTLE_003_121224_00_.CSV,3,M,FR1 HFD,CASTLE_003_121224_00_.CSV
410597,410654,57,CASTLE_003_121224_00_.CSV,3,M,FR1 HFD,CASTLE_003_121224_00_.CSV
342208,342253,45,CASTLE_004_121224_00_.CSV,4,M,FR1 HFD,CASTLE_004_121224_00_.CSV
342327,342399,72,CASTLE_004_121224_00_.CSV,4,M,FR1 HFD,CASTLE_004_121224_00_.CSV
353303,353359,56,CASTLE_004_121224_00_.CSV,4,M,FR1 HFD,CASTLE_004_121224_00_.CSV
353511,353667,156,CASTLE_004_121224_00_.CSV,4,M,FR1 HFD,CASTLE_004_121224_00_.CSV
359287,359351,64,CASTLE_004_121224_00_.CSV,4,M,FR1 HFD,CASTLE_004_121224_00_.CSV
363973,364029,56,CASTLE_004_121224_00_.CSV,4,M,FR1 HFD,CASTLE_004_121224_00_.CSV
364622,364674,52,CASTLE_004_121224_00_.CSV,4,M,FR1 HFD,CASTLE_004_121224_00_.CSV
369655,369694,39,CASTLE_004_121224_00_.CSV,4,M,FR1 HFD,CASTLE_004_121224_00_.CSV
371198,371252,54,CASTLE_004_121224_00_.CSV,4,M,FR1 HFD,CASTLE_004_121224_00_.CSV
376998,377046,48,CASTLE_004_121224_00_.CSV,4,M,FR1 HFD,CASTLE_004_121224_00_.CSV
377810,377863,53,CASTLE_004_121224_00_.CSV,4,M,FR1 HFD,CASTLE_004_121224_00_.CSV
388037,388061,24,CASTLE_004_121224_00_.CSV,4,M,FR1 HFD,CASTLE_004_121224_00_.CSV
389496,389516,20,CASTLE_004_121224_00_.CSV,4,M,FR1 HFD,CASTLE_004_121224_00_.CSV
397001,397043,42,CASTLE_004_121224_00_.CSV,4,M,FR1 HFD,CASTLE_004_121224_00_.CSV
337271,337292,21,CASTLE_005_121224_00_.CSV,5,F,FR1 HFD,CASTLE_005_121224_00_.CSV
337387,337432,45,CASTLE_005_121224_00_.CSV,5,F,FR1 HFD,CASTLE_005_121224_00_.CSV
345608,345662,54,CASTLE_005_121224_00_.CSV,5,F,FR1 HFD,CASTLE_005_121224_00_.CSV
355858,355922,64,CASTLE_005_121224_00_.CSV,5,F,FR1 HFD,CASTLE_005_121224_00_.CSV
356021,356054,33,CASTLE_005_121224_00_.CSV,5,F,FR1 HFD,CASTLE_005_121224_00_.CSV
356141,356193,52,CASTLE_005_121224_00_.CSV,5,F,FR1 HFD,CASTLE_005_121224_00_.CSV
360231,360288,57,CASTLE_005_121224_00_.CSV,5,F,FR1 HFD,CASTLE_005_121224_00_.CSV
364019,364076,57,CASTLE_005_121224_00_.CSV,5,F,FR1 HFD,CASTLE_005_121224_00_.CSV
366057,366122,65,CASTLE_005_121224_00_.CSV,5,F,FR1 HFD,CASTLE_005_121224_00_.CSV
366263,366404,141,CASTLE_005_121224_00_.CSV,5,F,FR1 HFD,CASTLE_005_121224_00_.CSV
373555,373617,62,CASTLE_005_121224_00_.CSV,5,F,FR1 HFD,CASTLE_005_121224_00_.CSV
377131,377166,35,CASTLE_005_121224_00_.CSV,5,F,FR1 HFD,CASTLE_005_121224_00_.CSV
384895,384949,54,CASTLE_005_121224_00_.CSV,5,F,FR1 HFD,CASTLE_005_121224_00_.CSV
391250,391301,51,CASTLE_005_121224_00_.CSV,5,F,FR1 HFD,CASTLE_005_121224_00_.CSV
391643,391707,64,CASTLE_005_121224_00_.CSV,5,F,FR1 HFD,CASTLE_005_121224_00_.CSV
346174,346189,15,CASTLE_006_121224_00_.CSV,6,F,FR1 HFD,CASTLE_006_121224_00_.CSV
355987,356231,244,CASTLE_006_121224_00_.CSV,6,F,FR1 HFD,CASTLE_006_121224_00_.CSV
356598,356608,10,CASTLE_006_121224_00_.CSV,6,F,FR1 HFD,CASTLE_006_121224_00_.CSV
356697,356740,43,CASTLE_006_121224_00_.CSV,6,F,FR1 HFD,CASTLE_006_121224_00_.CSV
359866,360066,200,CASTLE_006_121224_00_.CSV,6,F,FR1 HFD,CASTLE_006_121224_00_.CSV
360606,360694,88,CASTLE_006_121224_00_.CSV,6,F,FR1 HFD,CASTLE_006_121224_00_.CSV
360923,360959,36,CASTLE_006_121224_00_.CSV,6,F,FR1 HFD,CASTLE_006_121224_00_.CSV
362094,362122,28,CASTLE_006_121224_00_.CSV,6,F,FR1 HFD,CASTLE_006_121224_00_.CSV
364318,364359,41,CASTLE_006_121224_00_.CSV,6,F,FR1 HFD,CASTLE_006_121224_00_.CSV
364852,364858,6,CASTLE_006_121224_00_.CSV,6,F,FR1 HFD,CASTLE_006_121224_00_.CSV
366214,366260,46,CASTLE_006_121224_00_.CSV,6,F,FR1 HFD,CASTLE_006_121224_00_.CSV
368193,368307,114,CASTLE_006_121224_00_.CSV,6,F,FR1 HFD,CASTLE_006_121224_00_.CSV
372195,372291,96,CASTLE_006_121224_00_.CSV,6,F,FR1 HFD,CASTLE_006_121224_00_.CSV
372529,372642,113,CASTLE_006_121224_00_.CSV,6,F,FR1 HFD,CASTLE_006_121224_00_.CSV
373026,373057,31,CASTLE_006_121224_00_.CSV,6,F,FR1 HFD,CASTLE_006_121224_00_.CSV
377851,377961,110,CASTLE_006_121224_00_.CSV,6,F,FR1 HFD,CASTLE_006_121224_00_.CSV
378128,378162,34,CASTLE_006_121224_00_.CSV,6,F,FR1 HFD,CASTLE_006_121224_00_.CSV
378362,378397,35,CASTLE_006_121224_00_.CSV,6,F,FR1 HFD,CASTLE_006_121224_00_.CSV
378853,378942,89,CASTLE_006_121224_00_.CSV,6,F,FR1 HFD,CASTLE_006_121224_00_.CSV
380958,381052,94,CASTLE_006_121224_00_.CSV,6,F,FR1 HFD,CASTLE_006_121224_00_.CSV
385422,385457,35,CASTLE_006_121224_00_.CSV,6,F,FR1 HFD,CASTLE_006_121224_00_.CSV
391591,391664,73,CASTLE_006_121224_00_.CSV,6,F,FR1 HFD,CASTLE_006_121224_00_.CSV
391756,391804,48,CASTLE_006_121224_00_.CSV,6,F,FR1 HFD,CASTLE_006_121224_00_.CSV
392554,392610,56,CASTLE_006_121224_00_.CSV,6,F,FR1 HFD,CASTLE_006_121224_00_.CSV
395074,395109,35,CASTLE_006_121224_00_.CSV,6,F,FR1 HFD,CASTLE_006_121224_00_.CSV
336462,336626,164,CASTLE_007_121224_00_.CSV,7,F,FR1 HFD,CASTLE_007_121224_00_.CSV
338278,338310,32,CASTLE_007_121224_00_.CSV,7,F,FR1 HFD,CASTLE_007_121224_00_.CSV
355268,355426,158,CASTLE_007_121224_00_.CSV,7,F,FR1 HFD,CASTLE_007_121224_00_.CSV
358745,358810,65,CASTLE_007_121224_00_.CSV,7,F,FR1 HFD,CASTLE_007_121224_00_.CSV
359979,360017,38,CASTLE_007_121224_00_.CSV,7,F,FR1 HFD,CASTLE_007_121224_00_.CSV
361431,361461,30,CASTLE_007_121224_00_.CSV,7,F,FR1 HFD,CASTLE_007_121224_00_.CSV
361879,361965,86,CASTLE_007_121224_00_.CSV,7,F,FR1 HFD,CASTLE_007_121224_00_.CSV
363801,363894,93,CASTLE_007_121224_00_.CSV,7,F,FR1 HFD,CASTLE_007_121224_00_.CSV
364594,364601,7,CASTLE_007_121224_00_.CSV,7,F,FR1 HFD,CASTLE_007_121224_00_.CSV
367398,367456,58,CASTLE_007_121224_00_.CSV,7,F,FR1 HFD,CASTLE_007_121224_00_.CSV
369529,369593,64,CASTLE_007_121224_00_.CSV,7,F,FR1 HFD,CASTLE_007_121224_00_.CSV
376352,376377,25,CASTLE_007_121224_00_.CSV,7,F,FR1 HFD,CASTLE_007_121224_00_.CSV
378327,378391,64,CASTLE_007_121224_00_.CSV,7,F,FR1 HFD,CASTLE_007_121224_00_.CSV
381294,381324,30,CASTLE_007_121224_00_.CSV,7,F,FR1 HFD,CASTLE_007_121224_00_.CSV
383172,383231,59,CASTLE_007_121224_00_.CSV,7,F,FR1 HFD,CASTLE_007_121224_00_.CSV
385058,385073,15,CASTLE_007_121224_00_.CSV,7,F,FR1 HFD,CASTLE_007_121224_00_.CSV
391350,391400,50,CASTLE_007_121224_00_.CSV,7,F,FR1 HFD,CASTLE_007_121224_00_.CSV
394664,394726,62,CASTLE_007_121224_00_.CSV,7,F,FR1 HFD,CASTLE_007_121224_00_.CSV
402542,402692,150,CASTLE_007_121224_00_.CSV,7,F,FR1 HFD,CASTLE_007_121224_00_.CSV
404265,404303,38,CASTLE_007_121224_00_.CSV,7,F,FR1 HFD,CASTLE_007_121224_00_.CSV
409786,409800,14,CASTLE_007_121224_00_.CSV,7,F,FR1 HFD,CASTLE_007_121224_00_.CSV
413788,413831,43,CASTLE_007_121224_00_.CSV,7,F,FR1 HFD,CASTLE_007_121224_00_.CSV
416248,416350,102,CASTLE_007_121224_00_.CSV,7,F,FR1 HFD,CASTLE_007_121224_00_.CSV
418763,418807,44,CASTLE_007_121224_00_.CSV,7,F,FR1 HFD,CASTLE_007_121224_00_.CSV
88904,89283,379,CASTLE_001_120424_00_.CSV,1,M,Free Chow,CASTLE_001_120424_00_.CSV
89403,89418,15,CASTLE_001_120424_00_.CSV,1,M,Free Chow,CASTLE_001_120424_00_.CSV
92869,93003,134,CASTLE_001_120424_00_.CSV,1,M,Free Chow,CASTLE_001_120424_00_.CSV
93689,93726,37,CASTLE_001_120424_00_.CSV,1,M,Free Chow,CASTLE_001_120424_00_.CSV
95725,95789,64,CASTLE_001_120424_00_.CSV,1,M,Free Chow,CASTLE_001_120424_00_.CSV
95972,96099,127,CASTLE_001_120424_00_.CSV,1,M,Free Chow,CASTLE_001_120424_00_.CSV
96593,96836,243,CASTLE_001_120424_00_.CSV,1,M,Free Chow,CASTLE_001_120424_00_.CSV
97511,97641,130,CASTLE_001_120424_00_.CSV,1,M,Free Chow,CASTLE_001_120424_00_.CSV
97836,97845,9,CASTLE_001_120424_00_.CSV,1,M,Free Chow,CASTLE_001_120424_00_.CSV
98327,98451,124,CASTLE_001_120424_00_.CSV,1,M,Free Chow,CASTLE_001_120424_00_.CSV
99272,99394,122,CASTLE_001_120424_00_.CSV,1,M,Free Chow,CASTLE_001_120424_00_.CSV
99494,99539,45,CASTLE_001_120424_00_.CSV,1,M,Free Chow,CASTLE_001_120424_00_.CSV
99689,99717,28,CASTLE_001_120424_00_.CSV,1,M,Free Chow,CASTLE_001_120424_00_.CSV
99973,100047,74,CASTLE_001_120424_00_.CSV,1,M,Free Chow,CASTLE_001_120424_00_.CSV
102194,102199,5,CASTLE_001_120424_00_.CSV,1,M,Free Chow,CASTLE_001_120424_00_.CSV
102363,102473,110,CASTLE_001_120424_00_.CSV,1,M,Free Chow,CASTLE_001_120424_00_.CSV
102751,102840,89,CASTLE_001_120424_00_.CSV,1,M,Free Chow,CASTLE_001_120424_00_.CSV
102903,103021,118,CASTLE_001_120424_00_.CSV,1,M,Free Chow,CASTLE_001_120424_00_.CSV
103161,103172,11,CASTLE_001_120424_00_.CSV,1,M,Free Chow,CASTLE_001_120424_00_.CSV
106364,106757,393,CASTLE_001_120424_00_.CSV,1,M,Free Chow,CASTLE_001_120424_00_.CSV
106944,107003,59,CASTLE_001_120424_00_.CSV,1,M,Free Chow,CASTLE_001_120424_00_.CSV
108029,108319,290,CASTLE_001_120424_00_.CSV,1,M,Free Chow,CASTLE_001_120424_00_.CSV
108823,108893,70,CASTLE_001_120424_00_.CSV,1,M,Free Chow,CASTLE_001_120424_00_.CSV
109861,110141,280,CASTLE_001_120424_00_.CSV,1,M,Free Chow,CASTLE_001_120424_00_.CSV
110508,110633,125,CASTLE_001_120424_00_.CSV,1,M,Free Chow,CASTLE_001_120424_00_.CSV
111576,111616,40,CASTLE_001_120424_00_.CSV,1,M,Free Chow,CASTLE_001_120424_00_.CSV
111840,111943,103,CASTLE_001_120424_00_.CSV,1,M,Free Chow,CASTLE_001_120424_00_.CSV
112514,112626,112,CASTLE_001_120424_00_.CSV,1,M,Free Chow,CASTLE_001_120424_00_.CSV
112928,113199,271,CASTLE_001_120424_00_.CSV,1,M,Free Chow,CASTLE_001_120424_00_.CSV
114406,114458,52,CASTLE_001_120424_00_.CSV,1,M,Free Chow,CASTLE_001_120424_00_.CSV
117990,118243,253,CASTLE_001_120424_00_.CSV,1,M,Free Chow,CASTLE_001_120424_00_.CSV
122720,122999,279,CASTLE_001_120424_00_.CSV,1,M,Free Chow,CASTLE_001_120424_00_.CSV
123105,123172,67,CASTLE_001_120424_00_.CSV,1,M,Free Chow,CASTLE_001_120424_00_.CSV
123255,123311,56,CASTLE_001_120424_00_.CSV,1,M,Free Chow,CASTLE_001_120424_00_.CSV
127391,127657,266,CASTLE_001_120424_00_.CSV,1,M,Free Chow,CASTLE_001_120424_00_.CSV
129904,130235,331,CASTLE_001_120424_00_.CSV,1,M,Free Chow,CASTLE_001_120424_00_.CSV
132500,132615,115,CASTLE_001_120424_00_.CSV,1,M,Free Chow,CASTLE_001_120424_00_.CSV
132712,132853,141,CASTLE_001_120424_00_.CSV,1,M,Free Chow,CASTLE_001_120424_00_.CSV
132965,132972,7,CASTLE_001_120424_00_.CSV,1,M,Free Chow,CASTLE_001_120424_00_.CSV
133982,134291,309,CASTLE_001_120424_00_.CSV,1,M,Free Chow,CASTLE_001_120424_00_.CSV
134678,134788,110,CASTLE_001_120424_00_.CSV,1,M,Free Chow,CASTLE_001_120424_00_.CSV
134862,134993,131,CASTLE_001_120424_00_.CSV,1,M,Free Chow,CASTLE_001_120424_00_.CSV
135210,135263,53,CASTLE_001_120424_00_.CSV,1,M,Free Chow,CASTLE_001_120424_00_.CSV
135390,135679,289,CASTLE_001_120424_00_.CSV,1,M,Free Chow,CASTLE_001_120424_00_.CSV
136185,136498,313,CASTLE_001_120424_00_.CSV,1,M,Free Chow,CASTLE_001_120424_00_.CSV
136738,136895,157,CASTLE_001_120424_00_.CSV,1,M,Free Chow,CASTLE_001_120424_00_.CSV
136991,137036,45,CASTLE_001_120424_00_.CSV,1,M,Free Chow,CASTLE_001_120424_00_.CSV
137807,137839,32,CASTLE_001_120424_00_.CSV,1,M,Free Chow,CASTLE_001_120424_00_.CSV
145468,145836,368,CASTLE_001_120424_00_.CSV,1,M,Free Chow,CASTLE_001_120424_00_.CSV
146002,146137,135,CASTLE_001_120424_00_.CSV,1,M,Free Chow,CASTLE_001_120424_00_.CSV
146524,146617,93,CASTLE_001_120424_00_.CSV,1,M,Free Chow,CASTLE_001_120424_00_.CSV
146703,146804,101,CASTLE_001_120424_00_.CSV,1,M,Free Chow,CASTLE_001_120424_00_.CSV
153993,154062,69,CASTLE_001_120424_00_.CSV,1,M,Free Chow,CASTLE_001_120424_00_.CSV
154207,154222,15,CASTLE_001_120424_00_.CSV,1,M,Free Chow,CASTLE_001_120424_00_.CSV
102276,102438,162,CASTLE_002_120424_00_.CSV,2,M,Free Chow,CASTLE_002_120424_00_.CSV
109784,109957,173,CASTLE_002_120424_00_.CSV,2,M,Free Chow,CASTLE_002_120424_00_.CSV
112362,112570,208,CASTLE_002_120424_00_.CSV,2,M,Free Chow,CASTLE_002_120424_00_.CSV
115567,115698,131,CASTLE_002_120424_00_.CSV,2,M,Free Chow,CASTLE_002_120424_00_.CSV
116403,116537,134,CASTLE_002_120424_00_.CSV,2,M,Free Chow,CASTLE_002_120424_00_.CSV
116993,117177,184,CASTLE_002_120424_00_.CSV,2,M,Free Chow,CASTLE_002_120424_00_.CSV
118155,118368,213,CASTLE_002_120424_00_.CSV,2,M,Free Chow,CASTLE_002_120424_00_.CSV
120196,120340,144,CASTLE_002_120424_00_.CSV,2,M,Free Chow,CASTLE_002_120424_00_.CSV
125006,125203,197,CASTLE_002_120424_00_.CSV,2,M,Free Chow,CASTLE_002_120424_00_.CSV
127517,127683,166,CASTLE_002_120424_00_.CSV,2,M,Free Chow,CASTLE_002_120424_00_.CSV
131526,131821,295,CASTLE_002_120424_00_.CSV,2,M,Free Chow,CASTLE_002_120424_00_.CSV
134014,134141,127,CASTLE_002_120424_00_.CSV,2,M,Free Chow,CASTLE_002_120424_00_.CSV
134574,134690,116,CASTLE_002_120424_00_.CSV,2,M,Free Chow,CASTLE_002_120424_00_.CSV
135210,135411,201,CASTLE_002_120424_00_.CSV,2,M,Free Chow,CASTLE_002_120424_00_.CSV
135854,135918,64,CASTLE_002_120424_00_.CSV,2,M,Free Chow,CASTLE_002_120424_00_.CSV
136424,136704,280,CASTLE_002_120424_00_.CSV,2,M,Free Chow,CASTLE_002_120424_00_.CSV
136965,137102,137,CASTLE_002_120424_00_.CSV,2,M,Free Chow,CASTLE_002_120424_00_.CSV
137928,138121,193,CASTLE_002_120424_00_.CSV,2,M,Free Chow,CASTLE_002_120424_00_.CSV
138765,138947,182,CASTLE_002_120424_00_.CSV,2,M,Free Chow,CASTLE_002_120424_00_.CSV
143930,144025,95,CASTLE_002_120424_00_.CSV,2,M,Free Chow,CASTLE_002_120424_00_.CSV
144088,144216,128,CASTLE_002_120424_00_.CSV,2,M,Free Chow,CASTLE_002_120424_00_.CSV
147406,147420,14,CASTLE_002_120424_00_.CSV,2,M,Free Chow,CASTLE_002_120424_00_.CSV
147559,147683,124,CASTLE_002_120424_00_.CSV,2,M,Free Chow,CASTLE_002_120424_00_.CSV
148226,148423,197,CASTLE_002_120424_00_.CSV,2,M,Free Chow,CASTLE_002_120424_00_.CSV
69523,69533,10,CASTLE_003_120424_01_.CSV,3,M,Free Chow,CASTLE_003_120424_01_.CSV
81850,81874,24,CASTLE_003_120424_01_.CSV,3,M,Free Chow,CASTLE_003_120424_01_.CSV
102155,102575,420,CASTLE_003_120424_01_.CSV,3,M,Free Chow,CASTLE_003_120424_01_.CSV
102678,102800,122,CASTLE_003_120424_01_.CSV,3,M,Free Chow,CASTLE_003_120424_01_.CSV
102894,103013,119,CASTLE_003_120424_01_.CSV,3,M,Free Chow,CASTLE_003_120424_01_.CSV
103394,103642,248,CASTLE_003_120424_01_.CSV,3,M,Free Chow,CASTLE_003_120424_01_.CSV
103792,104068,276,CASTLE_003_120424_01_.CSV,3,M,Free Chow,CASTLE_003_120424_01_.CSV
104215,104221,6,CASTLE_003_120424_01_.CSV,3,M,Free Chow,CASTLE_003_120424_01_.CSV
107547,107814,267,CASTLE_003_120424_01_.CSV,3,M,Free Chow,CASTLE_003_120424_01_.CSV
108420,108523,103,CASTLE_003_120424_01_.CSV,3,M,Free Chow,CASTLE_003_120424_01_.CSV
108997,109156,159,CASTLE_003_120424_01_.CSV,3,M,Free Chow,CASTLE_003_120424_01_.CSV
109534,109788,254,CASTLE_003_120424_01_.CSV,3,M,Free Chow,CASTLE_003_120424_01_.CSV
109958,109977,19,CASTLE_003_120424_01_.CSV,3,M,Free Chow,CASTLE_003_120424_01_.CSV
110166,110329,163,CASTLE_003_120424_01_.CSV,3,M,Free Chow,CASTLE_003_120424_01_.CSV
112611,112733,122,CASTLE_003_120424_01_.CSV,3,M,Free Chow,CASTLE_003_120424_01_.CSV
113180,113189,9,CASTLE_003_120424_01_.CSV,3,M,Free Chow,CASTLE_003_120424_01_.CSV
134698,134706,8,CASTLE_003_120424_01_.CSV,3,M,Free Chow,CASTLE_003_120424_01_.CSV
134895,134984,89,CASTLE_003_120424_01_.CSV,3,M,Free Chow,CASTLE_003_120424_01_.CSV
135657,135685,28,CASTLE_003_120424_01_.CSV,3,M,Free Chow,CASTLE_003_120424_01_.CSV
137386,137487,101,CASTLE_003_120424_01_.CSV,3,M,Free Chow,CASTLE_003_120424_01_.CSV
137685,137730,45,CASTLE_003_120424_01_.CSV,3,M,Free Chow,CASTLE_003_120424_01_.CSV
138027,138177,150,CASTLE_003_120424_01_.CSV,3,M,Free Chow,CASTLE_003_120424_01_.CSV
139108,139146,38,CASTLE_003_120424_01_.CSV,3,M,Free Chow,CASTLE_003_120424_01_.CSV
139218,139266,48,CASTLE_003_120424_01_.CSV,3,M,Free Chow,CASTLE_003_120424_01_.CSV
140024,140166,142,CASTLE_003_120424_01_.CSV,3,M,Free Chow,CASTLE_003_120424_01_.CSV
145257,145417,160,CASTLE_003_120424_01_.CSV,3,M,Free Chow,CASTLE_003_120424_01_.CSV
145482,145512,30,CASTLE_003_120424_01_.CSV,3,M,Free Chow,CASTLE_003_120424_01_.CSV
146227,146247,20,CASTLE_003_120424_01_.CSV,3,M,Free Chow,CASTLE_003_120424_01_.CSV
146759,146840,81,CASTLE_003_120424_01_.CSV,3,M,Free Chow,CASTLE_003_120424_01_.CSV
69732,69794,62,CASTLE_004_120424_01_.CSV,4,M,Free Chow,CASTLE_004_120424_01_.CSV
69898,69910,12,CASTLE_004_120424_01_.CSV,4,M,Free Chow,CASTLE_004_120424_01_.CSV
79975,80136,161,CASTLE_004_120424_01_.CSV,4,M,Free Chow,CASTLE_004_120424_01_.CSV
84776,84977,201,CASTLE_004_120424_01_.CSV,4,M,Free Chow,CASTLE_004_120424_01_.CSV
85248,85258,10,CASTLE_004_120424_01_.CSV,4,M,Free Chow,CASTLE_004_120424_01_.CSV
88825,88982,157,CASTLE_004_120424_01_.CSV,4,M,Free Chow,CASTLE_004_120424_01_.CSV
91340,91596,256,CASTLE_004_120424_01_.CSV,4,M,Free Chow,CASTLE_004_120424_01_.CSV
91836,91866,30,CASTLE_004_120424_01_.CSV,4,M,Free Chow,CASTLE_004_120424_01_.CSV
93102,93235,133,CASTLE_004_120424_01_.CSV,4,M,Free Chow,CASTLE_004_120424_01_.CSV
93453,93512,59,CASTLE_004_120424_01_.CSV,4,M,Free Chow,CASTLE_004_120424_01_.CSV
93807,93814,7,CASTLE_004_120424_01_.CSV,4,M,Free Chow,CASTLE_004_120424_01_.CSV
95339,95516,177,CASTLE_004_120424_01_.CSV,4,M,Free Chow,CASTLE_004_120424_01_.CSV
95926,95954,28,CASTLE_004_120424_01_.CSV,4,M,Free Chow,CASTLE_004_120424_01_.CSV
97079,97196,117,CASTLE_004_120424_01_.CSV,4,M,Free Chow,CASTLE_004_120424_01_.CSV
97631,97661,30,CASTLE_004_120424_01_.CSV,4,M,Free Chow,CASTLE_004_120424_01_.CSV
97765,97812,47,CASTLE_004_120424_01_.CSV,4,M,Free Chow,CASTLE_004_120424_01_.CSV
98049,98081,32,CASTLE_004_120424_01_.CSV,4,M,Free Chow,CASTLE_004_120424_01_.CSV
98343,98472,129,CASTLE_004_120424_01_.CSV,4,M,Free Chow,CASTLE_004_120424_01_.CSV
98889,98961,72,CASTLE_004_120424_01_.CSV,4,M,Free Chow,CASTLE_004_120424_01_.CSV
99195,99238,43,CASTLE_004_120424_01_.CSV,4,M,Free Chow,CASTLE_004_120424_01_.CSV
99561,99571,10,CASTLE_004_120424_01_.CSV,4,M,Free Chow,CASTLE_004_120424_01_.CSV
99751,99765,14,CASTLE_004_120424_01_.CSV,4,M,Free Chow,CASTLE_004_120424_01_.CSV
100019,100253,234,CASTLE_004_120424_01_.CSV,4,M,Free Chow,CASTLE_004_120424_01_.CSV
100483,100583,100,CASTLE_004_120424_01_.CSV,4,M,Free Chow,CASTLE_004_120424_01_.CSV
101738,101962,224,CASTLE_004_120424_01_.CSV,4,M,Free Chow,CASTLE_004_120424_01_.CSV
102834,103018,184,CASTLE_004_120424_01_.CSV,4,M,Free Chow,CASTLE_004_120424_01_.CSV
103617,103841,224,CASTLE_004_120424_01_.CSV,4,M,Free Chow,CASTLE_004_120424_01_.CSV
104644,104655,11,CASTLE_004_120424_01_.CSV,4,M,Free Chow,CASTLE_004_120424_01_.CSV
105442,105455,13,CASTLE_004_120424_01_.CSV,4,M,Free Chow,CASTLE_004_120424_01_.CSV
106487,106535,48,CASTLE_004_120424_01_.CSV,4,M,Free Chow,CASTLE_004_120424_01_.CSV
106953,107010,57,CASTLE_004_120424_01_.CSV,4,M,Free Chow,CASTLE_004_120424_01_.CSV
107160,107502,342,CASTLE_004_120424_01_.CSV,4,M,Free Chow,CASTLE_004_120424_01_.CSV
107941,107968,27,CASTLE_004_120424_01_.CSV,4,M,Free Chow,CASTLE_004_120424_01_.CSV
108452,108537,85,CASTLE_004_120424_01_.CSV,4,M,Free Chow,CASTLE_004_120424_01_.CSV
108931,109115,184,CASTLE_004_120424_01_.CSV,4,M,Free Chow,CASTLE_004_120424_01_.CSV
109600,109661,61,CASTLE_004_120424_01_.CSV,4,M,Free Chow,CASTLE_004_120424_01_.CSV
112160,112420,260,CASTLE_004_120424_01_.CSV,4,M,Free Chow,CASTLE_004_120424_01_.CSV
112672,112879,207,CASTLE_004_120424_01_.CSV,4,M,Free Chow,CASTLE_004_120424_01_.CSV
113666,113833,167,CASTLE_004_120424_01_.CSV,4,M,Free Chow,CASTLE_004_120424_01_.CSV
115154,115236,82,CASTLE_004_120424_01_.CSV,4,M,Free Chow,CASTLE_004_120424_01_.CSV
115537,115673,136,CASTLE_004_120424_01_.CSV,4,M,Free Chow,CASTLE_004_120424_01_.CSV
117548,117790,242,CASTLE_004_120424_01_.CSV,4,M,Free Chow,CASTLE_004_120424_01_.CSV
118187,118281,94,CASTLE_004_120424_01_.CSV,4,M,Free Chow,CASTLE_004_120424_01_.CSV
119234,119326,92,CASTLE_004_120424_01_.CSV,4,M,Free Chow,CASTLE_004_120424_01_.CSV
122966,123034,68,CASTLE_004_120424_01_.CSV,4,M,Free Chow,CASTLE_004_120424_01_.CSV
125459,125717,258,CASTLE_004_120424_01_.CSV,4,M,Free Chow,CASTLE_004_120424_01_.CSV
128122,128159,37,CASTLE_004_120424_01_.CSV,4,M,Free Chow,CASTLE_004_120424_01_.CSV
128224,128412,188,CASTLE_004_120424_01_.CSV,4,M,Free Chow,CASTLE_004_120424_01_.CSV
128970,129048,78,CASTLE_004_120424_01_.CSV,4,M,Free Chow,CASTLE_004_120424_01_.CSV
129109,129177,68,CASTLE_004_120424_01_.CSV,4,M,Free Chow,CASTLE_004_120424_01_.CSV
131937,132185,248,CASTLE_004_120424_01_.CSV,4,M,Free Chow,CASTLE_004_120424_01_.CSV
132247,132291,44,CASTLE_004_120424_01_.CSV,4,M,Free Chow,CASTLE_004_120424_01_.CSV
132449,132871,422,CASTLE_004_120424_01_.CSV,4,M,Free Chow,CASTLE_004_120424_01_.CSV
132995,133005,10,CASTLE_004_120424_01_.CSV,4,M,Free Chow,CASTLE_004_120424_01_.CSV
133251,133351,100,CASTLE_004_120424_01_.CSV,4,M,Free Chow,CASTLE_004_120424_01_.CSV
134242,134250,8,CASTLE_004_120424_01_.CSV,4,M,Free Chow,CASTLE_004_120424_01_.CSV
136800,136839,39,CASTLE_004_120424_01_.CSV,4,M,Free Chow,CASTLE_004_120424_01_.CSV
136915,137164,249,CASTLE_004_120424_01_.CSV,4,M,Free Chow,CASTLE_004_120424_01_.CSV
137487,137639,152,CASTLE_004_120424_01_.CSV,4,M,Free Chow,CASTLE_004_120424_01_.CSV
138080,138196,116,CASTLE_004_120424_01_.CSV,4,M,Free Chow,CASTLE_004_120424_01_.CSV
142067,142089,22,CASTLE_004_120424_01_.CSV,4,M,Free Chow,CASTLE_004_120424_01_.CSV
142348,142497,149,CASTLE_004_120424_01_.CSV,4,M,Free Chow,CASTLE_004_120424_01_.CSV
146928,146997,69,CASTLE_004_120424_01_.CSV,4,M,Free Chow,CASTLE_004_120424_01_.CSV
147497,147527,30,CASTLE_004_120424_01_.CSV,4,M,Free Chow,CASTLE_004_120424_01_.CSV
147665,147695,30,CASTLE_004_120424_01_.CSV,4,M,Free Chow,CASTLE_004_120424_01_.CSV
148244,148435,191,CASTLE_004_120424_01_.CSV,4,M,Free Chow,CASTLE_004_120424_01_.CSV
151678,151970,292,CASTLE_004_120424_01_.CSV,4,M,Free Chow,CASTLE_004_120424_01_.CSV
69268,69311,43,CASTLE_005_120424_00_.CSV,5,F,Free Chow,CASTLE_005_120424_00_.CSV
70106,70128,22,CASTLE_005_120424_00_.CSV,5,F,Free Chow,CASTLE_005_120424_00_.CSV
72806,72877,71,CASTLE_005_120424_00_.CSV,5,F,Free Chow,CASTLE_005_120424_00_.CSV
79065,79323,258,CASTLE_005_120424_00_.CSV,5,F,Free Chow,CASTLE_005_120424_00_.CSV
86989,87160,171,CASTLE_005_120424_00_.CSV,5,F,Free Chow,CASTLE_005_120424_00_.CSV
87237,87445,208,CASTLE_005_120424_00_.CSV,5,F,Free Chow,CASTLE_005_120424_00_.CSV
93764,93781,17,CASTLE_005_120424_00_.CSV,5,F,Free Chow,CASTLE_005_120424_00_.CSV
93873,94049,176,CASTLE_005_120424_00_.CSV,5,F,Free Chow,CASTLE_005_120424_00_.CSV
94265,94361,96,CASTLE_005_120424_00_.CSV,5,F,Free Chow,CASTLE_005_120424_00_.CSV
96193,96266,73,CASTLE_005_120424_00_.CSV,5,F,Free Chow,CASTLE_005_120424_00_.CSV
96387,96493,106,CASTLE_005_120424_00_.CSV,5,F,Free Chow,CASTLE_005_120424_00_.CSV
96893,97004,111,CASTLE_005_120424_00_.CSV,5,F,Free Chow,CASTLE_005_120424_00_.CSV
97393,97409,16,CASTLE_005_120424_00_.CSV,5,F,Free Chow,CASTLE_005_120424_00_.CSV
97730,97877,147,CASTLE_005_120424_00_.CSV,5,F,Free Chow,CASTLE_005_120424_00_.CSV
99214,99235,21,CASTLE_005_120424_00_.CSV,5,F,Free Chow,CASTLE_005_120424_00_.CSV
99678,99818,140,CASTLE_005_120424_00_.CSV,5,F,Free Chow,CASTLE_005_120424_00_.CSV
101079,101314,235,CASTLE_005_120424_00_.CSV,5,F,Free Chow,CASTLE_005_120424_00_.CSV
102161,102452,291,CASTLE_005_120424_00_.CSV,5,F,Free Chow,CASTLE_005_120424_00_.CSV
103622,103888,266,CASTLE_005_120424_00_.CSV,5,F,Free Chow,CASTLE_005_120424_00_.CSV
105265,105449,184,CASTLE_005_120424_00_.CSV,5,F,Free Chow,CASTLE_005_120424_00_.CSV
106272,106452,180,CASTLE_005_120424_00_.CSV,5,F,Free Chow,CASTLE_005_120424_00_.CSV
107828,108134,306,CASTLE_005_120424_00_.CSV,5,F,Free Chow,CASTLE_005_120424_00_.CSV
109218,109401,183,CASTLE_005_120424_00_.CSV,5,F,Free Chow,CASTLE_005_120424_00_.CSV
109466,109553,87,CASTLE_005_120424_00_.CSV,5,F,Free Chow,CASTLE_005_120424_00_.CSV
110771,110915,144,CASTLE_005_120424_00_.CSV,5,F,Free Chow,CASTLE_005_120424_00_.CSV
112442,112449,7,CASTLE_005_120424_00_.CSV,5,F,Free Chow,CASTLE_005_120424_00_.CSV
112746,112954,208,CASTLE_005_120424_00_.CSV,5,F,Free Chow,CASTLE_005_120424_00_.CSV
116792,117129,337,CASTLE_005_120424_00_.CSV,5,F,Free Chow,CASTLE_005_120424_00_.CSV
117438,117560,122,CASTLE_005_120424_00_.CSV,5,F,Free Chow,CASTLE_005_120424_00_.CSV
119110,119273,163,CASTLE_005_120424_00_.CSV,5,F,Free Chow,CASTLE_005_120424_00_.CSV
119340,119418,78,CASTLE_005_120424_00_.CSV,5,F,Free Chow,CASTLE_005_120424_00_.CSV
120609,120640,31,CASTLE_005_120424_00_.CSV,5,F,Free Chow,CASTLE_005_120424_00_.CSV
120755,120826,71,CASTLE_005_120424_00_.CSV,5,F,Free Chow,CASTLE_005_120424_00_.CSV
135702,135855,153,CASTLE_005_120424_00_.CSV,5,F,Free Chow,CASTLE_005_120424_00_.CSV
143703,144105,402,CASTLE_005_120424_00_.CSV,5,F,Free Chow,CASTLE_005_120424_00_.CSV
151925,152232,307,CASTLE_005_120424_00_.CSV,5,F,Free Chow,CASTLE_005_120424_00_.CSV
152930,153151,221,CASTLE_005_120424_00_.CSV,5,F,Free Chow,CASTLE_005_120424_00_.CSV
66926,67054,128,CASTLE_006_120424_00_.CSV,6,F,Free Chow,CASTLE_006_120424_00_.CSV
74164,74679,515,CASTLE_006_120424_00_.CSV,6,F,Free Chow,CASTLE_006_120424_00_.CSV
82517,82559,42,CASTLE_006_120424_00_.CSV,6,F,Free Chow,CASTLE_006_120424_00_.CSV
82818,83309,491,CASTLE_006_120424_00_.CSV,6,F,Free Chow,CASTLE_006_120424_00_.CSV
83595,83632,37,CASTLE_006_120424_00_.CSV,6,F,Free Chow,CASTLE_006_120424_00_.CSV
87929,88160,231,CASTLE_006_120424_00_.CSV,6,F,Free Chow,CASTLE_006_120424_00_.CSV
88557,88729,172,CASTLE_006_120424_00_.CSV,6,F,Free Chow,CASTLE_006_120424_00_.CSV
88808,89009,201,CASTLE_006_120424_00_.CSV,6,F,Free Chow,CASTLE_006_120424_00_.CSV
89085,89539,454,CASTLE_006_120424_00_.CSV,6,F,Free Chow,CASTLE_006_120424_00_.CSV
92634,92674,40,CASTLE_006_120424_00_.CSV,6,F,Free Chow,CASTLE_006_120424_00_.CSV
92970,93237,267,CASTLE_006_120424_00_.CSV,6,F,Free Chow,CASTLE_006_120424_00_.CSV
93667,93684,17,CASTLE_006_120424_00_.CSV,6,F,Free Chow,CASTLE_006_120424_00_.CSV
93758,93921,163,CASTLE_006_120424_00_.CSV,6,F,Free Chow,CASTLE_006_120424_00_.CSV
95841,96070,229,CASTLE_006_120424_00_.CSV,6,F,Free Chow,CASTLE_006_120424_00_.CSV
96382,96610,228,CASTLE_006_120424_00_.CSV,6,F,Free Chow,CASTLE_006_120424_00_.CSV
97031,97058,27,CASTLE_006_120424_00_.CSV,6,F,Free Chow,CASTLE_006_120424_00_.CSV
97210,97249,39,CASTLE_006_120424_00_.CSV,6,F,Free Chow,CASTLE_006_120424_00_.CSV
97420,97465,45,CASTLE_006_120424_00_.CSV,6,F,Free Chow,CASTLE_006_120424_00_.CSV
97832,98139,307,CASTLE_006_120424_00_.CSV,6,F,Free Chow,CASTLE_006_120424_00_.CSV
98601,98749,148,CASTLE_006_120424_00_.CSV,6,F,Free Chow,CASTLE_006_120424_00_.CSV
99540,99607,67,CASTLE_006_120424_00_.CSV,6,F,Free Chow,CASTLE_006_120424_00_.CSV
99946,100138,192,CASTLE_006_120424_00_.CSV,6,F,Free Chow,CASTLE_006_120424_00_.CSV
101029,101081,52,CASTLE_006_120424_00_.CSV,6,F,Free Chow,CASTLE_006_120424_00_.CSV
101164,101240,76,CASTLE_006_120424_00_.CSV,6,F,Free Chow,CASTLE_006_120424_00_.CSV
101502,101886,384,CASTLE_006_120424_00_.CSV,6,F,Free Chow,CASTLE_006_120424_00_.CSV
102157,102300,143,CASTLE_006_120424_00_.CSV,6,F,Free Chow,CASTLE_006_120424_00_.CSV
103068,103307,239,CASTLE_006_120424_00_.CSV,6,F,Free Chow,CASTLE_006_120424_00_.CSV
103731,104199,468,CASTLE_006_120424_00_.CSV,6,F,Free Chow,CASTLE_006_120424_00_.CSV
104948,104973,25,CASTLE_006_120424_00_.CSV,6,F,Free Chow,CASTLE_006_120424_00_.CSV
105117,105122,5,CASTLE_006_120424_00_.CSV,6,F,Free Chow,CASTLE_006_120424_00_.CSV
105538,105804,266,CASTLE_006_120424_00_.CSV,6,F,Free Chow,CASTLE_006_120424_00_.CSV
106354,106363,9,CASTLE_006_120424_00_.CSV,6,F,Free Chow,CASTLE_006_120424_00_.CSV
107554,107561,7,CASTLE_006_120424_00_.CSV,6,F,Free Chow,CASTLE_006_120424_00_.CSV
108085,108329,244,CASTLE_006_120424_00_.CSV,6,F,Free Chow,CASTLE_006_120424_00_.CSV
108957,109012,55,CASTLE_006_120424_00_.CSV,6,F,Free Chow,CASTLE_006_120424_00_.CSV
109724,110062,338,CASTLE_006_120424_00_.CSV,6,F,Free Chow,CASTLE_006_120424_00_.CSV
115932,116241,309,CASTLE_006_120424_00_.CSV,6,F,Free Chow,CASTLE_006_120424_00_.CSV
116506,116521,15,CASTLE_006_120424_00_.CSV,6,F,Free Chow,CASTLE_006_120424_00_.CSV
116870,117187,317,CASTLE_006_120424_00_.CSV,6,F,Free Chow,CASTLE_006_120424_00_.CSV
117438,117647,209,CASTLE_006_120424_00_.CSV,6,F,Free Chow,CASTLE_006_120424_00_.CSV
118282,118474,192,CASTLE_006_120424_00_.CSV,6,F,Free Chow,CASTLE_006_120424_00_.CSV
118599,118648,49,CASTLE_006_120424_00_.CSV,6,F,Free Chow,CASTLE_006_120424_00_.CSV
119082,119477,395,CASTLE_006_120424_00_.CSV,6,F,Free Chow,CASTLE_006_120424_00_.CSV
119982,120023,41,CASTLE_006_120424_00_.CSV,6,F,Free Chow,CASTLE_006_120424_00_.CSV
120388,120594,206,CASTLE_006_120424_00_.CSV,6,F,Free Chow,CASTLE_006_120424_00_.CSV
121465,121902,437,CASTLE_006_120424_00_.CSV,6,F,Free Chow,CASTLE_006_120424_00_.CSV
122676,122712,36,CASTLE_006_120424_00_.CSV,6,F,Free Chow,CASTLE_006_120424_00_.CSV
122941,122950,9,CASTLE_006_120424_00_.CSV,6,F,Free Chow,CASTLE_006_120424_00_.CSV
123175,123489,314,CASTLE_006_120424_00_.CSV,6,F,Free Chow,CASTLE_006_120424_00_.CSV
123687,123765,78,CASTLE_006_120424_00_.CSV,6,F,Free Chow,CASTLE_006_120424_00_.CSV
124227,124407,180,CASTLE_006_120424_00_.CSV,6,F,Free Chow,CASTLE_006_120424_00_.CSV
124688,124961,273,CASTLE_006_120424_00_.CSV,6,F,Free Chow,CASTLE_006_120424_00_.CSV
125390,125407,17,CASTLE_006_120424_00_.CSV,6,F,Free Chow,CASTLE_006_120424_00_.CSV
126283,126365,82,CASTLE_006_120424_00_.CSV,6,F,Free Chow,CASTLE_006_120424_00_.CSV
135154,135207,53,CASTLE_006_120424_00_.CSV,6,F,Free Chow,CASTLE_006_120424_00_.CSV
135601,135627,26,CASTLE_006_120424_00_.CSV,6,F,Free Chow,CASTLE_006_120424_00_.CSV
135925,136266,341,CASTLE_006_120424_00_.CSV,6,F,Free Chow,CASTLE_006_120424_00_.CSV
137167,137552,385,CASTLE_006_120424_00_.CSV,6,F,Free Chow,CASTLE_006_120424_00_.CSV
137866,137900,34,CASTLE_006_120424_00_.CSV,6,F,Free Chow,CASTLE_006_120424_00_.CSV
66484,66493,9,CASTLE_007_120424_00_.CSV,7,F,Free Chow,CASTLE_007_120424_00_.CSV
67513,67823,310,CASTLE_007_120424_00_.CSV,7,F,Free Chow,CASTLE_007_120424_00_.CSV
77630,77830,200,CASTLE_007_120424_00_.CSV,7,F,Free Chow,CASTLE_007_120424_00_.CSV
78065,78228,163,CASTLE_007_120424_00_.CSV,7,F,Free Chow,CASTLE_007_120424_00_.CSV
79001,79021,20,CASTLE_007_120424_00_.CSV,7,F,Free Chow,CASTLE_007_120424_00_.CSV
88201,88436,235,CASTLE_007_120424_00_.CSV,7,F,Free Chow,CASTLE_007_120424_00_.CSV
88538,88613,75,CASTLE_007_120424_00_.CSV,7,F,Free Chow,CASTLE_007_120424_00_.CSV
89333,89507,174,CASTLE_007_120424_00_.CSV,7,F,Free Chow,CASTLE_007_120424_00_.CSV
90380,90405,25,CASTLE_007_120424_00_.CSV,7,F,Free Chow,CASTLE_007_120424_00_.CSV
97881,97886,5,CASTLE_007_120424_00_.CSV,7,F,Free Chow,CASTLE_007_120424_00_.CSV
98195,98530,335,CASTLE_007_120424_00_.CSV,7,F,Free Chow,CASTLE_007_120424_00_.CSV
99014,99057,43,CASTLE_007_120424_00_.CSV,7,F,Free Chow,CASTLE_007_120424_00_.CSV
99283,99508,225,CASTLE_007_120424_00_.CSV,7,F,Free Chow,CASTLE_007_120424_00_.CSV
99807,100011,204,CASTLE_007_120424_00_.CSV,7,F,Free Chow,CASTLE_007_120424_00_.CSV
100421,100578,157,CASTLE_007_120424_00_.CSV,7,F,Free Chow,CASTLE_007_120424_00_.CSV
100712,100870,158,CASTLE_007_120424_00_.CSV,7,F,Free Chow,CASTLE_007_120424_00_.CSV
100965,100971,6,CASTLE_007_120424_00_.CSV,7,F,Free Chow,CASTLE_007_120424_00_.CSV
102221,102585,364,CASTLE_007_120424_00_.CSV,7,F,Free Chow,CASTLE_007_120424_00_.CSV
102935,102941,6,CASTLE_007_120424_00_.CSV,7,F,Free Chow,CASTLE_007_120424_00_.CSV
103189,103784,595,CASTLE_007_120424_00_.CSV,7,F,Free Chow,CASTLE_007_120424_00_.CSV
103933,104072,139,CASTLE_007_120424_00_.CSV,7,F,Free Chow,CASTLE_007_120424_00_.CSV
104219,104247,28,CASTLE_007_120424_00_.CSV,7,F,Free Chow,CASTLE_007_120424_00_.CSV
104352,104547,195,CASTLE_007_120424_00_.CSV,7,F,Free Chow,CASTLE_007_120424_00_.CSV
104831,104875,44,CASTLE_007_120424_00_.CSV,7,F,Free Chow,CASTLE_007_120424_00_.CSV
105579,105598,19,CASTLE_007_120424_00_.CSV,7,F,Free Chow,CASTLE_007_120424_00_.CSV
106470,106485,15,CASTLE_007_120424_00_.CSV,7,F,Free Chow,CASTLE_007_120424_00_.CSV
106653,106921,268,CASTLE_007_120424_00_.CSV,7,F,Free Chow,CASTLE_007_120424_00_.CSV
107003,107106,103,CASTLE_007_120424_00_.CSV,7,F,Free Chow,CASTLE_007_120424_00_.CSV
107243,107249,6,CASTLE_007_120424_00_.CSV,7,F,Free Chow,CASTLE_007_120424_00_.CSV
107429,107470,41,CASTLE_007_120424_00_.CSV,7,F,Free Chow,CASTLE_007_120424_00_.CSV
112654,112701,47,CASTLE_007_120424_00_.CSV,7,F,Free Chow,CASTLE_007_120424_00_.CSV
112815,113054,239,CASTLE_007_120424_00_.CSV,7,F,Free Chow,CASTLE_007_120424_00_.CSV
113333,113548,215,CASTLE_007_120424_00_.CSV,7,F,Free Chow,CASTLE_007_120424_00_.CSV
113897,114315,418,CASTLE_007_120424_00_.CSV,7,F,Free Chow,CASTLE_007_120424_00_.CSV
114396,114425,29,CASTLE_007_120424_00_.CSV,7,F,Free Chow,CASTLE_007_120424_00_.CSV
114969,115262,293,CASTLE_007_120424_00_.CSV,7,F,Free Chow,CASTLE_007_120424_00_.CSV
115509,115573,64,CASTLE_007_120424_00_.CSV,7,F,Free Chow,CASTLE_007_120424_00_.CSV
115902,115956,54,CASTLE_007_120424_00_.CSV,7,F,Free Chow,CASTLE_007_120424_00_.CSV
116369,116384,15,CASTLE_007_120424_00_.CSV,7,F,Free Chow,CASTLE_007_120424_00_.CSV
116491,116661,170,CASTLE_007_120424_00_.CSV,7,F,Free Chow,CASTLE_007_120424_00_.CSV
116921,117052,131,CASTLE_007_120424_00_.CSV,7,F,Free Chow,CASTLE_007_120424_00_.CSV
117716,118065,349,CASTLE_007_120424_00_.CSV,7,F,Free Chow,CASTLE_007_120424_00_.CSV
118204,118264,60,CASTLE_007_120424_00_.CSV,7,F,Free Chow,CASTLE_007_120424_00_.CSV
118771,118975,204,CASTLE_007_120424_00_.CSV,7,F,Free Chow,CASTLE_007_120424_00_.CSV
119040,119341,301,CASTLE_007_120424_00_.CSV,7,F,Free Chow,CASTLE_007_120424_00_.CSV
120534,120578,44,CASTLE_007_120424_00_.CSV,7,F,Free Chow,CASTLE_007_120424_00_.CSV
120818,120953,135,CASTLE_007_120424_00_.CSV,7,F,Free Chow,CASTLE_007_120424_00_.CSV
121126,121149,23,CASTLE_007_120424_00_.CSV,7,F,Free Chow,CASTLE_007_120424_00_.CSV
121250,121267,17,CASTLE_007_120424_00_.CSV,7,F,Free Chow,CASTLE_007_120424_00_.CSV
121786,121870,84,CASTLE_007_120424_00_.CSV,7,F,Free Chow,CASTLE_007_120424_00_.CSV
121975,122094,119,CASTLE_007_120424_00_.CSV,7,F,Free Chow,CASTLE_007_120424_00_.CSV
122171,122207,36,CASTLE_007_120424_00_.CSV,7,F,Free Chow,CASTLE_007_120424_00_.CSV
122487,122527,40,CASTLE_007_120424_00_.CSV,7,F,Free Chow,CASTLE_007_120424_00_.CSV
122600,122764,164,CASTLE_007_120424_00_.CSV,7,F,Free Chow,CASTLE_007_120424_00_.CSV
123703,123758,55,CASTLE_007_120424_00_.CSV,7,F,Free Chow,CASTLE_007_120424_00_.CSV
123910,124087,177,CASTLE_007_120424_00_.CSV,7,F,Free Chow,CASTLE_007_120424_00_.CSV
130765,130920,155,CASTLE_007_120424_00_.CSV,7,F,Free Chow,CASTLE_007_120424_00_.CSV
131762,131776,14,CASTLE_007_120424_00_.CSV,7,F,Free Chow,CASTLE_007_120424_00_.CSV
131866,132059,193,CASTLE_007_120424_00_.CSV,7,F,Free Chow,CASTLE_007_120424_00_.CSV
132304,132323,19,CASTLE_007_120424_00_.CSV,7,F,Free Chow,CASTLE_007_120424_00_.CSV
132533,132698,165,CASTLE_007_120424_00_.CSV,7,F,Free Chow,CASTLE_007_120424_00_.CSV
132882,133023,141,CASTLE_007_120424_00_.CSV,7,F,Free Chow,CASTLE_007_120424_00_.CSV
133110,133398,288,CASTLE_007_120424_00_.CSV,7,F,Free Chow,CASTLE_007_120424_00_.CSV
133762,133826,64,CASTLE_007_120424_00_.CSV,7,F,Free Chow,CASTLE_007_120424_00_.CSV
133987,134103,116,CASTLE_007_120424_00_.CSV,7,F,Free Chow,CASTLE_007_120424_00_.CSV
134469,134664,195,CASTLE_007_120424_00_.CSV,7,F,Free Chow,CASTLE_007_120424_00_.CSV
134750,134820,70,CASTLE_007_120424_00_.CSV,7,F,Free Chow,CASTLE_007_120424_00_.CSV
146549,146602,53,CASTLE_007_120424_00_.CSV,7,F,Free Chow,CASTLE_007_120424_00_.CSV
147288,147334,46,CASTLE_007_120424_00_.CSV,7,F,Free Chow,CASTLE_007_120424_00_.CSV
78859,78983,124,CASTLE_001_120724_00_.CSV,1,M,Free HFD,CASTLE_001_120724_00_.CSV
79050,79113,63,CASTLE_001_120724_00_.CSV,1,M,Free HFD,CASTLE_001_120724_00_.CSV
82285,82395,110,CASTLE_001_120724_00_.CSV,1,M,Free HFD,CASTLE_001_120724_00_.CSV
87530,87618,88,CASTLE_001_120724_00_.CSV,1,M,Free HFD,CASTLE_001_120724_00_.CSV
89117,89245,128,CASTLE_001_120724_00_.CSV,1,M,Free HFD,CASTLE_001_120724_00_.CSV
92930,93173,243,CASTLE_001_120724_00_.CSV,1,M,Free HFD,CASTLE_001_120724_00_.CSV
94464,94529,65,CASTLE_001_120724_00_.CSV,1,M,Free HFD,CASTLE_001_120724_00_.CSV
100348,100406,58,CASTLE_001_120724_00_.CSV,1,M,Free HFD,CASTLE_001_120724_00_.CSV
102118,102169,51,CASTLE_001_120724_00_.CSV,1,M,Free HFD,CASTLE_001_120724_00_.CSV
103092,103103,11,CASTLE_001_120724_00_.CSV,1,M,Free HFD,CASTLE_001_120724_00_.CSV
103613,103620,7,CASTLE_001_120724_00_.CSV,1,M,Free HFD,CASTLE_001_120724_00_.CSV
104032,104077,45,CASTLE_001_120724_00_.CSV,1,M,Free HFD,CASTLE_001_120724_00_.CSV
105296,105361,65,CASTLE_001_120724_00_.CSV,1,M,Free HFD,CASTLE_001_120724_00_.CSV
105500,105508,8,CASTLE_001_120724_00_.CSV,1,M,Free HFD,CASTLE_001_120724_00_.CSV
106182,106230,48,CASTLE_001_120724_00_.CSV,1,M,Free HFD,CASTLE_001_120724_00_.CSV
107924,107971,47,CASTLE_001_120724_00_.CSV,1,M,Free HFD,CASTLE_001_120724_00_.CSV
108116,108317,201,CASTLE_001_120724_00_.CSV,1,M,Free HFD,CASTLE_001_120724_00_.CSV
108554,108580,26,CASTLE_001_120724_00_.CSV,1,M,Free HFD,CASTLE_001_120724_00_.CSV
109996,110008,12,CASTLE_001_120724_00_.CSV,1,M,Free HFD,CASTLE_001_120724_00_.CSV
110268,110346,78,CASTLE_001_120724_00_.CSV,1,M,Free HFD,CASTLE_001_120724_00_.CSV
110586,110737,151,CASTLE_001_120724_00_.CSV,1,M,Free HFD,CASTLE_001_120724_00_.CSV
111541,111546,5,CASTLE_001_120724_00_.CSV,1,M,Free HFD,CASTLE_001_120724_00_.CSV
113268,113300,32,CASTLE_001_120724_00_.CSV,1,M,Free HFD,CASTLE_001_120724_00_.CSV
114938,115110,172,CASTLE_001_120724_00_.CSV,1,M,Free HFD,CASTLE_001_120724_00_.CSV
116770,116876,106,CASTLE_001_120724_00_.CSV,1,M,Free HFD,CASTLE_001_120724_00_.CSV
118828,118917,89,CASTLE_001_120724_00_.CSV,1,M,Free HFD,CASTLE_001_120724_00_.CSV
120920,121057,137,CASTLE_001_120724_00_.CSV,1,M,Free HFD,CASTLE_001_120724_00_.CSV
123474,123573,99,CASTLE_001_120724_00_.CSV,1,M,Free HFD,CASTLE_001_120724_00_.CSV
127762,127824,62,CASTLE_001_120724_00_.CSV,1,M,Free HFD,CASTLE_001_120724_00_.CSV
131028,131095,67,CASTLE_001_120724_00_.CSV,1,M,Free HFD,CASTLE_001_120724_00_.CSV
131759,131764,5,CASTLE_001_120724_00_.CSV,1,M,Free HFD,CASTLE_001_120724_00_.CSV
134075,134174,99,CASTLE_001_120724_00_.CSV,1,M,Free HFD,CASTLE_001_120724_00_.CSV
134376,134407,31,CASTLE_001_120724_00_.CSV,1,M,Free HFD,CASTLE_001_120724_00_.CSV
136621,136805,184,CASTLE_001_120724_00_.CSV,1,M,Free HFD,CASTLE_001_120724_00_.CSV
139450,139535,85,CASTLE_001_120724_00_.CSV,1,M,Free HFD,CASTLE_001_120724_00_.CSV
139802,139918,116,CASTLE_001_120724_00_.CSV,1,M,Free HFD,CASTLE_001_120724_00_.CSV
140155,140172,17,CASTLE_001_120724_00_.CSV,1,M,Free HFD,CASTLE_001_120724_00_.CSV
140264,140277,13,CASTLE_001_120724_00_.CSV,1,M,Free HFD,CASTLE_001_120724_00_.CSV
140689,140760,71,CASTLE_001_120724_00_.CSV,1,M,Free HFD,CASTLE_001_120724_00_.CSV
146081,146253,172,CASTLE_001_120724_00_.CSV,1,M,Free HFD,CASTLE_001_120724_00_.CSV
152699,152810,111,CASTLE_001_120724_00_.CSV,1,M,Free HFD,CASTLE_001_120724_00_.CSV
155592,155622,30,CASTLE_001_120724_00_.CSV,1,M,Free HFD,CASTLE_001_120724_00_.CSV
159504,159662,158,CASTLE_001_120724_00_.CSV,1,M,Free HFD,CASTLE_001_120724_00_.CSV
78401,78488,87,CASTLE_002_120724_00_.CSV,2,M,Free HFD,CASTLE_002_120724_00_.CSV
80717,80787,70,CASTLE_002_120724_00_.CSV,2,M,Free HFD,CASTLE_002_120724_00_.CSV
83562,83718,156,CASTLE_002_120724_00_.CSV,2,M,Free HFD,CASTLE_002_120724_00_.CSV
89001,89047,46,CASTLE_002_120724_00_.CSV,2,M,Free HFD,CASTLE_002_120724_00_.CSV
89805,89829,24,CASTLE_002_120724_00_.CSV,2,M,Free HFD,CASTLE_002_120724_00_.CSV
91702,91938,236,CASTLE_002_120724_00_.CSV,2,M,Free HFD,CASTLE_002_120724_00_.CSV
94517,94632,115,CASTLE_002_120724_00_.CSV,2,M,Free HFD,CASTLE_002_120724_00_.CSV
98296,98458,162,CASTLE_002_120724_00_.CSV,2,M,Free HFD,CASTLE_002_120724_00_.CSV
100358,100440,82,CASTLE_002_120724_00_.CSV,2,M,Free HFD,CASTLE_002_120724_00_.CSV
105045,105091,46,CASTLE_002_120724_00_.CSV,2,M,Free HFD,CASTLE_002_120724_00_.CSV
106309,106331,22,CASTLE_002_120724_00_.CSV,2,M,Free HFD,CASTLE_002_120724_00_.CSV
108764,108785,21,CASTLE_002_120724_00_.CSV,2,M,Free HFD,CASTLE_002_120724_00_.CSV
110765,110865,100,CASTLE_002_120724_00_.CSV,2,M,Free HFD,CASTLE_002_120724_00_.CSV
113734,113843,109,CASTLE_002_120724_00_.CSV,2,M,Free HFD,CASTLE_002_120724_00_.CSV
114832,114917,85,CASTLE_002_120724_00_.CSV,2,M,Free HFD,CASTLE_002_120724_00_.CSV
116157,116167,10,CASTLE_002_120724_00_.CSV,2,M,Free HFD,CASTLE_002_120724_00_.CSV
118456,118528,72,CASTLE_002_120724_00_.CSV,2,M,Free HFD,CASTLE_002_120724_00_.CSV
122820,122870,50,CASTLE_002_120724_00_.CSV,2,M,Free HFD,CASTLE_002_120724_00_.CSV
124482,124525,43,CASTLE_002_120724_00_.CSV,2,M,Free HFD,CASTLE_002_120724_00_.CSV
125901,125956,55,CASTLE_002_120724_00_.CSV,2,M,Free HFD,CASTLE_002_120724_00_.CSV
128716,128793,77,CASTLE_002_120724_00_.CSV,2,M,Free HFD,CASTLE_002_120724_00_.CSV
136507,136524,17,CASTLE_002_120724_00_.CSV,2,M,Free HFD,CASTLE_002_120724_00_.CSV
138448,138490,42,CASTLE_002_120724_00_.CSV,2,M,Free HFD,CASTLE_002_120724_00_.CSV
139248,139264,16,CASTLE_002_120724_00_.CSV,2,M,Free HFD,CASTLE_002_120724_00_.CSV
141241,141248,7,CASTLE_002_120724_00_.CSV,2,M,Free HFD,CASTLE_002_120724_00_.CSV
143468,143524,56,CASTLE_002_120724_00_.CSV,2,M,Free HFD,CASTLE_002_120724_00_.CSV
147686,147718,32,CASTLE_002_120724_00_.CSV,2,M,Free HFD,CASTLE_002_120724_00_.CSV
154175,154336,161,CASTLE_002_120724_00_.CSV,2,M,Free HFD,CASTLE_002_120724_00_.CSV
159711,159760,49,CASTLE_002_120724_00_.CSV,2,M,Free HFD,CASTLE_002_120724_00_.CSV
163172,163185,13,CASTLE_002_120724_00_.CSV,2,M,Free HFD,CASTLE_002_120724_00_.CSV
79445,79559,114,CASTLE_003_120724_00_.CSV,3,M,Free HFD,CASTLE_003_120724_00_.CSV
86881,87172,291,CASTLE_003_120724_00_.CSV,3,M,Free HFD,CASTLE_003_120724_00_.CSV
89043,89097,54,CASTLE_003_120724_00_.CSV,3,M,Free HFD,CASTLE_003_120724_00_.CSV
89679,89722,43,CASTLE_003_120724_00_.CSV,3,M,Free HFD,CASTLE_003_120724_00_.CSV
102476,102509,33,CASTLE_003_120724_00_.CSV,3,M,Free HFD,CASTLE_003_120724_00_.CSV
103413,103459,46,CASTLE_003_120724_00_.CSV,3,M,Free HFD,CASTLE_003_120724_00_.CSV
110223,110345,122,CASTLE_003_120724_00_.CSV,3,M,Free HFD,CASTLE_003_120724_00_.CSV
110594,110677,83,CASTLE_003_120724_00_.CSV,3,M,Free HFD,CASTLE_003_120724_00_.CSV
113832,113904,72,CASTLE_003_120724_00_.CSV,3,M,Free HFD,CASTLE_003_120724_00_.CSV
114374,114468,94,CASTLE_003_120724_00_.CSV,3,M,Free HFD,CASTLE_003_120724_00_.CSV
116927,117136,209,CASTLE_003_120724_00_.CSV,3,M,Free HFD,CASTLE_003_120724_00_.CSV
121022,121035,13,CASTLE_003_120724_00_.CSV,3,M,Free HFD,CASTLE_003_120724_00_.CSV
121253,121298,45,CASTLE_003_120724_00_.CSV,3,M,Free HFD,CASTLE_003_120724_00_.CSV
124483,124507,24,CASTLE_003_120724_00_.CSV,3,M,Free HFD,CASTLE_003_120724_00_.CSV
124686,124755,69,CASTLE_003_120724_00_.CSV,3,M,Free HFD,CASTLE_003_120724_00_.CSV
125089,125176,87,CASTLE_003_120724_00_.CSV,3,M,Free HFD,CASTLE_003_120724_00_.CSV
125339,125386,47,CASTLE_003_120724_00_.CSV,3,M,Free HFD,CASTLE_003_120724_00_.CSV
125453,125471,18,CASTLE_003_120724_00_.CSV,3,M,Free HFD,CASTLE_003_120724_00_.CSV
130497,130566,69,CASTLE_003_120724_00_.CSV,3,M,Free HFD,CASTLE_003_120724_00_.CSV
134258,134294,36,CASTLE_003_120724_00_.CSV,3,M,Free HFD,CASTLE_003_120724_00_.CSV
136455,136530,75,CASTLE_003_120724_00_.CSV,3,M,Free HFD,CASTLE_003_120724_00_.CSV
136825,136849,24,CASTLE_003_120724_00_.CSV,3,M,Free HFD,CASTLE_003_120724_00_.CSV
137778,137799,21,CASTLE_003_120724_00_.CSV,3,M,Free HFD,CASTLE_003_120724_00_.CSV
139402,139548,146,CASTLE_003_120724_00_.CSV,3,M,Free HFD,CASTLE_003_120724_00_.CSV
140893,140902,9,CASTLE_003_120724_00_.CSV,3,M,Free HFD,CASTLE_003_120724_00_.CSV
141005,141020,15,CASTLE_003_120724_00_.CSV,3,M,Free HFD,CASTLE_003_120724_00_.CSV
146814,146914,100,CASTLE_003_120724_00_.CSV,3,M,Free HFD,CASTLE_003_120724_00_.CSV
148486,148526,40,CASTLE_003_120724_00_.CSV,3,M,Free HFD,CASTLE_003_120724_00_.CSV
153691,153747,56,CASTLE_003_120724_00_.CSV,3,M,Free HFD,CASTLE_003_120724_00_.CSV
153823,153861,38,CASTLE_003_120724_00_.CSV,3,M,Free HFD,CASTLE_003_120724_00_.CSV
153959,153969,10,CASTLE_003_120724_00_.CSV,3,M,Free HFD,CASTLE_003_120724_00_.CSV
156680,156728,48,CASTLE_003_120724_00_.CSV,3,M,Free HFD,CASTLE_003_120724_00_.CSV
162735,162806,71,CASTLE_003_120724_00_.CSV,3,M,Free HFD,CASTLE_003_120724_00_.CSV
80209,80286,77,CASTLE_004_120724_00_.CSV,4,M,Free HFD,CASTLE_004_120724_00_.CSV
80600,80640,40,CASTLE_004_120724_00_.CSV,4,M,Free HFD,CASTLE_004_120724_00_.CSV
84076,84141,65,CASTLE_004_120724_00_.CSV,4,M,Free HFD,CASTLE_004_120724_00_.CSV
86815,86850,35,CASTLE_004_120724_00_.CSV,4,M,Free HFD,CASTLE_004_120724_00_.CSV
88845,88926,81,CASTLE_004_120724_00_.CSV,4,M,Free HFD,CASTLE_004_120724_00_.CSV
92682,92738,56,CASTLE_004_120724_00_.CSV,4,M,Free HFD,CASTLE_004_120724_00_.CSV
95506,95553,47,CASTLE_004_120724_00_.CSV,4,M,Free HFD,CASTLE_004_120724_00_.CSV
97119,97236,117,CASTLE_004_120724_00_.CSV,4,M,Free HFD,CASTLE_004_120724_00_.CSV
99850,99916,66,CASTLE_004_120724_00_.CSV,4,M,Free HFD,CASTLE_004_120724_00_.CSV
100845,100904,59,CASTLE_004_120724_00_.CSV,4,M,Free HFD,CASTLE_004_120724_00_.CSV
101690,101771,81,CASTLE_004_120724_00_.CSV,4,M,Free HFD,CASTLE_004_120724_00_.CSV
105105,105186,81,CASTLE_004_120724_00_.CSV,4,M,Free HFD,CASTLE_004_120724_00_.CSV
105940,106051,111,CASTLE_004_120724_00_.CSV,4,M,Free HFD,CASTLE_004_120724_00_.CSV
107777,107820,43,CASTLE_004_120724_00_.CSV,4,M,Free HFD,CASTLE_004_120724_00_.CSV
109765,109819,54,CASTLE_004_120724_00_.CSV,4,M,Free HFD,CASTLE_004_120724_00_.CSV
112720,112775,55,CASTLE_004_120724_00_.CSV,4,M,Free HFD,CASTLE_004_120724_00_.CSV
114904,114926,22,CASTLE_004_120724_00_.CSV,4,M,Free HFD,CASTLE_004_120724_00_.CSV
115253,115312,59,CASTLE_004_120724_00_.CSV,4,M,Free HFD,CASTLE_004_120724_00_.CSV
115421,115443,22,CASTLE_004_120724_00_.CSV,4,M,Free HFD,CASTLE_004_120724_00_.CSV
117046,117125,79,CASTLE_004_120724_00_.CSV,4,M,Free HFD,CASTLE_004_120724_00_.CSV
119603,119657,54,CASTLE_004_120724_00_.CSV,4,M,Free HFD,CASTLE_004_120724_00_.CSV
122381,122523,142,CASTLE_004_120724_00_.CSV,4,M,Free HFD,CASTLE_004_120724_00_.CSV
128093,128171,78,CASTLE_004_120724_00_.CSV,4,M,Free HFD,CASTLE_004_120724_00_.CSV
128717,128723,6,CASTLE_004_120724_00_.CSV,4,M,Free HFD,CASTLE_004_120724_00_.CSV
129745,129788,43,CASTLE_004_120724_00_.CSV,4,M,Free HFD,CASTLE_004_120724_00_.CSV
132024,132163,139,CASTLE_004_120724_00_.CSV,4,M,Free HFD,CASTLE_004_120724_00_.CSV
136071,136136,65,CASTLE_004_120724_00_.CSV,4,M,Free HFD,CASTLE_004_120724_00_.CSV
139009,139018,9,CASTLE_004_120724_00_.CSV,4,M,Free HFD,CASTLE_004_120724_00_.CSV
139124,139173,49,CASTLE_004_120724_00_.CSV,4,M,Free HFD,CASTLE_004_120724_00_.CSV
141458,141538,80,CASTLE_004_120724_00_.CSV,4,M,Free HFD,CASTLE_004_120724_00_.CSV
143341,143416,75,CASTLE_004_120724_00_.CSV,4,M,Free HFD,CASTLE_004_120724_00_.CSV
144775,144814,39,CASTLE_004_120724_00_.CSV,4,M,Free HFD,CASTLE_004_120724_00_.CSV
151876,152001,125,CASTLE_004_120724_00_.CSV,4,M,Free HFD,CASTLE_004_120724_00_.CSV
154742,154768,26,CASTLE_004_120724_00_.CSV,4,M,Free HFD,CASTLE_004_120724_00_.CSV
159971,160004,33,CASTLE_004_120724_00_.CSV,4,M,Free HFD,CASTLE_004_120724_00_.CSV
79745,79829,84,CASTLE_005_120724_00_.CSV,5,F,Free HFD,CASTLE_005_120724_00_.CSV
82751,82774,23,CASTLE_005_120724_00_.CSV,5,F,Free HFD,CASTLE_005_120724_00_.CSV
83396,83497,101,CASTLE_005_120724_00_.CSV,5,F,Free HFD,CASTLE_005_120724_00_.CSV
86872,86943,71,CASTLE_005_120724_00_.CSV,5,F,Free HFD,CASTLE_005_120724_00_.CSV
88951,88999,48,CASTLE_005_120724_00_.CSV,5,F,Free HFD,CASTLE_005_120724_00_.CSV
92888,92969,81,CASTLE_005_120724_00_.CSV,5,F,Free HFD,CASTLE_005_120724_00_.CSV
93286,93379,93,CASTLE_005_120724_00_.CSV,5,F,Free HFD,CASTLE_005_120724_00_.CSV
96734,96868,134,CASTLE_005_120724_00_.CSV,5,F,Free HFD,CASTLE_005_120724_00_.CSV
98409,98452,43,CASTLE_005_120724_00_.CSV,5,F,Free HFD,CASTLE_005_120724_00_.CSV
98663,98694,31,CASTLE_005_120724_00_.CSV,5,F,Free HFD,CASTLE_005_120724_00_.CSV
100540,100564,24,CASTLE_005_120724_00_.CSV,5,F,Free HFD,CASTLE_005_120724_00_.CSV
101456,101491,35,CASTLE_005_120724_00_.CSV,5,F,Free HFD,CASTLE_005_120724_00_.CSV
102633,102737,104,CASTLE_005_120724_00_.CSV,5,F,Free HFD,CASTLE_005_120724_00_.CSV
106017,106064,47,CASTLE_005_120724_00_.CSV,5,F,Free HFD,CASTLE_005_120724_00_.CSV
106260,106300,40,CASTLE_005_120724_00_.CSV,5,F,Free HFD,CASTLE_005_120724_00_.CSV
106977,107167,190,CASTLE_005_120724_00_.CSV,5,F,Free HFD,CASTLE_005_120724_00_.CSV
107509,107625,116,CASTLE_005_120724_00_.CSV,5,F,Free HFD,CASTLE_005_120724_00_.CSV
109879,109963,84,CASTLE_005_120724_00_.CSV,5,F,Free HFD,CASTLE_005_120724_00_.CSV
110209,110292,83,CASTLE_005_120724_00_.CSV,5,F,Free HFD,CASTLE_005_120724_00_.CSV
110572,110662,90,CASTLE_005_120724_00_.CSV,5,F,Free HFD,CASTLE_005_120724_00_.CSV
113830,113888,58,CASTLE_005_120724_00_.CSV,5,F,Free HFD,CASTLE_005_120724_00_.CSV
113972,114029,57,CASTLE_005_120724_00_.CSV,5,F,Free HFD,CASTLE_005_120724_00_.CSV
114358,114387,29,CASTLE_005_120724_00_.CSV,5,F,Free HFD,CASTLE_005_120724_00_.CSV
114585,114590,5,CASTLE_005_120724_00_.CSV,5,F,Free HFD,CASTLE_005_120724_00_.CSV
116192,116318,126,CASTLE_005_120724_00_.CSV,5,F,Free HFD,CASTLE_005_120724_00_.CSV
118305,118313,8,CASTLE_005_120724_00_.CSV,5,F,Free HFD,CASTLE_005_120724_00_.CSV
119777,119838,61,CASTLE_005_120724_00_.CSV,5,F,Free HFD,CASTLE_005_120724_00_.CSV
120302,120385,83,CASTLE_005_120724_00_.CSV,5,F,Free HFD,CASTLE_005_120724_00_.CSV
122141,122171,30,CASTLE_005_120724_00_.CSV,5,F,Free HFD,CASTLE_005_120724_00_.CSV
123251,123336,85,CASTLE_005_120724_00_.CSV,5,F,Free HFD,CASTLE_005_120724_00_.CSV
128363,128444,81,CASTLE_005_120724_00_.CSV,5,F,Free HFD,CASTLE_005_120724_00_.CSV
128936,129028,92,CASTLE_005_120724_00_.CSV,5,F,Free HFD,CASTLE_005_120724_00_.CSV
129950,129985,35,CASTLE_005_120724_00_.CSV,5,F,Free HFD,CASTLE_005_120724_00_.CSV
131565,131609,44,CASTLE_005_120724_00_.CSV,5,F,Free HFD,CASTLE_005_120724_00_.CSV
131951,131983,32,CASTLE_005_120724_00_.CSV,5,F,Free HFD,CASTLE_005_120724_00_.CSV
135536,135736,200,CASTLE_005_120724_00_.CSV,5,F,Free HFD,CASTLE_005_120724_00_.CSV
139610,139643,33,CASTLE_005_120724_00_.CSV,5,F,Free HFD,CASTLE_005_120724_00_.CSV
140566,140593,27,CASTLE_005_120724_00_.CSV,5,F,Free HFD,CASTLE_005_120724_00_.CSV
140685,140701,16,CASTLE_005_120724_00_.CSV,5,F,Free HFD,CASTLE_005_120724_00_.CSV
143520,143552,32,CASTLE_005_120724_00_.CSV,5,F,Free HFD,CASTLE_005_120724_00_.CSV
148243,148279,36,CASTLE_005_120724_00_.CSV,5,F,Free HFD,CASTLE_005_120724_00_.CSV
148909,148939,30,CASTLE_005_120724_00_.CSV,5,F,Free HFD,CASTLE_005_120724_00_.CSV
151786,151916,130,CASTLE_005_120724_00_.CSV,5,F,Free HFD,CASTLE_005_120724_00_.CSV
156901,157034,133,CASTLE_005_120724_00_.CSV,5,F,Free HFD,CASTLE_005_120724_00_.CSV
162317,162446,129,CASTLE_005_120724_00_.CSV,5,F,Free HFD,CASTLE_005_120724_00_.CSV
80893,81012,119,CASTLE_006_120724_00_.CSV,6,F,Free HFD,CASTLE_006_120724_00_.CSV
84490,84713,223,CASTLE_006_120724_00_.CSV,6,F,Free HFD,CASTLE_006_120724_00_.CSV
87049,87181,132,CASTLE_006_120724_00_.CSV,6,F,Free HFD,CASTLE_006_120724_00_.CSV
89104,89300,196,CASTLE_006_120724_00_.CSV,6,F,Free HFD,CASTLE_006_120724_00_.CSV
91382,91510,128,CASTLE_006_120724_00_.CSV,6,F,Free HFD,CASTLE_006_120724_00_.CSV
94155,94431,276,CASTLE_006_120724_00_.CSV,6,F,Free HFD,CASTLE_006_120724_00_.CSV
95064,95234,170,CASTLE_006_120724_00_.CSV,6,F,Free HFD,CASTLE_006_120724_00_.CSV
98316,98415,99,CASTLE_006_120724_00_.CSV,6,F,Free HFD,CASTLE_006_120724_00_.CSV
99339,99393,54,CASTLE_006_120724_00_.CSV,6,F,Free HFD,CASTLE_006_120724_00_.CSV
99491,99529,38,CASTLE_006_120724_00_.CSV,6,F,Free HFD,CASTLE_006_120724_00_.CSV
99652,99671,19,CASTLE_006_120724_00_.CSV,6,F,Free HFD,CASTLE_006_120724_00_.CSV
99952,100121,169,CASTLE_006_120724_00_.CSV,6,F,Free HFD,CASTLE_006_120724_00_.CSV
101476,101496,20,CASTLE_006_120724_00_.CSV,6,F,Free HFD,CASTLE_006_120724_00_.CSV
101780,101904,124,CASTLE_006_120724_00_.CSV,6,F,Free HFD,CASTLE_006_120724_00_.CSV
102718,102756,38,CASTLE_006_120724_00_.CSV,6,F,Free HFD,CASTLE_006_120724_00_.CSV
103194,103260,66,CASTLE_006_120724_00_.CSV,6,F,Free HFD,CASTLE_006_120724_00_.CSV
104263,104364,101,CASTLE_006_120724_00_.CSV,6,F,Free HFD,CASTLE_006_120724_00_.CSV
105410,105422,12,CASTLE_006_120724_00_.CSV,6,F,Free HFD,CASTLE_006_120724_00_.CSV
105512,105560,48,CASTLE_006_120724_00_.CSV,6,F,Free HFD,CASTLE_006_120724_00_.CSV
106350,106557,207,CASTLE_006_120724_00_.CSV,6,F,Free HFD,CASTLE_006_120724_00_.CSV
108937,109028,91,CASTLE_006_120724_00_.CSV,6,F,Free HFD,CASTLE_006_120724_00_.CSV
110860,110918,58,CASTLE_006_120724_00_.CSV,6,F,Free HFD,CASTLE_006_120724_00_.CSV
111801,111824,23,CASTLE_006_120724_00_.CSV,6,F,Free HFD,CASTLE_006_120724_00_.CSV
113006,113030,24,CASTLE_006_120724_00_.CSV,6,F,Free HFD,CASTLE_006_120724_00_.CSV
113098,113114,16,CASTLE_006_120724_00_.CSV,6,F,Free HFD,CASTLE_006_120724_00_.CSV
113217,113222,5,CASTLE_006_120724_00_.CSV,6,F,Free HFD,CASTLE_006_120724_00_.CSV
113828,114113,285,CASTLE_006_120724_00_.CSV,6,F,Free HFD,CASTLE_006_120724_00_.CSV
115227,115234,7,CASTLE_006_120724_00_.CSV,6,F,Free HFD,CASTLE_006_120724_00_.CSV
115982,115992,10,CASTLE_006_120724_00_.CSV,6,F,Free HFD,CASTLE_006_120724_00_.CSV
116624,116632,8,CASTLE_006_120724_00_.CSV,6,F,Free HFD,CASTLE_006_120724_00_.CSV
117721,117737,16,CASTLE_006_120724_00_.CSV,6,F,Free HFD,CASTLE_006_120724_00_.CSV
118316,118557,241,CASTLE_006_120724_00_.CSV,6,F,Free HFD,CASTLE_006_120724_00_.CSV
118946,118965,19,CASTLE_006_120724_00_.CSV,6,F,Free HFD,CASTLE_006_120724_00_.CSV
119791,119871,80,CASTLE_006_120724_00_.CSV,6,F,Free HFD,CASTLE_006_120724_00_.CSV
120062,120083,21,CASTLE_006_120724_00_.CSV,6,F,Free HFD,CASTLE_006_120724_00_.CSV
122410,122480,70,CASTLE_006_120724_00_.CSV,6,F,Free HFD,CASTLE_006_120724_00_.CSV
125384,125447,63,CASTLE_006_120724_00_.CSV,6,F,Free HFD,CASTLE_006_120724_00_.CSV
126599,126613,14,CASTLE_006_120724_00_.CSV,6,F,Free HFD,CASTLE_006_120724_00_.CSV
128471,128596,125,CASTLE_006_120724_00_.CSV,6,F,Free HFD,CASTLE_006_120724_00_.CSV
129058,129256,198,CASTLE_006_120724_00_.CSV,6,F,Free HFD,CASTLE_006_120724_00_.CSV
131012,131185,173,CASTLE_006_120724_00_.CSV,6,F,Free HFD,CASTLE_006_120724_00_.CSV
131868,131906,38,CASTLE_006_120724_00_.CSV,6,F,Free HFD,CASTLE_006_120724_00_.CSV
135115,135162,47,CASTLE_006_120724_00_.CSV,6,F,Free HFD,CASTLE_006_120724_00_.CSV
135359,135366,7,CASTLE_006_120724_00_.CSV,6,F,Free HFD,CASTLE_006_120724_00_.CSV
137496,137561,65,CASTLE_006_120724_00_.CSV,6,F,Free HFD,CASTLE_006_120724_00_.CSV
137650,137696,46,CASTLE_006_120724_00_.CSV,6,F,Free HFD,CASTLE_006_120724_00_.CSV
143748,143850,102,CASTLE_006_120724_00_.CSV,6,F,Free HFD,CASTLE_006_120724_00_.CSV
148808,148836,28,CASTLE_006_120724_00_.CSV,6,F,Free HFD,CASTLE_006_120724_00_.CSV
153019,153070,51,CASTLE_006_120724_00_.CSV,6,F,Free HFD,CASTLE_006_120724_00_.CSV
153653,153799,146,CASTLE_006_120724_00_.CSV,6,F,Free HFD,CASTLE_006_120724_00_.CSV
156145,156231,86,CASTLE_006_120724_00_.CSV,6,F,Free HFD,CASTLE_006_120724_00_.CSV
160465,160563,98,CASTLE_006_120724_00_.CSV,6,F,Free HFD,CASTLE_006_120724_00_.CSV
81711,81811,100,CASTLE_007_120724_00_.CSV,7,F,Free HFD,CASTLE_007_120724_00_.CSV
82235,82244,9,CASTLE_007_120724_00_.CSV,7,F,Free HFD,CASTLE_007_120724_00_.CSV
88990,89193,203,CASTLE_007_120724_00_.CSV,7,F,Free HFD,CASTLE_007_120724_00_.CSV
89363,89403,40,CASTLE_007_120724_00_.CSV,7,F,Free HFD,CASTLE_007_120724_00_.CSV
92044,92246,202,CASTLE_007_120724_00_.CSV,7,F,Free HFD,CASTLE_007_120724_00_.CSV
94183,94384,201,CASTLE_007_120724_00_.CSV,7,F,Free HFD,CASTLE_007_120724_00_.CSV
97868,97954,86,CASTLE_007_120724_00_.CSV,7,F,Free HFD,CASTLE_007_120724_00_.CSV
99927,100050,123,CASTLE_007_120724_00_.CSV,7,F,Free HFD,CASTLE_007_120724_00_.CSV
101874,102012,138,CASTLE_007_120724_00_.CSV,7,F,Free HFD,CASTLE_007_120724_00_.CSV
102165,102218,53,CASTLE_007_120724_00_.CSV,7,F,Free HFD,CASTLE_007_120724_00_.CSV
102515,102577,62,CASTLE_007_120724_00_.CSV,7,F,Free HFD,CASTLE_007_120724_00_.CSV
104348,104375,27,CASTLE_007_120724_00_.CSV,7,F,Free HFD,CASTLE_007_120724_00_.CSV
104675,104707,32,CASTLE_007_120724_00_.CSV,7,F,Free HFD,CASTLE_007_120724_00_.CSV
105120,105190,70,CASTLE_007_120724_00_.CSV,7,F,Free HFD,CASTLE_007_120724_00_.CSV
105291,105368,77,CASTLE_007_120724_00_.CSV,7,F,Free HFD,CASTLE_007_120724_00_.CSV
106080,106088,8,CASTLE_007_120724_00_.CSV,7,F,Free HFD,CASTLE_007_120724_00_.CSV
107012,107136,124,CASTLE_007_120724_00_.CSV,7,F,Free HFD,CASTLE_007_120724_00_.CSV
107564,107573,9,CASTLE_007_120724_00_.CSV,7,F,Free HFD,CASTLE_007_120724_00_.CSV
108012,108020,8,CASTLE_007_120724_00_.CSV,7,F,Free HFD,CASTLE_007_120724_00_.CSV
108183,108377,194,CASTLE_007_120724_00_.CSV,7,F,Free HFD,CASTLE_007_120724_00_.CSV
108566,108619,53,CASTLE_007_120724_00_.CSV,7,F,Free HFD,CASTLE_007_120724_00_.CSV
109142,109172,30,CASTLE_007_120724_00_.CSV,7,F,Free HFD,CASTLE_007_120724_00_.CSV
110698,110735,37,CASTLE_007_120724_00_.CSV,7,F,Free HFD,CASTLE_007_120724_00_.CSV
112250,112311,61,CASTLE_007_120724_00_.CSV,7,F,Free HFD,CASTLE_007_120724_00_.CSV
113381,113406,25,CASTLE_007_120724_00_.CSV,7,F,Free HFD,CASTLE_007_120724_00_.CSV
114822,114941,119,CASTLE_007_120724_00_.CSV,7,F,Free HFD,CASTLE_007_120724_00_.CSV
116563,116575,12,CASTLE_007_120724_00_.CSV,7,F,Free HFD,CASTLE_007_120724_00_.CSV
116637,116691,54,CASTLE_007_120724_00_.CSV,7,F,Free HFD,CASTLE_007_120724_00_.CSV
117095,117151,56,CASTLE_007_120724_00_.CSV,7,F,Free HFD,CASTLE_007_120724_00_.CSV
118736,118831,95,CASTLE_007_120724_00_.CSV,7,F,Free HFD,CASTLE_007_120724_00_.CSV
119232,119271,39,CASTLE_007_120724_00_.CSV,7,F,Free HFD,CASTLE_007_120724_00_.CSV
119438,119454,16,CASTLE_007_120724_00_.CSV,7,F,Free HFD,CASTLE_007_120724_00_.CSV
119939,119973,34,CASTLE_007_120724_00_.CSV,7,F,Free HFD,CASTLE_007_120724_00_.CSV
120575,120584,9,CASTLE_007_120724_00_.CSV,7,F,Free HFD,CASTLE_007_120724_00_.CSV
123553,123565,12,CASTLE_007_120724_00_.CSV,7,F,Free HFD,CASTLE_007_120724_00_.CSV
125410,125504,94,CASTLE_007_120724_00_.CSV,7,F,Free HFD,CASTLE_007_120724_00_.CSV
125802,125851,49,CASTLE_007_120724_00_.CSV,7,F,Free HFD,CASTLE_007_120724_00_.CSV
126443,126473,30,CASTLE_007_120724_00_.CSV,7,F,Free HFD,CASTLE_007_120724_00_.CSV
126711,126894,183,CASTLE_007_120724_00_.CSV,7,F,Free HFD,CASTLE_007_120724_00_.CSV
127429,127442,13,CASTLE_007_120724_00_.CSV,7,F,Free HFD,CASTLE_007_120724_00_.CSV
128387,128413,26,CASTLE_007_120724_00_.CSV,7,F,Free HFD,CASTLE_007_120724_00_.CSV
128856,128894,38,CASTLE_007_120724_00_.CSV,7,F,Free HFD,CASTLE_007_120724_00_.CSV
129157,129167,10,CASTLE_007_120724_00_.CSV,7,F,Free HFD,CASTLE_007_120724_00_.CSV
130664,130730,66,CASTLE_007_120724_00_.CSV,7,F,Free HFD,CASTLE_007_120724_00_.CSV
133848,133860,12,CASTLE_007_120724_00_.CSV,7,F,Free HFD,CASTLE_007_120724_00_.CSV
133964,133977,13,CASTLE_007_120724_00_.CSV,7,F,Free HFD,CASTLE_007_120724_00_.CSV
134057,134062,5,CASTLE_007_120724_00_.CSV,7,F,Free HFD,CASTLE_007_120724_00_.CSV
134427,134446,19,CASTLE_007_120724_00_.CSV,7,F,Free HFD,CASTLE_007_120724_00_.CSV
135570,135658,88,CASTLE_007_120724_00_.CSV,7,F,Free HFD,CASTLE_007_120724_00_.CSV
135920,135931,11,CASTLE_007_120724_00_.CSV,7,F,Free HFD,CASTLE_007_120724_00_.CSV
137558,137571,13,CASTLE_007_120724_00_.CSV,7,F,Free HFD,CASTLE_007_120724_00_.CSV
137682,137770,88,CASTLE_007_120724_00_.CSV,7,F,Free HFD,CASTLE_007_120724_00_.CSV
138411,138419,8,CASTLE_007_120724_00_.CSV,7,F,Free HFD,CASTLE_007_120724_00_.CSV
138813,138882,69,CASTLE_007_120724_00_.CSV,7,F,Free HFD,CASTLE_007_120724_00_.CSV
142907,142993,86,CASTLE_007_120724_00_.CSV,7,F,Free HFD,CASTLE_007_120724_00_.CSV
149258,149269,11,CASTLE_007_120724_00_.CSV,7,F,Free HFD,CASTLE_007_120724_00_.CSV
152425,152601,176,CASTLE_007_120724_00_.CSV,7,F,Free HFD,CASTLE_007_120724_00_.CSV
154162,154269,107,CASTLE_007_120724_00_.CSV,7,F,Free HFD,CASTLE_007_120724_00_.CSV
156696,156752,56,CASTLE_007_120724_00_.CSV,7,F,Free HFD,CASTLE_007_120724_00_.CSV
159745,159846,101,CASTLE_007_120724_00_.CSV,7,F,Free HFD,CASTLE_007_120724_00_.CSV
164134,164196,62,CASTLE_007_120724_00_.CSV,7,F,Free HFD,CASTLE_007_120724_00_.CSV
