Sex,ID,Lab,Task,Filename,Duration_Hours,Pellet_Count,Retrieval_Time,Pellets per Hour
M,81,Kravitz,Free,FED4FF.csv,23.010833333333334,210,0.0,9.126136240176727
M,85,Kravitz,Free,FED8FF.csv,23.14472222222222,181,0.0,7.820357412897109
F,76,Kravitz,Free,FED10FF.csv,23.978055555555557,166,80.0,6.92299672153937
M,82,Kravitz,Free,FED5FF.csv,23.64361111111111,182,9.0,7.697639719445
M,83,Kravitz,Free,FED6FF.csv,23.935277777777777,270,17.0,11.280420578643797
M,79,Kravitz,Free,FED2FF.csv,23.900555555555556,187,13.0,7.8240859115315775
M,84,Kravitz,Free,FED7FF.csv,23.774166666666666,260,7.0,10.936240316870553
F,77,Kravitz,Free,FED11FF.csv,23.606944444444444,171,38.0,7.243631229040419
F,78,Kravitz,Free,FED9FF.csv,23.598055555555554,197,13.0,8.348145445128484
M,80,Kravitz,Free,FED3FF.csv,23.09,179,16.0,7.752273711563447
F,78,Kravitz,FR1,FED9FR1.csv,23.473333333333333,213,2.0,9.07412666856007
M,83,Kravitz,FR1,FED6FR1.csv,23.586388888888887,147,5.0,6.232408050782585
M,82,Kravitz,FR1,FED5FR1.csv,23.539444444444445,154,115.0,6.542210474145052
F,76,Kravitz,FR1,FED10FR1.csv,23.719444444444445,195,1.0,8.221103173673733
M,85,Kravitz,FR1,FED8FR1.csv,23.64138888888889,183,2.0,7.740661974644279
M,80,Kravitz,FR1,FED3FR1.csv,23.55,136,32.0,5.774946921443736
M,81,Kravitz,FR1,FED4FR1.csv,23.760277777777777,224,6.0,9.427499210867811
M,84,Kravitz,FR1,FED7FR1.csv,23.7125,174,0.0,7.337901950448076
F,77,Kravitz,FR1,FED11FR1.csv,23.995555555555555,212,1.0,8.83496943878496
M,79,Kravitz,FR1,FED2FR1.csv,23.6,128,0.0,5.423728813559322
M,35,Klappenbach,Free,FED156FF.CSV,23.78388888888889,256,16.69,10.76358879727173
M,36,Klappenbach,Free,FED157FF.CSV,23.9775,282,6.98,11.761025961839225
F,24,Klappenbach,Free,FED139FF.CSV,23.32027777777778,236,10.68,10.119948066179886
F,30,Klappenbach,Free,FED152FF.CSV,23.913333333333334,229,15.30,9.576247560635629
M,37,Klappenbach,Free,FED158FF.CSV,23.865833333333335,258,8.16,10.810433325185935
F,25,Klappenbach,Free,FED140FF.CSV,23.621388888888887,221,16.63,9.355927419829015
M,33,Klappenbach,Free,FED137FF.CSV,23.85,291,9.09,12.20125786163522
F,29,Klappenbach,Free,FED150FF.CSV,23.79277777777778,227,Timed_out,9.540710299577368
M,38,Klappenbach,Free,FED159FF.CSV,23.735,234,6.12,9.858858226248158
M,32,Klappenbach,Free,FED136FF.CSV,23.635555555555555,256,7.71,10.831139526137646
F,28,Klappenbach,Free,FED147FF.CSV,23.9375,218,8.77,9.10704960835509
F,26,Klappenbach,Free,FED141FF.CSV,23.8675,205,8.23,8.589085576620928
M,31,Klappenbach,Free,FED129FF.CSV,23.961666666666666,222,13.52,9.264797941156013
M,34,Klappenbach,Free,FED138FF.CSV,23.158055555555556,200,16.10,8.636303662032649
F,27,Klappenbach,Free,FED146FF.CSV,22.95111111111111,221,7.25,9.629163439194423
M,33,Klappenbach,FR1,FED137FR1.CSV,23.59111111111111,248,0.85,10.512434061793519
F,25,Klappenbach,FR1,FED140FR1.CSV,23.92222222222222,216,0.59,9.029261495587553
M,37,Klappenbach,FR1,FED158FR1.CSV,23.982222222222223,204,0.46,8.506300963676797
F,27,Klappenbach,FR1,FED146FR1.CSV,23.4175,217,0.52,9.266574143268922
F,26,Klappenbach,FR1,FED141FR1.CSV,23.906944444444445,210,0.39,8.784058560390402
M,35,Klappenbach,FR1,FED156FR1.CSV,23.97361111111111,223,0.26,9.301894444122588
M,34,Klappenbach,FR1,FED138FR1.CSV,23.727777777777778,201,1.05,8.47108405525638
M,38,Klappenbach,FR1,FED159FR1.CSV,23.75,224,0.59,9.43157894736842
F,28,Klappenbach,FR1,FED147FR1.CSV,23.95888888888889,263,0.46,10.977136762046097
F,24,Klappenbach,FR1,FED139FR1.CSV,23.601666666666667,223,,9.448485276463527
F,29,Klappenbach,FR1,FED150FR1.CSV,23.664166666666667,232,0.59,9.803852519632356
F,30,Klappenbach,FR1,FED152FR1.CSV,23.91777777777778,276,,11.539533587289789
M,36,Klappenbach,FR1,FED157FR1.CSV,23.892777777777777,227,0.85,9.500778942962773
M,31,Klappenbach,FR1,FED129FR1.CSV,23.363888888888887,173,1.11,7.4045892283913926
M,32,Klappenbach,FR1,FED136FR1.CSV,23.50638888888889,233,,9.912198811197902
M,63,Fobbs,Free,FED01603292302.CSV,19.916944444444443,98,0.06,4.920433466757786
F,50,Fobbs,Free,FED001032923.CSV,23.139166666666668,225,Timed_out,9.723772823855656
F,52,Fobbs,Free,FED00303292300.CSV,22.794444444444444,239,Timed_out,10.485010967584694
F,57,Fobbs,Free,FED01503292302.CSV,13.212222222222222,105,0.06,7.947186948112018
M,59,Fobbs,Free,FED00603292301.CSV,23.68722222222222,330,13.37,13.931561789056454
M,66,Fobbs,Free,FED01903292300.CSV,23.093333333333334,322,Timed_out,13.943418013856812
F,54,Fobbs,Free,FED012concat.csv,22.4775,327,12.08,14.547881214547882
M,60,Fobbs,Free,FED00703292300.CSV,23.160555555555554,329,Timed_out,14.205186020293123
M,67,Fobbs,Free,FED02003292301.CSV,23.98,364,13.13,15.17931609674729
F,55,Fobbs,Free,FED01303292300.CSV,19.884166666666665,227,,11.41611835212271
M,65,Fobbs,Free,FED01803292300.CSV,22.015833333333333,256,Timed_out,11.627995003595897
F,53,Fobbs,Free,FED01103292302.CSV,22.899444444444445,341,Timed_out,14.891190955627259
M,64,Fobbs,Free,FED01703292300.CSV,22.54722222222222,308,,13.660219292842184
F,51,Fobbs,Free,FED00203292301.CSV,22.93861111111111,235,6.12,10.244735344336938
F,58,Fobbs,Free,FED02403292303.CSV,14.1275,187,0.42,13.23659529286852
M,62,Fobbs,Free,FED01003292300.CSV,23.281388888888888,269,18.91,11.554293486690609
M,61,Fobbs,Free,FED00803292302.CSV,22.966666666666665,303,3.85,13.193033381712628
F,56,Fobbs,Free,FED01403292302.CSV,23.737222222222222,168,Timed_out,7.077491983991387
M,65,Fobbs,FR1,FED018FR1Concat.csv,23.99888888888889,143,,5.9586091948701325
F,58,Fobbs,FR1,FED024FR1Concat.csv,23.93166666666667,213,11.37,8.900341249390625
M,62,Fobbs,FR1,FED010FR1Concat.csv,23.978055555555557,147,1.53,6.130605530519804
F,55,Fobbs,FR1,FED013FR1Concat.csv,23.988888888888887,180,,7.503473830477073
M,67,Fobbs,FR1,FED020FR1Concat.csv,23.933055555555555,115,,4.8050696967235
M,60,Fobbs,FR1,FED007FR1Concat.csv,22.8025,188,8.35,8.24471000986734
M,61,Fobbs,FR1,FED008FR1Concat.csv,23.976111111111113,152,,6.339643626758115
F,57,Fobbs,FR1,FED015FR1Concat.csv,23.891666666666666,137,1.83,5.734216951517266
M,63,Fobbs,FR1,FED016FR1Concat.csv,23.996666666666666,128,,5.334074176969024
F,53,Fobbs,FR1,FED011FR1Concat.csv,23.692777777777778,155,,6.542077989073088
F,51,Fobbs,FR1,FED002FR1Concat.csv,23.974722222222223,130,,5.4223777358097065
M,59,Fobbs,FR1,FED006FR1Concat.csv,23.94611111111111,158,0.06,6.598148620745656
F,52,Fobbs,FR1,FED003FR1Concat.csv,23.503333333333334,191,,8.126506878456956
M,64,Fobbs,FR1,FED017FR1Concat.csv,23.99888888888889,173,0.36,7.208667067919811
F,54,Fobbs,FR1,FED012FR1Concat.csv,23.49361111111111,166,,7.065750736015702
F,50,Fobbs,FR1,FED001FR1Concat.csv,23.922777777777778,179,17.82,7.482408676064188
M,66,Fobbs,FR1,FED019FR1Concat.csv,18.565555555555555,71,1.22,3.8242863127655755
F,56,Fobbs,FR1,FED014FR1Concat.csv,23.057222222222222,133,,5.768257716309664
M,45,Westbrook,Free,HAL35FF.CSV,24.0,192,Timed_out,8.0
M,40,Westbrook,Free,HAL24FF.CSV,23.92888888888889,245,Timed_out,10.238670133729569
M,47,Westbrook,Free,HAL4FF.CSV,23.857222222222223,238,Timed_out,9.976014717183242
M,39,Westbrook,Free,HAL17FF.csv,23.58,349,11.41,14.800678541136557
M,49,Westbrook,Free,HAL6FF.CSV,23.935277777777777,222,18.69,9.275012475773789
M,46,Westbrook,Free,HAL41FF.CSV,23.66583333333333,242,0.06,10.225712172963837
M,42,Westbrook,Free,HAL31FF.CSV,23.989722222222223,230,3.75,9.587439065340481
M,43,Westbrook,Free,HAL32FF.CSV,23.979444444444443,238,9.22,9.925167388735723
M,48,Westbrook,Free,HAL5FF.CSV,23.751666666666665,288,Timed_out,12.125464879657569
M,41,Westbrook,Free,HAL25FF.CSV,23.75861111111111,240,12.99,10.101600589260034
M,44,Westbrook,Free,HAL33FF.CSV,23.91638888888889,201,13.65,8.404278795340248
M,47,Westbrook,FR1,HAL4FR1.CSV,23.945555555555554,216,0.26,9.020463087559742
M,40,Westbrook,FR1,HAL24FR1.CSV,23.90361111111111,179,2.83,7.48840830650878
M,42,Westbrook,FR1,HAL31FR1.CSV,23.422777777777778,165,0.32,7.044424942482389
M,39,Westbrook,FR1,HAL17FR1.CSV,23.886666666666667,280,0.19,11.722020653084007
M,49,Westbrook,FR1,HAL6FR1.CSV,23.7175,134,0.65,5.64983661853062
M,41,Westbrook,FR1,HAL25FR1.CSV,23.830277777777777,214,0.79,8.980172283159845
M,48,Westbrook,FR1,HAL5FR1.CSV,23.775833333333335,235,23.57,9.883985839963549
M,43,Westbrook,FR1,HAL32FR1.CSV,23.110277777777778,223,0.59,9.649386396144092
M,45,Westbrook,FR1,HAL35FR1.CSV,23.875,149,,6.2408376963350785
M,44,Westbrook,FR1,HAL33FR1.CSV,23.72222222222222,157,0.59,6.618266978922716
M,46,Westbrook,FR1,HAL41FR1.CSV,23.89638888888889,182,,7.61621351436177
F,107,Ames,FR1,WT17F.csv,23.30527777777778,229,0.18,9.826100430279265
M,111,Ames,FR1,WT16M.csv,23.645555555555557,207,0.24,8.75428786241248
M,110,Ames,FR1,WT14M.csv,23.16611111111111,191,0.44,8.244802033621909
F,106,Ames,FR1,WT11F.csv,23.5475,240,0.36,10.192164773330502
M,112,Ames,FR1,WT7M.csv,23.611944444444443,165,0.61,6.9879886592237925
F,108,Ames,FR1,WT7F.csv,23.371666666666666,166,0.36,7.102617129002353
M,109,Ames,FR1,WT13M.csv,23.589444444444446,184,0.19,7.800098914297826
F,108,Ames,Free,WT7F.csv,23.8675,183,4.22,7.667330051325024
F,107,Ames,Free,WT17F.csv,23.190555555555555,132,25.65,5.691972306734064
M,109,Ames,Free,WT13M.csv,22.808055555555555,242,15.8,10.610286326712053
F,106,Ames,Free,WT11F.csv,23.315833333333334,199,11.39,8.534972658064977
M,111,Ames,Free,WT16M.csv,23.1725,199,7.83,8.587765670514619
M,110,Ames,Free,WT14M.csv,23.96388888888889,221,28.22,9.222209342761099
M,112,Ames,Free,WT7M.csv,22.6675,225,1.58,9.926105657880225
F,15,Creed,FR1,FED000032523concat.csv,23.845277777777778,152,0.55,6.374427734352248
M,20,Creed,FR1,FED003030623Concat.csv,23.77166666666667,185,0.36,7.782373974619644
M,21,Creed,FR1,FED003052023.CSV,23.84111111111111,161,0.61,6.753040965652235
M,19,Creed,FR1,FED002052023.CSV,23.91777777777778,165,,6.898634209792808
F,18,Creed,FR1,FED006FR1Concat.csv,23.94472222222222,185,0.55,7.726128467187156
F,16,Creed,FR1,FED00103252301.CSV,23.8325,129,0.85,5.412776670512955
M,22,Creed,FR1,FED004030623.CSV,23.546388888888888,202,1.34,8.578810150176366
F,17,Creed,FR1,FED002032523.CSV,23.99972222222222,169,0.49,7.041748168381579
M,23,Creed,FR1,FED005030823Concat.csv,23.941111111111113,222,1.53,9.272752587367151
F,16,Creed,Free,FED00103242302.CSV,23.325277777777778,201,Timed_out,8.61726072096319
F,18,Creed,Free,FED00605282302.CSV,22.83222222222222,261,11.83,11.431213197722517
F,15,Creed,Free,FED00003242302.CSV,23.134722222222223,235,0.06,10.157891577114727
F,17,Creed,Free,FED00203242302.CSV,23.49222222222222,196,Timed_out,8.343186870358984
M,23,Creed,Free,FED005030723.CSV,21.69638888888889,263,0.06,12.121832870293314
M,19,Creed,Free,FED002051923.CSV,18.020833333333332,226,14.66,12.541040462427747
M,21,Creed,Free,FED003051923.CSV,18.759722222222223,232,7.35,12.36692085585252
M,20,Creed,Free,FED003030523.CSV,18.510833333333334,255,8.45,13.775716922522847
M,22,Creed,Free,FED004030523.CSV,21.16583333333333,268,4.40,12.661915823457617
F,89,Maloney,FR1,G5Female.CSV,23.864722222222223,157,,6.578748268597302
F,86,Maloney,FR1,G1Female.CSV,23.698333333333334,145,0.36,6.118573739362824
F,88,Maloney,FR1,G4Female.CSV,23.997222222222224,168,0.61,7.000810278967473
F,87,Maloney,FR1,G2Female.CSV,22.94611111111111,178,,7.7573057647144275
M,90,Maloney,FR1,D1Male.CSV,23.829166666666666,188,0.06,7.889491169784928
M,93,Maloney,FR1,D4Male.CSV,23.80027777777778,215,,9.033508012278102
M,91,Maloney,FR1,D2Male.CSV,23.960555555555555,178,0.18,7.428876162211042
M,92,Maloney,FR1,D3Male.CSV,22.654722222222222,171,4.72,7.548095197224027
F,89,Maloney,Free,G5Female.CSV,21.610833333333332,271,Timed_out,12.540006940963252
F,87,Maloney,Free,G2Female.CSV,21.191388888888888,323,0.06,15.24204013684804
F,88,Maloney,Free,G4Female.CSV,21.620555555555555,277,Timed_out,12.81188169694478
M,92,Maloney,Free,D3Male.CSV,21.518333333333334,243,,11.292696150569281
M,91,Maloney,Free,D2Male.CSV,20.91722222222222,303,0.18,14.48567103131391
M,93,Maloney,Free,D4Male.CSV,21.48777777777778,318,,14.799110605512176
F,86,Maloney,Free,G1Female.CSV,21.559166666666666,246,37.74,11.410459587955627
M,90,Maloney,Free,D1Male.CSV,21.463333333333335,257,Timed_out,11.973908992079515
M,75,FobbsWUSTL,FR1,FED004FR1Concat.csv,22.963333333333335,93,1.1,4.049934678472928
F,70,FobbsWUSTL,FR1,FED007FR1Concat.csv,23.37611111111111,151,0.66,6.459585997100554
M,74,FobbsWUSTL,FR1,FED003FR1Concat.csv,23.61111111111111,137,0.6,5.802352941176471
F,71,FobbsWUSTL,FR1,FED008FR1Concat.csv,22.86277777777778,108,0.35,4.723835443345564
M,73,FobbsWUSTL,FR1,FED002FR1Concat.csv,22.928055555555556,162,0.79,7.065579530172884
M,72,FobbsWUSTL,FR1,FED001FR1Concat.csv,23.987222222222222,164,1.23,6.836973388609676
F,68,FobbsWUSTL,FR1,FED005FR1Concat.csv,22.476666666666667,117,0.85,5.2053981907162985
M,72,FobbsWUSTL,Free,FED00107082204.CSV,23.98111111111111,201,Timed_out,8.381596626974934
M,73,FobbsWUSTL,Free,FED00207082206.CSV,23.340555555555557,169,2.56,7.240615999809582
F,68,FobbsWUSTL,Free,FED00507082203.CSV,23.749166666666667,225,5.85,9.474016632162531
F,70,FobbsWUSTL,Free,FED00707082206.CSV,23.99111111111111,233,Timed_out,9.711930344572064
M,75,FobbsWUSTL,Free,FED00407082218.CSV,19.986666666666668,142,Timed_out,7.104736490993996
M,74,FobbsWUSTL,Free,FED00307082207.CSV,23.769444444444446,219,,9.21350940750263
F,71,FobbsWUSTL,Free,FED00807082205.CSV,23.981944444444444,199,Timed_out,8.297909306770139
M,8,Andrews,Free,fed00602022201.csv,23.69972222222222,140,,5.907242232093672
M,12,Andrews,Free,fed01402032200.csv,23.368055555555557,254,,10.869539375928676
M,13,Andrews,Free,fed01502032200.csv,23.932777777777776,263,,10.989113024907729
M,1,Andrews,Free,fed01902022210.csv,23.462777777777777,250,Timed_out,10.655174863258589
M,2,Andrews,Free,fed02402032200.csv,23.52638888888889,207,Timed_out,8.798630379597379
M,4,Andrews,Free,fed09902032200.csv,23.74972222222222,180,,7.579036012117101
M,7,Andrews,Free,fed00502032200.csv,22.703055555555554,209,,9.205809301244326
M,6,Andrews,Free,fed00402032200.csv,23.77,191,,8.035338662179218
M,10,Andrews,Free,fed00902032200.csv,23.666666666666668,215,,9.08450704225352
M,3,Andrews,Free,fed02702032200.csv,22.675555555555555,174,Timed_out,7.673461387691102
M,5,Andrews,Free,fed00202032200.csv,22.836944444444445,218,Timed_out,9.54593555763687
M,11,Andrews,Free,fed01302032200.csv,22.64388888888889,158,,6.977600039255134
M,14,Andrews,Free,fed01802032200.csv,22.914166666666667,272,,11.870385860275666
M,9,Andrews,Free,fed00802032200.csv,23.954722222222223,186,,7.764648584714218
M,9,Andrews,FR1,fed00804262204.csv,23.976388888888888,135,,5.630539303713144
M,13,Andrews,FR1,fed01504262201.csv,23.872222222222224,87,0.06,3.6444030719106353
M,4,Andrews,FR1,fed09904262202.csv,23.9775,111,0.31,4.629340006255865
M,5,Andrews,FR1,fed00204262201.csv,22.48361111111111,175,3.37,7.783447202283145
M,6,Andrews,FR1,fed00404262201.csv,19.827222222222222,109,1.10,5.497492224494943
M,7,Andrews,FR1,fed00504262201.csv,23.825277777777778,71,,2.9800282146646304
M,1,Andrews,FR1,fed01904262201.csv,23.434166666666666,148,0.06,6.315564880338537
M,14,Andrews,FR1,fed01804262201.csv,23.989166666666666,149,0.18,6.211136971549658
M,2,Andrews,FR1,fed02404262201.csv,23.32,150,0.18,6.432246998284734
M,12,Andrews,FR1,fed01404262202.csv,22.216666666666665,146,11.98,6.571642910727682
M,3,Andrews,FR1,fed02704262201.csv,23.92527777777778,123,0.42,5.141006141807247
M,11,Andrews,FR1,fed01304262201.csv,22.185555555555556,175,0.24,7.888015225121451
M,10,Andrews,FR1,fed00904262201.csv,23.290277777777778,110,0.18,4.723000775240026
M,8,Andrews,FR1,fed00604262201.csv,20.678055555555556,96,0.25,4.642602866699803
M,99,McCutcheon,FR1,FED00605102202.CSV,23.508333333333333,145,0.27,6.168025522864233
M,94,McCutcheon,FR1,FED00105102204.CSV,23.525277777777777,159,0.47,6.7586874638391325
M,98,McCutcheon,FR1,FED00505102203.CSV,22.770555555555557,153,0.06,6.719203649937785
M,96,McCutcheon,FR1,FED00305102203.CSV,23.601666666666667,148,0.34,6.270743591554269
M,95,McCutcheon,FR1,FED00205102202.CSV,23.965,192,0.81,8.011683705403714
M,97,McCutcheon,FR1,FED00405102204.CSV,23.95888888888889,142,,5.926819088253026
M,94,McCutcheon,Free,FED00105032200.CSV,23.97833333333333,220,7.63,9.174949607284354
M,95,McCutcheon,Free,FED00205032200.CSV,22.886666666666667,195,,8.520244683949898
M,96,McCutcheon,Free,FED00305032200.CSV,23.806944444444444,215,8.26,9.030978355988566
M,97,McCutcheon,Free,FED00405032200.CSV,23.729444444444443,205,,8.639056025097746
M,98,McCutcheon,Free,FED00505032200.CSV,23.59638888888889,221,7.85,9.365839876628957
M,99,McCutcheon,Free,FED00605032200.CSV,23.694166666666668,195,6.62,8.229873738261878
