Hour,Filename,Total_Pellets,Task
0,FED001_072424_00.CSV,7,Free Timeout
0,FED002_072424_01.CSV,5,Free Timeout
0,FED003_072424_00.CSV,0.5,Free Timeout
0,FED004_072424_00.CSV,4.5,Free Timeout
0,FED005_072424_01.CSV,0,Free Timeout
0,FED006_072424_00.CSV,5,Free Timeout
0,FED007_072424_01.CSV,4,Free Timeout
0,FED008_072424_01.CSV,3,Free Timeout
0,FED009_072424_00.CSV,6.5,Free Timeout
0,FED001_072224_00.CSV,15.5,Free
0,FED002_072224_00.CSV,0.5,Free
0,FED003_072224_00.CSV,0,Free
0,FED004_072224_00.CSV,5.5,Free
0,FED005_072224_00.CSV,3.5,Free
0,FED006_072224_00.CSV,10,Free
0,FED007_072124_00.CSV,5,Free
0,FED008_072224_00.CSV,6,Free
0,FED009_072224_00.CSV,19,Free
0,FED001_FR1concat.csv,4,FR1
0,FED002_FR1concat.csv,0.5,FR1
0,FED003_FR1concat.csv,2,FR1
0,FED004_FR1concat.csv,3.5,FR1
0,FED005_FR1concat.csv,5.5,FR1
0,FED006_FR1concat.csv,1,FR1
0,FED007_FR1concat.csv,2.5,FR1
0,FED008_FR1concat.csv,6.5,FR1
0,FED009_FR1concat.csv,8.5,FR1
1,FED001_072424_00.CSV,2,Free Timeout
1,FED002_072424_01.CSV,5.5,Free Timeout
1,FED003_072424_00.CSV,3.5,Free Timeout
1,FED004_072424_00.CSV,0,Free Timeout
1,FED005_072424_01.CSV,1,Free Timeout
1,FED006_072424_00.CSV,3.5,Free Timeout
1,FED007_072424_01.CSV,2,Free Timeout
1,FED008_072424_01.CSV,7,Free Timeout
1,FED009_072424_00.CSV,3.5,Free Timeout
1,FED001_072224_00.CSV,0,Free
1,FED002_072224_00.CSV,3.5,Free
1,FED003_072224_00.CSV,4,Free
1,FED004_072224_00.CSV,0,Free
1,FED005_072224_00.CSV,6,Free
1,FED006_072224_00.CSV,0,Free
1,FED007_072124_00.CSV,0,Free
1,FED008_072224_00.CSV,6.5,Free
1,FED009_072224_00.CSV,0,Free
1,FED001_FR1concat.csv,0,FR1
1,FED002_FR1concat.csv,5.5,FR1
1,FED003_FR1concat.csv,2.5,FR1
1,FED004_FR1concat.csv,0,FR1
1,FED005_FR1concat.csv,1.5,FR1
1,FED006_FR1concat.csv,2,FR1
1,FED007_FR1concat.csv,0,FR1
1,FED008_FR1concat.csv,0,FR1
1,FED009_FR1concat.csv,1,FR1
2,FED001_072424_00.CSV,13.5,Free Timeout
2,FED002_072424_01.CSV,3.5,Free Timeout
2,FED003_072424_00.CSV,7,Free Timeout
2,FED004_072424_00.CSV,2,Free Timeout
2,FED005_072424_01.CSV,0.5,Free Timeout
2,FED006_072424_00.CSV,2.5,Free Timeout
2,FED007_072424_01.CSV,4.5,Free Timeout
2,FED008_072424_01.CSV,6.5,Free Timeout
2,FED009_072424_00.CSV,3.5,Free Timeout
2,FED001_072224_00.CSV,0,Free
2,FED002_072224_00.CSV,4,Free
2,FED003_072224_00.CSV,12.5,Free
2,FED004_072224_00.CSV,3.5,Free
2,FED005_072224_00.CSV,2.5,Free
2,FED006_072224_00.CSV,6,Free
2,FED007_072124_00.CSV,0,Free
2,FED008_072224_00.CSV,6,Free
2,FED009_072224_00.CSV,4.5,Free
2,FED001_FR1concat.csv,0,FR1
2,FED002_FR1concat.csv,1.5,FR1
2,FED003_FR1concat.csv,2,FR1
2,FED004_FR1concat.csv,0,FR1
2,FED005_FR1concat.csv,2,FR1
2,FED006_FR1concat.csv,3.5,FR1
2,FED007_FR1concat.csv,0,FR1
2,FED008_FR1concat.csv,3,FR1
2,FED009_FR1concat.csv,0,FR1
3,FED001_072424_00.CSV,2.5,Free Timeout
3,FED002_072424_01.CSV,0,Free Timeout
3,FED003_072424_00.CSV,1.5,Free Timeout
3,FED004_072424_00.CSV,4.5,Free Timeout
3,FED005_072424_01.CSV,3.5,Free Timeout
3,FED006_072424_00.CSV,4.5,Free Timeout
3,FED007_072424_01.CSV,4,Free Timeout
3,FED008_072424_01.CSV,3.5,Free Timeout
3,FED009_072424_00.CSV,2,Free Timeout
3,FED001_072224_00.CSV,14.5,Free
3,FED002_072224_00.CSV,2,Free
3,FED003_072224_00.CSV,2,Free
3,FED004_072224_00.CSV,0,Free
3,FED005_072224_00.CSV,8.5,Free
3,FED006_072224_00.CSV,8.5,Free
3,FED007_072124_00.CSV,1.5,Free
3,FED008_072224_00.CSV,4.5,Free
3,FED009_072224_00.CSV,6,Free
3,FED001_FR1concat.csv,1.5,FR1
3,FED002_FR1concat.csv,1,FR1
3,FED003_FR1concat.csv,1.5,FR1
3,FED004_FR1concat.csv,2.5,FR1
3,FED005_FR1concat.csv,0,FR1
3,FED006_FR1concat.csv,0,FR1
3,FED007_FR1concat.csv,2.5,FR1
3,FED008_FR1concat.csv,0.5,FR1
3,FED009_FR1concat.csv,3.5,FR1
4,FED001_072424_00.CSV,2,Free Timeout
4,FED002_072424_01.CSV,0.5,Free Timeout
4,FED003_072424_00.CSV,3.5,Free Timeout
4,FED004_072424_00.CSV,0.5,Free Timeout
4,FED005_072424_01.CSV,1,Free Timeout
4,FED006_072424_00.CSV,0,Free Timeout
4,FED007_072424_01.CSV,2.5,Free Timeout
4,FED008_072424_01.CSV,6,Free Timeout
4,FED009_072424_00.CSV,5,Free Timeout
4,FED001_072224_00.CSV,4.5,Free
4,FED002_072224_00.CSV,0.5,Free
4,FED003_072224_00.CSV,8,Free
4,FED004_072224_00.CSV,4,Free
4,FED005_072224_00.CSV,0,Free
4,FED006_072224_00.CSV,7.5,Free
4,FED007_072124_00.CSV,5,Free
4,FED008_072224_00.CSV,7,Free
4,FED009_072224_00.CSV,5.5,Free
4,FED001_FR1concat.csv,2.5,FR1
4,FED002_FR1concat.csv,1.5,FR1
4,FED003_FR1concat.csv,2,FR1
4,FED004_FR1concat.csv,2,FR1
4,FED005_FR1concat.csv,1.5,FR1
4,FED006_FR1concat.csv,3.5,FR1
4,FED007_FR1concat.csv,0,FR1
4,FED008_FR1concat.csv,0,FR1
4,FED009_FR1concat.csv,2,FR1
5,FED001_072424_00.CSV,6.5,Free Timeout
5,FED002_072424_01.CSV,0,Free Timeout
5,FED003_072424_00.CSV,0,Free Timeout
5,FED004_072424_00.CSV,0,Free Timeout
5,FED005_072424_01.CSV,2,Free Timeout
5,FED006_072424_00.CSV,0,Free Timeout
5,FED007_072424_01.CSV,4.5,Free Timeout
5,FED008_072424_01.CSV,4.5,Free Timeout
5,FED009_072424_00.CSV,3.5,Free Timeout
5,FED001_072224_00.CSV,3,Free
5,FED002_072224_00.CSV,0.5,Free
5,FED003_072224_00.CSV,7,Free
5,FED004_072224_00.CSV,6,Free
5,FED005_072224_00.CSV,4.5,Free
5,FED006_072224_00.CSV,11,Free
5,FED007_072124_00.CSV,5,Free
5,FED008_072224_00.CSV,4,Free
5,FED009_072224_00.CSV,2.5,Free
5,FED001_FR1concat.csv,2,FR1
5,FED002_FR1concat.csv,2.5,FR1
5,FED003_FR1concat.csv,2.5,FR1
5,FED004_FR1concat.csv,0,FR1
5,FED005_FR1concat.csv,0,FR1
5,FED006_FR1concat.csv,0.5,FR1
5,FED007_FR1concat.csv,2.5,FR1
5,FED008_FR1concat.csv,3,FR1
5,FED009_FR1concat.csv,1.5,FR1
6,FED001_072424_00.CSV,3.5,Free Timeout
6,FED002_072424_01.CSV,7,Free Timeout
6,FED003_072424_00.CSV,5,Free Timeout
6,FED004_072424_00.CSV,2.5,Free Timeout
6,FED005_072424_01.CSV,2,Free Timeout
6,FED006_072424_00.CSV,9,Free Timeout
6,FED007_072424_01.CSV,0.5,Free Timeout
6,FED008_072424_01.CSV,3,Free Timeout
6,FED009_072424_00.CSV,4,Free Timeout
6,FED001_072224_00.CSV,3.5,Free
6,FED002_072224_00.CSV,4.5,Free
6,FED003_072224_00.CSV,5,Free
6,FED004_072224_00.CSV,0.5,Free
6,FED005_072224_00.CSV,1,Free
6,FED006_072224_00.CSV,4,Free
6,FED007_072124_00.CSV,0,Free
6,FED008_072224_00.CSV,10.5,Free
6,FED009_072224_00.CSV,1.5,Free
6,FED001_FR1concat.csv,2,FR1
6,FED002_FR1concat.csv,1,FR1
6,FED003_FR1concat.csv,0,FR1
6,FED004_FR1concat.csv,3,FR1
6,FED005_FR1concat.csv,1.5,FR1
6,FED006_FR1concat.csv,3,FR1
6,FED007_FR1concat.csv,0,FR1
6,FED008_FR1concat.csv,4,FR1
6,FED009_FR1concat.csv,2,FR1
7,FED001_072424_00.CSV,3.5,Free Timeout
7,FED002_072424_01.CSV,7.5,Free Timeout
7,FED003_072424_00.CSV,6.5,Free Timeout
7,FED004_072424_00.CSV,0.5,Free Timeout
7,FED005_072424_01.CSV,2.5,Free Timeout
7,FED006_072424_00.CSV,10.5,Free Timeout
7,FED007_072424_01.CSV,9,Free Timeout
7,FED008_072424_01.CSV,8.5,Free Timeout
7,FED009_072424_00.CSV,3.5,Free Timeout
7,FED001_072224_00.CSV,2,Free
7,FED002_072224_00.CSV,5,Free
7,FED003_072224_00.CSV,3,Free
7,FED004_072224_00.CSV,10.5,Free
7,FED005_072224_00.CSV,6.5,Free
7,FED006_072224_00.CSV,5.5,Free
7,FED007_072124_00.CSV,5,Free
7,FED008_072224_00.CSV,7.5,Free
7,FED009_072224_00.CSV,5.5,Free
7,FED001_FR1concat.csv,3.5,FR1
7,FED002_FR1concat.csv,2,FR1
7,FED003_FR1concat.csv,1,FR1
7,FED004_FR1concat.csv,3.5,FR1
7,FED005_FR1concat.csv,3.5,FR1
7,FED006_FR1concat.csv,3,FR1
7,FED007_FR1concat.csv,2,FR1
7,FED008_FR1concat.csv,2.5,FR1
7,FED009_FR1concat.csv,2.5,FR1
8,FED001_072424_00.CSV,7,Free Timeout
8,FED002_072424_01.CSV,14.5,Free Timeout
8,FED003_072424_00.CSV,3.5,Free Timeout
8,FED004_072424_00.CSV,4.5,Free Timeout
8,FED005_072424_01.CSV,2.5,Free Timeout
8,FED006_072424_00.CSV,10.5,Free Timeout
8,FED007_072424_01.CSV,2.5,Free Timeout
8,FED008_072424_01.CSV,7.5,Free Timeout
8,FED009_072424_00.CSV,4,Free Timeout
8,FED001_072224_00.CSV,2.5,Free
8,FED002_072224_00.CSV,12,Free
8,FED003_072224_00.CSV,5.5,Free
8,FED004_072224_00.CSV,0,Free
8,FED005_072224_00.CSV,1.5,Free
8,FED006_072224_00.CSV,13.5,Free
8,FED007_072124_00.CSV,0,Free
8,FED008_072224_00.CSV,14.5,Free
8,FED009_072224_00.CSV,7,Free
8,FED001_FR1concat.csv,8.5,FR1
8,FED002_FR1concat.csv,4,FR1
8,FED003_FR1concat.csv,6.5,FR1
8,FED004_FR1concat.csv,0.5,FR1
8,FED005_FR1concat.csv,3.5,FR1
8,FED006_FR1concat.csv,2.5,FR1
8,FED007_FR1concat.csv,3.5,FR1
8,FED008_FR1concat.csv,2,FR1
8,FED009_FR1concat.csv,0,FR1
9,FED001_072424_00.CSV,4.5,Free Timeout
9,FED002_072424_01.CSV,13,Free Timeout
9,FED003_072424_00.CSV,7,Free Timeout
9,FED004_072424_00.CSV,3.5,Free Timeout
9,FED005_072424_01.CSV,6,Free Timeout
9,FED006_072424_00.CSV,12.5,Free Timeout
9,FED007_072424_01.CSV,8.5,Free Timeout
9,FED008_072424_01.CSV,7,Free Timeout
9,FED009_072424_00.CSV,7.5,Free Timeout
9,FED001_072224_00.CSV,15,Free
9,FED002_072224_00.CSV,2.5,Free
9,FED003_072224_00.CSV,1,Free
9,FED004_072224_00.CSV,12,Free
9,FED005_072224_00.CSV,10.5,Free
9,FED006_072224_00.CSV,0,Free
9,FED007_072124_00.CSV,3.5,Free
9,FED008_072224_00.CSV,9.5,Free
9,FED009_072224_00.CSV,2,Free
9,FED001_FR1concat.csv,3.5,FR1
9,FED002_FR1concat.csv,4,FR1
9,FED003_FR1concat.csv,3,FR1
9,FED004_FR1concat.csv,3,FR1
9,FED005_FR1concat.csv,2,FR1
9,FED006_FR1concat.csv,6.5,FR1
9,FED007_FR1concat.csv,6,FR1
9,FED008_FR1concat.csv,5,FR1
9,FED009_FR1concat.csv,7,FR1
10,FED001_072424_00.CSV,14.5,Free Timeout
10,FED002_072424_01.CSV,17,Free Timeout
10,FED003_072424_00.CSV,4.5,Free Timeout
10,FED004_072424_00.CSV,10,Free Timeout
10,FED005_072424_01.CSV,8.5,Free Timeout
10,FED006_072424_00.CSV,12.5,Free Timeout
10,FED007_072424_01.CSV,8.5,Free Timeout
10,FED008_072424_01.CSV,13,Free Timeout
10,FED009_072424_00.CSV,9.5,Free Timeout
10,FED001_072224_00.CSV,14,Free
10,FED002_072224_00.CSV,15,Free
10,FED003_072224_00.CSV,6,Free
10,FED004_072224_00.CSV,7,Free
10,FED005_072224_00.CSV,2.5,Free
10,FED006_072224_00.CSV,19.5,Free
10,FED007_072124_00.CSV,19,Free
10,FED008_072224_00.CSV,19,Free
10,FED009_072224_00.CSV,0,Free
10,FED001_FR1concat.csv,6,FR1
10,FED002_FR1concat.csv,5,FR1
10,FED003_FR1concat.csv,2.5,FR1
10,FED004_FR1concat.csv,5,FR1
10,FED005_FR1concat.csv,0.5,FR1
10,FED006_FR1concat.csv,7,FR1
10,FED007_FR1concat.csv,0.5,FR1
10,FED008_FR1concat.csv,10,FR1
10,FED009_FR1concat.csv,3,FR1
11,FED001_072424_00.CSV,19,Free Timeout
11,FED002_072424_01.CSV,9,Free Timeout
11,FED003_072424_00.CSV,7.5,Free Timeout
11,FED004_072424_00.CSV,9,Free Timeout
11,FED005_072424_01.CSV,16.5,Free Timeout
11,FED006_072424_00.CSV,17,Free Timeout
11,FED007_072424_01.CSV,10,Free Timeout
11,FED008_072424_01.CSV,15,Free Timeout
11,FED009_072424_00.CSV,9,Free Timeout
11,FED001_072224_00.CSV,11.5,Free
11,FED002_072224_00.CSV,13.5,Free
11,FED003_072224_00.CSV,13,Free
11,FED004_072224_00.CSV,10,Free
11,FED005_072224_00.CSV,16.5,Free
11,FED006_072224_00.CSV,17,Free
11,FED007_072124_00.CSV,3,Free
11,FED008_072224_00.CSV,13,Free
11,FED009_072224_00.CSV,10.5,Free
11,FED001_FR1concat.csv,14.5,FR1
11,FED002_FR1concat.csv,4,FR1
11,FED003_FR1concat.csv,5.5,FR1
11,FED004_FR1concat.csv,5.5,FR1
11,FED005_FR1concat.csv,9,FR1
11,FED006_FR1concat.csv,6,FR1
11,FED007_FR1concat.csv,10.5,FR1
11,FED008_FR1concat.csv,12,FR1
11,FED009_FR1concat.csv,8,FR1
12,FED001_072424_00.CSV,14,Free Timeout
12,FED002_072424_01.CSV,27,Free Timeout
12,FED003_072424_00.CSV,18.5,Free Timeout
12,FED004_072424_00.CSV,14,Free Timeout
12,FED005_072424_01.CSV,22,Free Timeout
12,FED006_072424_00.CSV,13.5,Free Timeout
12,FED007_072424_01.CSV,22,Free Timeout
12,FED008_072424_01.CSV,17,Free Timeout
12,FED009_072424_00.CSV,14.5,Free Timeout
12,FED001_072224_00.CSV,23.5,Free
12,FED002_072224_00.CSV,23.5,Free
12,FED003_072224_00.CSV,21.5,Free
12,FED004_072224_00.CSV,25,Free
12,FED005_072224_00.CSV,20.5,Free
12,FED006_072224_00.CSV,12.5,Free
12,FED007_072124_00.CSV,23.5,Free
12,FED008_072224_00.CSV,20,Free
12,FED009_072224_00.CSV,17,Free
12,FED001_FR1concat.csv,11,FR1
12,FED002_FR1concat.csv,16.5,FR1
12,FED003_FR1concat.csv,14.5,FR1
12,FED004_FR1concat.csv,10.5,FR1
12,FED005_FR1concat.csv,14.5,FR1
12,FED006_FR1concat.csv,11,FR1
12,FED007_FR1concat.csv,15,FR1
12,FED008_FR1concat.csv,15,FR1
12,FED009_FR1concat.csv,13,FR1
13,FED001_072424_00.CSV,22,Free Timeout
13,FED002_072424_01.CSV,23.5,Free Timeout
13,FED003_072424_00.CSV,20.5,Free Timeout
13,FED004_072424_00.CSV,19,Free Timeout
13,FED005_072424_01.CSV,22.5,Free Timeout
13,FED006_072424_00.CSV,18.5,Free Timeout
13,FED007_072424_01.CSV,17,Free Timeout
13,FED008_072424_01.CSV,21.5,Free Timeout
13,FED009_072424_00.CSV,16.5,Free Timeout
13,FED001_072224_00.CSV,17,Free
13,FED002_072224_00.CSV,21,Free
13,FED003_072224_00.CSV,27,Free
13,FED004_072224_00.CSV,13,Free
13,FED005_072224_00.CSV,24.5,Free
13,FED006_072224_00.CSV,15.5,Free
13,FED007_072124_00.CSV,18.5,Free
13,FED008_072224_00.CSV,17.5,Free
13,FED009_072224_00.CSV,27.5,Free
13,FED001_FR1concat.csv,17.5,FR1
13,FED002_FR1concat.csv,8.5,FR1
13,FED003_FR1concat.csv,11.5,FR1
13,FED004_FR1concat.csv,12,FR1
13,FED005_FR1concat.csv,10.5,FR1
13,FED006_FR1concat.csv,14.5,FR1
13,FED007_FR1concat.csv,15.5,FR1
13,FED008_FR1concat.csv,20.5,FR1
13,FED009_FR1concat.csv,16,FR1
14,FED001_072424_00.CSV,19.5,Free Timeout
14,FED002_072424_01.CSV,20,Free Timeout
14,FED003_072424_00.CSV,14,Free Timeout
14,FED004_072424_00.CSV,19.5,Free Timeout
14,FED005_072424_01.CSV,11.5,Free Timeout
14,FED006_072424_00.CSV,15.5,Free Timeout
14,FED007_072424_01.CSV,18,Free Timeout
14,FED008_072424_01.CSV,21,Free Timeout
14,FED009_072424_00.CSV,14,Free Timeout
14,FED001_072224_00.CSV,15,Free
14,FED002_072224_00.CSV,16,Free
14,FED003_072224_00.CSV,18,Free
14,FED004_072224_00.CSV,31,Free
14,FED005_072224_00.CSV,13.5,Free
14,FED006_072224_00.CSV,9.5,Free
14,FED007_072124_00.CSV,19,Free
14,FED008_072224_00.CSV,18,Free
14,FED009_072224_00.CSV,25,Free
14,FED001_FR1concat.csv,15,FR1
14,FED002_FR1concat.csv,15,FR1
14,FED003_FR1concat.csv,14.5,FR1
14,FED004_FR1concat.csv,10.5,FR1
14,FED005_FR1concat.csv,11,FR1
14,FED006_FR1concat.csv,13.5,FR1
14,FED007_FR1concat.csv,9.5,FR1
14,FED008_FR1concat.csv,10,FR1
14,FED009_FR1concat.csv,13.5,FR1
15,FED001_072424_00.CSV,19.5,Free Timeout
15,FED002_072424_01.CSV,17.5,Free Timeout
15,FED003_072424_00.CSV,18.5,Free Timeout
15,FED004_072424_00.CSV,18.5,Free Timeout
15,FED005_072424_01.CSV,12.5,Free Timeout
15,FED006_072424_00.CSV,11,Free Timeout
15,FED007_072424_01.CSV,13.5,Free Timeout
15,FED008_072424_01.CSV,13,Free Timeout
15,FED009_072424_00.CSV,20.5,Free Timeout
15,FED001_072224_00.CSV,16,Free
15,FED002_072224_00.CSV,4.5,Free
15,FED003_072224_00.CSV,18,Free
15,FED004_072224_00.CSV,15.5,Free
15,FED005_072224_00.CSV,15.5,Free
15,FED006_072224_00.CSV,17.5,Free
15,FED007_072124_00.CSV,26.5,Free
15,FED008_072224_00.CSV,18.5,Free
15,FED009_072224_00.CSV,11.5,Free
15,FED001_FR1concat.csv,9.5,FR1
15,FED002_FR1concat.csv,11.5,FR1
15,FED003_FR1concat.csv,10,FR1
15,FED004_FR1concat.csv,5,FR1
15,FED005_FR1concat.csv,6.5,FR1
15,FED006_FR1concat.csv,15,FR1
15,FED007_FR1concat.csv,11,FR1
15,FED008_FR1concat.csv,13.5,FR1
15,FED009_FR1concat.csv,10,FR1
16,FED001_072424_00.CSV,7,Free Timeout
16,FED002_072424_01.CSV,22.5,Free Timeout
16,FED003_072424_00.CSV,16,Free Timeout
16,FED004_072424_00.CSV,11,Free Timeout
16,FED005_072424_01.CSV,12,Free Timeout
16,FED006_072424_00.CSV,19.5,Free Timeout
16,FED007_072424_01.CSV,14,Free Timeout
16,FED008_072424_01.CSV,16,Free Timeout
16,FED009_072424_00.CSV,15,Free Timeout
16,FED001_072224_00.CSV,21,Free
16,FED002_072224_00.CSV,18,Free
16,FED003_072224_00.CSV,20.5,Free
16,FED004_072224_00.CSV,10,Free
16,FED005_072224_00.CSV,16,Free
16,FED006_072224_00.CSV,10.5,Free
16,FED007_072124_00.CSV,6.5,Free
16,FED008_072224_00.CSV,13.5,Free
16,FED009_072224_00.CSV,21,Free
16,FED001_FR1concat.csv,12,FR1
16,FED002_FR1concat.csv,5.5,FR1
16,FED003_FR1concat.csv,9.5,FR1
16,FED004_FR1concat.csv,8,FR1
16,FED005_FR1concat.csv,9,FR1
16,FED006_FR1concat.csv,9,FR1
16,FED007_FR1concat.csv,9.5,FR1
16,FED008_FR1concat.csv,13.5,FR1
16,FED009_FR1concat.csv,6.5,FR1
17,FED001_072424_00.CSV,15.5,Free Timeout
17,FED002_072424_01.CSV,16.5,Free Timeout
17,FED003_072424_00.CSV,17.5,Free Timeout
17,FED004_072424_00.CSV,8,Free Timeout
17,FED005_072424_01.CSV,12.5,Free Timeout
17,FED006_072424_00.CSV,5,Free Timeout
17,FED007_072424_01.CSV,13.5,Free Timeout
17,FED008_072424_01.CSV,15.5,Free Timeout
17,FED009_072424_00.CSV,16.5,Free Timeout
17,FED001_072224_00.CSV,10.5,Free
17,FED002_072224_00.CSV,12.5,Free
17,FED003_072224_00.CSV,22,Free
17,FED004_072224_00.CSV,13.5,Free
17,FED005_072224_00.CSV,11.5,Free
17,FED006_072224_00.CSV,5,Free
17,FED007_072124_00.CSV,17,Free
17,FED008_072224_00.CSV,11.5,Free
17,FED009_072224_00.CSV,16,Free
17,FED001_FR1concat.csv,4,FR1
17,FED002_FR1concat.csv,11,FR1
17,FED003_FR1concat.csv,11,FR1
17,FED004_FR1concat.csv,7.5,FR1
17,FED005_FR1concat.csv,6.5,FR1
17,FED006_FR1concat.csv,7,FR1
17,FED007_FR1concat.csv,9.5,FR1
17,FED008_FR1concat.csv,9.5,FR1
17,FED009_FR1concat.csv,4.5,FR1
18,FED001_072424_00.CSV,13,Free Timeout
18,FED002_072424_01.CSV,17,Free Timeout
18,FED003_072424_00.CSV,16,Free Timeout
18,FED004_072424_00.CSV,19,Free Timeout
18,FED005_072424_01.CSV,8.5,Free Timeout
18,FED006_072424_00.CSV,5,Free Timeout
18,FED007_072424_01.CSV,14.5,Free Timeout
18,FED008_072424_01.CSV,8,Free Timeout
18,FED009_072424_00.CSV,14,Free Timeout
18,FED001_072224_00.CSV,16,Free
18,FED002_072224_00.CSV,6,Free
18,FED003_072224_00.CSV,8,Free
18,FED004_072224_00.CSV,16.5,Free
18,FED005_072224_00.CSV,12,Free
18,FED006_072224_00.CSV,22,Free
18,FED007_072124_00.CSV,9,Free
18,FED008_072224_00.CSV,9,Free
18,FED009_072224_00.CSV,6,Free
18,FED001_FR1concat.csv,10.5,FR1
18,FED002_FR1concat.csv,6.5,FR1
18,FED003_FR1concat.csv,7,FR1
18,FED004_FR1concat.csv,9.5,FR1
18,FED005_FR1concat.csv,6,FR1
18,FED006_FR1concat.csv,7.5,FR1
18,FED007_FR1concat.csv,10,FR1
18,FED008_FR1concat.csv,4,FR1
18,FED009_FR1concat.csv,7,FR1
19,FED001_072424_00.CSV,13.5,Free Timeout
19,FED002_072424_01.CSV,6.5,Free Timeout
19,FED003_072424_00.CSV,12,Free Timeout
19,FED004_072424_00.CSV,7,Free Timeout
19,FED005_072424_01.CSV,8,Free Timeout
19,FED006_072424_00.CSV,12,Free Timeout
19,FED007_072424_01.CSV,7,Free Timeout
19,FED008_072424_01.CSV,6,Free Timeout
19,FED009_072424_00.CSV,1.5,Free Timeout
19,FED001_072224_00.CSV,11.5,Free
19,FED002_072224_00.CSV,21,Free
19,FED003_072224_00.CSV,17,Free
19,FED004_072224_00.CSV,4.5,Free
19,FED005_072224_00.CSV,9,Free
19,FED006_072224_00.CSV,11.5,Free
19,FED007_072124_00.CSV,0,Free
19,FED008_072224_00.CSV,6,Free
19,FED009_072224_00.CSV,5,Free
19,FED001_FR1concat.csv,7,FR1
19,FED002_FR1concat.csv,4.5,FR1
19,FED003_FR1concat.csv,12,FR1
19,FED004_FR1concat.csv,6.5,FR1
19,FED005_FR1concat.csv,2.5,FR1
19,FED006_FR1concat.csv,9,FR1
19,FED007_FR1concat.csv,2.5,FR1
19,FED008_FR1concat.csv,6,FR1
19,FED009_FR1concat.csv,8.5,FR1
20,FED001_072424_00.CSV,8,Free Timeout
20,FED002_072424_01.CSV,16,Free Timeout
20,FED003_072424_00.CSV,15.5,Free Timeout
20,FED004_072424_00.CSV,8.5,Free Timeout
20,FED005_072424_01.CSV,12.5,Free Timeout
20,FED006_072424_00.CSV,8,Free Timeout
20,FED007_072424_01.CSV,8.5,Free Timeout
20,FED008_072424_01.CSV,14,Free Timeout
20,FED009_072424_00.CSV,8,Free Timeout
20,FED001_072224_00.CSV,2.5,Free
20,FED002_072224_00.CSV,15.5,Free
20,FED003_072224_00.CSV,12.5,Free
20,FED004_072224_00.CSV,3,Free
20,FED005_072224_00.CSV,10.5,Free
20,FED006_072224_00.CSV,0,Free
20,FED007_072124_00.CSV,11,Free
20,FED008_072224_00.CSV,11,Free
20,FED009_072224_00.CSV,27.5,Free
20,FED001_FR1concat.csv,2,FR1
20,FED002_FR1concat.csv,5.5,FR1
20,FED003_FR1concat.csv,6,FR1
20,FED004_FR1concat.csv,2,FR1
20,FED005_FR1concat.csv,6,FR1
20,FED006_FR1concat.csv,6,FR1
20,FED007_FR1concat.csv,4.5,FR1
20,FED008_FR1concat.csv,11,FR1
20,FED009_FR1concat.csv,6.5,FR1
21,FED001_072424_00.CSV,6.5,Free Timeout
21,FED002_072424_01.CSV,9,Free Timeout
21,FED003_072424_00.CSV,8.5,Free Timeout
21,FED004_072424_00.CSV,7,Free Timeout
21,FED005_072424_01.CSV,10,Free Timeout
21,FED006_072424_00.CSV,10.5,Free Timeout
21,FED007_072424_01.CSV,8.5,Free Timeout
21,FED008_072424_01.CSV,6.5,Free Timeout
21,FED009_072424_00.CSV,11,Free Timeout
21,FED001_072224_00.CSV,3.5,Free
21,FED002_072224_00.CSV,15,Free
21,FED003_072224_00.CSV,12.5,Free
21,FED004_072224_00.CSV,0,Free
21,FED005_072224_00.CSV,3,Free
21,FED006_072224_00.CSV,13,Free
21,FED007_072124_00.CSV,4.5,Free
21,FED008_072224_00.CSV,3,Free
21,FED009_072224_00.CSV,16.5,Free
21,FED001_FR1concat.csv,3,FR1
21,FED002_FR1concat.csv,4.5,FR1
21,FED003_FR1concat.csv,5.5,FR1
21,FED004_FR1concat.csv,7.5,FR1
21,FED005_FR1concat.csv,9,FR1
21,FED006_FR1concat.csv,1.5,FR1
21,FED007_FR1concat.csv,4.5,FR1
21,FED008_FR1concat.csv,1,FR1
21,FED009_FR1concat.csv,4.5,FR1
22,FED001_072424_00.CSV,8.5,Free Timeout
22,FED002_072424_01.CSV,19,Free Timeout
22,FED003_072424_00.CSV,9,Free Timeout
22,FED004_072424_00.CSV,9,Free Timeout
22,FED005_072424_01.CSV,9,Free Timeout
22,FED006_072424_00.CSV,2.5,Free Timeout
22,FED007_072424_01.CSV,23.5,Free Timeout
22,FED008_072424_01.CSV,16,Free Timeout
22,FED009_072424_00.CSV,12.5,Free Timeout
22,FED001_072224_00.CSV,3,Free
22,FED002_072224_00.CSV,3.5,Free
22,FED003_072224_00.CSV,10.5,Free
22,FED004_072224_00.CSV,17,Free
22,FED005_072224_00.CSV,13,Free
22,FED006_072224_00.CSV,4,Free
22,FED007_072124_00.CSV,22,Free
22,FED008_072224_00.CSV,12,Free
22,FED009_072224_00.CSV,6,Free
22,FED001_FR1concat.csv,6.5,FR1
22,FED002_FR1concat.csv,7,FR1
22,FED003_FR1concat.csv,5.5,FR1
22,FED004_FR1concat.csv,8,FR1
22,FED005_FR1concat.csv,8.5,FR1
22,FED006_FR1concat.csv,7.5,FR1
22,FED007_FR1concat.csv,9.5,FR1
22,FED008_FR1concat.csv,9,FR1
22,FED009_FR1concat.csv,10.5,FR1
23,FED001_072424_00.CSV,9.5,Free Timeout
23,FED002_072424_01.CSV,7,Free Timeout
23,FED003_072424_00.CSV,9.5,Free Timeout
23,FED004_072424_00.CSV,12.5,Free Timeout
23,FED005_072424_01.CSV,10.5,Free Timeout
23,FED006_072424_00.CSV,9,Free Timeout
23,FED007_072424_01.CSV,7,Free Timeout
23,FED008_072424_01.CSV,7.5,Free Timeout
23,FED009_072424_00.CSV,15,Free Timeout
23,FED001_072224_00.CSV,12,Free
23,FED002_072224_00.CSV,15.5,Free
23,FED003_072224_00.CSV,8,Free
23,FED004_072224_00.CSV,17,Free
23,FED005_072224_00.CSV,6.5,Free
23,FED006_072224_00.CSV,0.5,Free
23,FED007_072124_00.CSV,29,Free
23,FED008_072224_00.CSV,8.5,Free
23,FED009_072224_00.CSV,10.5,Free
23,FED001_FR1concat.csv,6,FR1
23,FED002_FR1concat.csv,5,FR1
23,FED003_FR1concat.csv,6,FR1
23,FED004_FR1concat.csv,6,FR1
23,FED005_FR1concat.csv,4.5,FR1
23,FED006_FR1concat.csv,7,FR1
23,FED007_FR1concat.csv,7,FR1
23,FED008_FR1concat.csv,1.5,FR1
23,FED009_FR1concat.csv,5,FR1
