,Hour,Filename,Total_Pellets
0,0,FED001_FR1concat.csv,4.0
1,0,FED009_FR1concat.csv,8.5
2,0,FED008_FR1concat.csv,6.5
3,0,FED007_FR1concat.csv,2.5
4,0,FED002_FR1concat.csv,0.5
5,0,FED005_FR1concat.csv,5.5
6,0,FED004_FR1concat.csv,3.5
7,0,FED003_FR1concat.csv,2.0
8,0,FED006_FR1concat.csv,1.0
9,1,FED009_FR1concat.csv,1.0
10,1,FED007_FR1concat.csv,0.0
11,1,FED006_FR1concat.csv,2.0
12,1,FED008_FR1concat.csv,0.0
13,1,FED004_FR1concat.csv,0.0
14,1,FED003_FR1concat.csv,2.5
15,1,FED002_FR1concat.csv,5.5
16,1,FED001_FR1concat.csv,0.0
17,1,FED005_FR1concat.csv,1.5
18,2,FED001_FR1concat.csv,0.0
19,2,FED002_FR1concat.csv,1.5
20,2,FED003_FR1concat.csv,2.0
21,2,FED004_FR1concat.csv,0.0
22,2,FED005_FR1concat.csv,2.0
23,2,FED006_FR1concat.csv,3.5
24,2,FED007_FR1concat.csv,0.0
25,2,FED009_FR1concat.csv,0.0
26,2,FED008_FR1concat.csv,3.0
27,3,FED003_FR1concat.csv,1.5
28,3,FED002_FR1concat.csv,1.0
29,3,FED009_FR1concat.csv,3.5
30,3,FED008_FR1concat.csv,0.5
31,3,FED001_FR1concat.csv,1.5
32,3,FED006_FR1concat.csv,0.0
33,3,FED005_FR1concat.csv,0.0
34,3,FED007_FR1concat.csv,2.5
35,3,FED004_FR1concat.csv,2.5
36,4,FED008_FR1concat.csv,0.0
37,4,FED007_FR1concat.csv,0.0
38,4,FED009_FR1concat.csv,2.0
39,4,FED004_FR1concat.csv,2.0
40,4,FED003_FR1concat.csv,2.0
41,4,FED002_FR1concat.csv,1.5
42,4,FED001_FR1concat.csv,2.5
43,4,FED005_FR1concat.csv,1.5
44,4,FED006_FR1concat.csv,3.5
45,5,FED001_FR1concat.csv,2.0
46,5,FED002_FR1concat.csv,2.5
47,5,FED003_FR1concat.csv,2.5
48,5,FED004_FR1concat.csv,0.0
49,5,FED005_FR1concat.csv,0.0
50,5,FED006_FR1concat.csv,0.5
51,5,FED007_FR1concat.csv,2.5
52,5,FED008_FR1concat.csv,3.0
53,5,FED009_FR1concat.csv,1.5
54,6,FED008_FR1concat.csv,4.0
55,6,FED009_FR1concat.csv,2.0
56,6,FED007_FR1concat.csv,0.0
57,6,FED005_FR1concat.csv,1.5
58,6,FED006_FR1concat.csv,3.0
59,6,FED003_FR1concat.csv,0.0
60,6,FED001_FR1concat.csv,2.0
61,6,FED004_FR1concat.csv,3.0
62,6,FED002_FR1concat.csv,1.0
63,7,FED008_FR1concat.csv,2.5
64,7,FED006_FR1concat.csv,3.0
65,7,FED009_FR1concat.csv,2.5
66,7,FED004_FR1concat.csv,3.5
67,7,FED003_FR1concat.csv,1.0
68,7,FED002_FR1concat.csv,2.0
69,7,FED001_FR1concat.csv,3.5
70,7,FED005_FR1concat.csv,3.5
71,7,FED007_FR1concat.csv,2.0
72,8,FED001_FR1concat.csv,8.5
73,8,FED002_FR1concat.csv,4.0
74,8,FED003_FR1concat.csv,6.5
75,8,FED004_FR1concat.csv,0.5
76,8,FED005_FR1concat.csv,3.5
77,8,FED006_FR1concat.csv,2.5
78,8,FED007_FR1concat.csv,3.5
79,8,FED008_FR1concat.csv,2.0
80,8,FED009_FR1concat.csv,0.0
81,9,FED001_FR1concat.csv,3.5
82,9,FED009_FR1concat.csv,7.0
83,9,FED008_FR1concat.csv,5.0
84,9,FED007_FR1concat.csv,6.0
85,9,FED002_FR1concat.csv,4.0
86,9,FED005_FR1concat.csv,2.0
87,9,FED004_FR1concat.csv,3.0
88,9,FED003_FR1concat.csv,3.0
89,9,FED006_FR1concat.csv,6.5
90,10,FED001_FR1concat.csv,6.0
91,10,FED003_FR1concat.csv,2.5
92,10,FED004_FR1concat.csv,5.0
93,10,FED005_FR1concat.csv,0.5
94,10,FED006_FR1concat.csv,7.0
95,10,FED007_FR1concat.csv,0.5
96,10,FED008_FR1concat.csv,10.0
97,10,FED009_FR1concat.csv,3.0
98,10,FED002_FR1concat.csv,5.0
99,11,FED007_FR1concat.csv,10.5
100,11,FED006_FR1concat.csv,6.0
101,11,FED001_FR1concat.csv,14.5
102,11,FED002_FR1concat.csv,4.0
103,11,FED003_FR1concat.csv,5.5
104,11,FED004_FR1concat.csv,5.5
105,11,FED005_FR1concat.csv,9.0
106,11,FED009_FR1concat.csv,8.0
107,11,FED008_FR1concat.csv,12.0
108,12,FED001_FR1concat.csv,11.0
109,12,FED007_FR1concat.csv,15.0
110,12,FED002_FR1concat.csv,16.5
111,12,FED003_FR1concat.csv,14.5
112,12,FED004_FR1concat.csv,10.5
113,12,FED005_FR1concat.csv,14.5
114,12,FED009_FR1concat.csv,13.0
115,12,FED008_FR1concat.csv,15.0
116,12,FED006_FR1concat.csv,11.0
117,13,FED009_FR1concat.csv,16.0
118,13,FED008_FR1concat.csv,20.5
119,13,FED007_FR1concat.csv,15.5
120,13,FED006_FR1concat.csv,14.5
121,13,FED004_FR1concat.csv,12.0
122,13,FED003_FR1concat.csv,11.5
123,13,FED002_FR1concat.csv,8.5
124,13,FED001_FR1concat.csv,17.5
125,13,FED005_FR1concat.csv,10.5
126,14,FED001_FR1concat.csv,15.0
127,14,FED002_FR1concat.csv,15.0
128,14,FED003_FR1concat.csv,14.5
129,14,FED004_FR1concat.csv,10.5
130,14,FED005_FR1concat.csv,11.0
131,14,FED006_FR1concat.csv,13.5
132,14,FED008_FR1concat.csv,10.0
133,14,FED007_FR1concat.csv,9.5
134,14,FED009_FR1concat.csv,13.5
135,15,FED001_FR1concat.csv,9.5
136,15,FED009_FR1concat.csv,10.0
137,15,FED008_FR1concat.csv,13.5
138,15,FED007_FR1concat.csv,11.0
139,15,FED002_FR1concat.csv,11.5
140,15,FED005_FR1concat.csv,6.5
141,15,FED004_FR1concat.csv,5.0
142,15,FED003_FR1concat.csv,10.0
143,15,FED006_FR1concat.csv,15.0
144,16,FED001_FR1concat.csv,12.0
145,16,FED003_FR1concat.csv,9.5
146,16,FED004_FR1concat.csv,8.0
147,16,FED005_FR1concat.csv,9.0
148,16,FED006_FR1concat.csv,9.0
149,16,FED007_FR1concat.csv,9.5
150,16,FED008_FR1concat.csv,13.5
151,16,FED009_FR1concat.csv,6.5
152,16,FED002_FR1concat.csv,5.5
153,17,FED005_FR1concat.csv,6.5
154,17,FED001_FR1concat.csv,4.0
155,17,FED002_FR1concat.csv,11.0
156,17,FED003_FR1concat.csv,11.0
157,17,FED004_FR1concat.csv,7.5
158,17,FED006_FR1concat.csv,7.0
159,17,FED007_FR1concat.csv,9.5
160,17,FED009_FR1concat.csv,4.5
161,17,FED008_FR1concat.csv,9.5
162,18,FED009_FR1concat.csv,7.0
163,18,FED008_FR1concat.csv,4.0
164,18,FED007_FR1concat.csv,10.0
165,18,FED006_FR1concat.csv,7.5
166,18,FED001_FR1concat.csv,10.5
167,18,FED004_FR1concat.csv,9.5
168,18,FED003_FR1concat.csv,7.0
169,18,FED002_FR1concat.csv,6.5
170,18,FED005_FR1concat.csv,6.0
171,19,FED009_FR1concat.csv,8.5
172,19,FED007_FR1concat.csv,2.5
173,19,FED006_FR1concat.csv,9.0
174,19,FED008_FR1concat.csv,6.0
175,19,FED004_FR1concat.csv,6.5
176,19,FED003_FR1concat.csv,12.0
177,19,FED002_FR1concat.csv,4.5
178,19,FED001_FR1concat.csv,7.0
179,19,FED005_FR1concat.csv,2.5
180,20,FED001_FR1concat.csv,2.0
181,20,FED002_FR1concat.csv,5.5
182,20,FED003_FR1concat.csv,6.0
183,20,FED004_FR1concat.csv,2.0
184,20,FED005_FR1concat.csv,6.0
185,20,FED006_FR1concat.csv,6.0
186,20,FED007_FR1concat.csv,4.5
187,20,FED008_FR1concat.csv,11.0
188,20,FED009_FR1concat.csv,6.5
189,21,FED002_FR1concat.csv,4.5
190,21,FED003_FR1concat.csv,5.5
191,21,FED004_FR1concat.csv,7.5
192,21,FED005_FR1concat.csv,9.0
193,21,FED006_FR1concat.csv,1.5
194,21,FED007_FR1concat.csv,4.5
195,21,FED008_FR1concat.csv,1.0
196,21,FED009_FR1concat.csv,4.5
197,21,FED001_FR1concat.csv,3.0
198,22,FED009_FR1concat.csv,10.5
199,22,FED008_FR1concat.csv,9.0
200,22,FED007_FR1concat.csv,9.5
201,22,FED006_FR1concat.csv,7.5
202,22,FED004_FR1concat.csv,8.0
203,22,FED003_FR1concat.csv,5.5
204,22,FED002_FR1concat.csv,7.0
205,22,FED001_FR1concat.csv,6.5
206,22,FED005_FR1concat.csv,8.5
207,23,FED001_FR1concat.csv,6.0
208,23,FED002_FR1concat.csv,5.0
209,23,FED003_FR1concat.csv,6.0
210,23,FED004_FR1concat.csv,6.0
211,23,FED005_FR1concat.csv,4.5
212,23,FED006_FR1concat.csv,7.0
213,23,FED007_FR1concat.csv,7.0
214,23,FED008_FR1concat.csv,1.5
215,23,FED009_FR1concat.csv,5.0
