0.500000,0.500000,0.272727,0.756098,0.692308,0.918919,1.000000,1.000000,0.941176,1.000000,0.875000,0.600000,0.687500,0.866667,0.666667,0.888889,0.800000,0.523810,1.000000,1.000000,0.666667,0.928571,1.000000,nan
0.600000,0.000000,0.000000,0.090909,0.187500,0.666667,0.866667,0.666667,1.000000,0.818182,0.700000,1.000000,0.857143,0.777778,0.714286,0.571429,0.769231,1.000000,1.000000,1.000000,1.000000,0.444444,nan,nan
0.500000,0.000000,0.500000,1.000000,0.590909,0.962963,0.692308,0.818182,1.000000,0.937500,0.869565,0.956522,0.600000,1.000000,1.000000,0.928571,0.000000,0.909091,1.000000,1.000000,1.000000,1.000000,nan,nan
0.500000,0.571429,0.250000,0.692308,0.961538,1.000000,1.000000,1.000000,0.916667,1.000000,0.954545,1.000000,1.000000,1.000000,1.000000,1.000000,1.000000,1.000000,1.000000,0.941176,1.000000,nan,nan,nan
1.000000,0.200000,0.714286,0.166667,0.583333,0.800000,0.846154,0.851852,0.909091,0.888889,0.517241,1.000000,1.000000,1.000000,1.000000,1.000000,0.800000,1.000000,1.000000,1.000000,0.666667,nan,nan,nan
0.750000,0.666667,1.000000,0.600000,0.875000,1.000000,1.000000,0.636364,0.866667,1.000000,1.000000,1.000000,1.000000,1.000000,0.714286,0.888889,nan,1.000000,1.000000,0.600000,1.000000,1.000000,1.000000,nan
1.000000,0.647059,1.000000,1.000000,1.000000,1.000000,0.909091,1.000000,1.000000,1.000000,0.962963,1.000000,1.000000,0.888889,1.000000,1.000000,1.000000,0.833333,1.000000,1.000000,1.000000,nan,nan,nan
0.875000,1.000000,0.826087,1.000000,0.947368,0.954545,0.923077,0.888889,0.913043,1.000000,1.000000,1.000000,1.000000,1.000000,1.000000,0.900000,1.000000,1.000000,1.000000,nan,nan,nan,nan,nan
1.000000,0.500000,0.250000,0.722222,0.800000,0.809524,1.000000,1.000000,0.833333,1.000000,1.000000,0.800000,1.000000,0.800000,1.000000,0.555556,1.000000,0.800000,1.000000,1.000000,1.000000,nan,nan,nan
0.826087,0.913043,0.960000,0.781250,0.812500,1.000000,1.000000,1.000000,1.000000,0.857143,1.000000,0.600000,1.000000,1.000000,1.000000,1.000000,1.000000,0.900000,1.000000,0.875000,nan,nan,nan,nan
0.750000,1.000000,0.950000,1.000000,1.000000,1.000000,1.000000,0.947368,0.888889,0.800000,1.000000,1.000000,1.000000,1.000000,1.000000,1.000000,1.000000,0.833333,1.000000,nan,nan,nan,nan,nan
0.875000,1.000000,0.933333,0.875000,0.894737,0.888889,1.000000,1.000000,1.000000,0.900000,0.833333,1.000000,1.000000,1.000000,0.833333,0.933333,1.000000,nan,nan,nan,nan,nan,nan,nan
0.625000,0.600000,0.666667,0.750000,1.000000,0.600000,0.785714,0.937500,0.846154,0.772727,0.484848,0.789474,1.000000,1.000000,0.857143,0.625000,1.000000,1.000000,0.750000,0.888889,nan,nan,nan,nan
0.692308,0.793103,1.000000,1.000000,1.000000,0.933333,0.958333,0.931034,1.000000,1.000000,1.000000,1.000000,1.000000,1.000000,1.000000,1.000000,1.000000,1.000000,0.777778,0.800000,0.846154,nan,nan,nan
0.875000,1.000000,1.000000,1.000000,0.857143,0.750000,1.000000,1.000000,1.000000,0.947368,0.833333,0.769231,1.000000,0.933333,0.500000,1.000000,1.000000,1.000000,1.000000,1.000000,1.000000,nan,nan,nan
0.444444,0.000000,0.375000,0.428571,0.666667,1.000000,0.800000,0.777778,0.740741,0.700000,0.812500,1.000000,0.480000,0.666667,0.636364,0.583333,1.000000,0.857143,nan,nan,nan,nan,nan,nan
0.000000,0.600000,0.000000,1.000000,0.500000,0.333333,1.000000,0.823529,0.842105,0.833333,1.000000,1.000000,1.000000,0.833333,0.377778,0.625000,0.600000,0.600000,nan,nan,nan,nan,nan,nan
0.235294,0.800000,0.333333,1.000000,0.692308,1.000000,1.000000,0.913043,0.648649,0.870968,0.777778,0.750000,0.833333,0.857143,0.818182,0.826087,0.571429,0.600000,nan,nan,nan,nan,nan,nan
0.000000,0.185185,0.333333,0.000000,0.833333,0.500000,0.750000,0.793103,0.666667,1.000000,0.950000,0.575000,0.750000,0.710526,0.500000,0.888889,1.000000,0.000000,nan,nan,nan,nan,nan,nan
0.142857,1.000000,0.666667,0.500000,0.000000,0.714286,0.960000,0.954545,0.848485,0.739130,0.846154,1.000000,1.000000,1.000000,0.800000,0.782609,0.629630,0.818182,0.550000,nan,nan,nan,nan,nan
0.583333,0.666667,0.100000,0.153846,0.000000,0.520000,0.441176,0.789474,0.800000,0.750000,0.407407,0.833333,0.650000,0.777778,0.888889,0.833333,nan,nan,nan,nan,nan,nan,nan,nan
0.285714,0.400000,0.714286,0.789474,0.833333,0.590909,0.473684,0.666667,0.757576,1.000000,0.680000,0.750000,0.705882,0.800000,0.714286,0.785714,nan,nan,nan,nan,nan,nan,nan,nan
0.285714,0.166667,0.500000,0.000000,0.200000,0.000000,0.000000,0.500000,0.666667,0.000000,1.000000,1.000000,0.000000,0.000000,1.000000,0.000000,nan,nan,nan,nan,nan,nan,nan,nan
0.666667,0.500000,0.500000,0.538462,0.000000,0.625000,0.785714,0.638298,0.764706,0.918367,0.750000,0.812500,1.000000,0.666667,0.952381,0.766667,0.900000,1.000000,0.500000,nan,nan,nan,nan,nan
0.250000,0.000000,0.571429,1.000000,1.000000,0.772727,0.800000,0.900000,0.750000,0.722222,0.875000,0.750000,0.866667,1.000000,0.857143,0.833333,0.400000,nan,nan,nan,nan,nan,nan,nan
0.100000,0.545455,0.785714,0.840000,0.800000,0.826087,0.500000,0.625000,0.600000,0.437500,0.923077,1.000000,1.000000,0.833333,1.000000,1.000000,1.000000,0.600000,0.777778,0.875000,nan,nan,nan,nan
0.250000,0.300000,0.666667,0.250000,0.444444,0.857143,0.653846,0.666667,0.666667,0.777778,0.500000,0.400000,0.875000,0.000000,0.714286,nan,0.392857,0.888889,nan,nan,nan,nan,nan,nan
1.000000,0.214286,1.000000,0.827586,0.769231,0.903226,1.000000,0.937500,1.000000,0.947368,0.812500,1.000000,1.000000,0.750000,1.000000,1.000000,0.857143,1.000000,nan,nan,nan,nan,nan,nan
0.400000,0.000000,1.000000,0.800000,0.800000,1.000000,1.000000,0.904762,0.777778,1.000000,1.000000,0.850000,1.000000,1.000000,0.909091,1.000000,0.833333,1.000000,1.000000,1.000000,nan,nan,nan,nan
0.700000,nan,1.000000,1.000000,0.875000,0.470588,0.533333,0.454545,0.800000,0.500000,0.833333,0.416667,0.666667,0.700000,0.500000,1.000000,0.636364,0.857143,0.700000,0.500000,1.000000,1.000000,1.000000,1.000000
0.666667,0.250000,0.500000,0.750000,0.923077,1.000000,0.434783,0.900000,1.000000,1.000000,0.818182,0.700000,0.692308,0.947368,0.750000,1.000000,0.894737,1.000000,1.000000,1.000000,1.000000,0.937500,nan,nan
0.500000,0.500000,1.000000,1.000000,1.000000,0.611111,0.733333,0.789474,0.900000,0.736842,1.000000,0.800000,0.727273,0.586207,1.000000,0.923077,1.000000,1.000000,0.857143,0.625000,0.500000,0.222222,nan,nan
0.235294,0.480000,0.857143,0.900000,0.833333,0.700000,0.772727,0.777778,0.687500,0.666667,0.666667,0.655172,0.261905,0.054348,0.500000,0.875000,0.562500,0.000000,1.000000,1.000000,1.000000,0.750000,0.750000,1.000000
0.600000,0.272727,0.750000,1.000000,0.666667,1.000000,0.823529,1.000000,1.000000,1.000000,1.000000,0.650000,0.947368,0.400000,0.750000,1.000000,1.000000,nan,nan,nan,nan,nan,nan,nan
1.000000,0.400000,0.920000,0.933333,0.750000,1.000000,0.900000,1.000000,1.000000,1.000000,1.000000,0.866667,0.916667,0.809524,0.555556,nan,1.000000,1.000000,0.687500,1.000000,1.000000,nan,nan,nan
1.000000,0.000000,0.863636,0.958333,0.976744,0.916667,1.000000,1.000000,1.000000,1.000000,0.928571,0.947368,1.000000,1.000000,1.000000,0.750000,1.000000,1.000000,1.000000,nan,nan,nan,nan,nan
1.000000,0.750000,0.900000,1.000000,1.000000,1.000000,1.000000,1.000000,1.000000,1.000000,1.000000,1.000000,1.000000,0.888889,1.000000,1.000000,1.000000,1.000000,1.000000,1.000000,nan,nan,nan,nan
0.285714,0.100000,0.000000,0.347826,1.000000,0.687500,0.700000,0.631579,0.827586,0.388889,0.571429,0.500000,0.823529,0.800000,1.000000,1.000000,0.333333,0.888889,0.600000,1.000000,0.666667,0.600000,nan,nan
0.555556,0.909091,0.750000,0.230769,0.800000,0.900000,0.857143,0.947368,1.000000,1.000000,1.000000,1.000000,1.000000,0.900000,1.000000,0.818182,0.333333,0.750000,1.000000,0.800000,0.500000,1.000000,nan,nan
0.500000,0.230769,0.909091,0.807692,0.909091,1.000000,0.785714,0.888889,1.000000,0.714286,1.000000,0.666667,0.941176,0.666667,0.750000,1.000000,1.000000,0.333333,0.428571,0.857143,1.000000,0.500000,nan,nan
0.833333,0.800000,1.000000,1.000000,1.000000,1.000000,1.000000,0.950000,1.000000,1.000000,1.000000,0.916667,0.071429,1.000000,1.000000,1.000000,0.750000,0.666667,1.000000,1.000000,1.000000,0.000000,1.000000,nan
0.285714,0.000000,0.105263,0.862069,0.866667,0.900000,0.892857,0.000000,0.785714,0.875000,1.000000,0.777778,0.714286,0.500000,0.400000,1.000000,0.666667,0.700000,nan,nan,nan,nan,nan,nan
1.000000,0.666667,1.000000,1.000000,0.833333,0.857143,1.000000,0.866667,1.000000,1.000000,0.818182,1.000000,0.916667,1.000000,1.000000,1.000000,1.000000,1.000000,0.750000,1.000000,nan,nan,nan,nan
0.571429,1.000000,0.750000,0.666667,1.000000,0.866667,1.000000,1.000000,0.750000,1.000000,0.800000,0.500000,1.000000,1.000000,0.285714,1.000000,1.000000,1.000000,nan,nan,nan,nan,nan,nan
0.500000,1.000000,1.000000,0.818182,1.000000,1.000000,0.909091,1.000000,1.000000,1.000000,1.000000,1.000000,1.000000,0.800000,0.875000,0.500000,1.000000,1.000000,1.000000,1.000000,nan,nan,nan,nan
1.000000,0.000000,0.916667,0.730769,1.000000,0.800000,0.692308,0.884615,0.933333,0.666667,1.000000,0.884615,0.689655,0.666667,0.571429,0.750000,0.500000,0.666667,1.000000,1.000000,0.833333,nan,nan,nan
0.411765,0.566667,0.312500,0.325000,0.896552,0.545455,0.477273,1.000000,0.061404,0.388889,1.000000,1.000000,1.000000,1.000000,1.000000,1.000000,0.750000,1.000000,1.000000,1.000000,1.000000,1.000000,0.200000,0.516129
0.705882,0.428571,0.000000,0.909091,0.880000,0.818182,0.846154,0.000000,0.764706,1.000000,0.600000,0.882353,1.000000,0.863636,0.000000,1.000000,0.857143,1.000000,nan,nan,nan,nan,nan,nan
0.000000,0.625000,0.896552,0.962963,0.888889,0.576923,0.888889,0.857143,0.750000,1.000000,0.000000,0.666667,1.000000,1.000000,1.000000,1.000000,1.000000,1.000000,1.000000,1.000000,1.000000,nan,nan,nan
1.000000,0.000000,0.923077,0.928571,1.000000,1.000000,1.000000,1.000000,1.000000,0.800000,1.000000,1.000000,1.000000,1.000000,1.000000,1.000000,0.833333,nan,nan,nan,nan,nan,nan,nan
0.666667,0.590909,0.461538,0.900000,0.833333,1.000000,1.000000,1.000000,1.000000,0.483871,1.000000,1.000000,1.000000,1.000000,0.900000,1.000000,1.000000,1.000000,nan,nan,nan,nan,nan,nan
0.500000,0.714286,0.966667,0.951220,1.000000,0.857143,1.000000,1.000000,0.965517,1.000000,1.000000,0.923077,0.250000,1.000000,0.666667,1.000000,1.000000,1.000000,1.000000,1.000000,0.750000,nan,nan,nan
0.750000,0.500000,0.916667,1.000000,0.833333,0.923077,0.916667,0.950000,0.866667,1.000000,0.913043,0.666667,1.000000,0.937500,1.000000,1.000000,1.000000,1.000000,1.000000,0.923077,1.000000,nan,nan,nan
0.000000,0.333333,0.742857,0.950000,1.000000,1.000000,1.000000,1.000000,1.000000,1.000000,1.000000,1.000000,1.000000,1.000000,1.000000,1.000000,1.000000,1.000000,0.941176,1.000000,1.000000,nan,nan,nan
1.000000,0.800000,0.888889,0.916667,1.000000,1.000000,1.000000,1.000000,0.928571,1.000000,1.000000,1.000000,1.000000,1.000000,1.000000,1.000000,1.000000,1.000000,1.000000,1.000000,1.000000,nan,nan,nan
0.333333,0.000000,0.937500,1.000000,1.000000,1.000000,1.000000,1.000000,1.000000,1.000000,1.000000,1.000000,0.933333,1.000000,1.000000,1.000000,0.904762,nan,nan,nan,nan,nan,nan,nan
0.428571,1.000000,0.833333,1.000000,1.000000,1.000000,1.000000,1.000000,1.000000,1.000000,1.000000,0.937500,0.857143,1.000000,0.906250,1.000000,1.000000,1.000000,1.000000,1.000000,1.000000,1.000000,nan,nan
0.846154,0.750000,0.666667,0.666667,0.857143,0.888889,0.909091,1.000000,0.941176,0.900000,1.000000,1.000000,1.000000,1.000000,1.000000,nan,nan,nan,nan,nan,nan,nan,nan,nan
0.827586,0.950000,0.857143,0.933333,1.000000,1.000000,1.000000,1.000000,1.000000,0.857143,1.000000,0.900000,1.000000,1.000000,0.909091,0.875000,nan,nan,nan,nan,nan,nan,nan,nan
0.727273,0.857143,1.000000,0.888889,0.818182,1.000000,1.000000,1.000000,1.000000,1.000000,1.000000,1.000000,1.000000,1.000000,1.000000,1.000000,0.916667,1.000000,0.958333,0.894737,1.000000,nan,nan,nan
0.333333,0.812500,0.441176,0.916667,1.000000,0.900000,1.000000,0.937500,1.000000,1.000000,1.000000,1.000000,1.000000,1.000000,1.000000,1.000000,1.000000,0.944444,0.882353,0.888889,nan,nan,nan,nan
0.333333,1.000000,0.966667,1.000000,1.000000,1.000000,1.000000,1.000000,1.000000,1.000000,1.000000,1.000000,1.000000,1.000000,1.000000,1.000000,1.000000,1.000000,1.000000,nan,nan,nan,nan,nan
0.500000,0.479167,1.000000,0.848485,0.875000,0.833333,0.782609,0.425926,1.000000,1.000000,1.000000,1.000000,1.000000,0.900000,0.933333,1.000000,1.000000,0.846154,nan,nan,nan,nan,nan,nan
0.800000,0.733333,0.789474,1.000000,0.857143,0.866667,1.000000,1.000000,1.000000,0.555556,0.941176,0.954545,0.888889,0.966667,1.000000,nan,nan,nan,nan,nan,nan,nan,nan,nan
0.916667,0.000000,1.000000,1.000000,1.000000,1.000000,0.875000,1.000000,1.000000,0.857143,1.000000,0.750000,1.000000,1.000000,1.000000,0.923077,0.954545,nan,nan,nan,nan,nan,nan,nan
0.555556,0.750000,0.750000,0.900000,0.666667,1.000000,0.666667,0.928571,1.000000,0.875000,1.000000,0.875000,1.000000,1.000000,1.000000,0.777778,0.937500,1.000000,nan,nan,nan,nan,nan,nan
0.800000,0.200000,1.000000,0.928571,0.888889,1.000000,1.000000,0.833333,1.000000,1.000000,1.000000,0.857143,1.000000,1.000000,1.000000,0.941176,1.000000,1.000000,0.941176,nan,nan,nan,nan,nan
0.222222,0.428571,0.600000,0.000000,0.857143,0.833333,0.952381,0.916667,0.666667,1.000000,1.000000,1.000000,1.000000,1.000000,1.000000,1.000000,1.000000,1.000000,1.000000,nan,nan,nan,nan,nan
1.000000,0.800000,1.000000,0.931034,1.000000,0.968750,1.000000,1.000000,1.000000,1.000000,1.000000,1.000000,1.000000,1.000000,0.900000,1.000000,1.000000,1.000000,1.000000,1.000000,1.000000,1.000000,1.000000,nan
0.800000,1.000000,1.000000,0.500000,1.000000,0.833333,1.000000,0.800000,0.736842,1.000000,1.000000,0.857143,0.944444,1.000000,1.000000,1.000000,1.000000,nan,nan,nan,nan,nan,nan,nan
0.000000,0.333333,0.461538,1.000000,0.980769,0.937500,1.000000,1.000000,1.000000,1.000000,0.875000,1.000000,1.000000,1.000000,1.000000,1.000000,1.000000,1.000000,1.000000,1.000000,1.000000,0.916667,nan,nan
0.428571,0.000000,0.000000,0.625000,1.000000,0.882353,0.863636,0.435484,1.000000,0.714286,0.866667,1.000000,0.666667,0.545455,0.590909,0.571429,0.833333,nan,nan,nan,nan,nan,nan,nan
0.000000,0.200000,0.000000,0.333333,0.555556,0.960000,0.866667,0.724138,0.500000,0.809524,1.000000,0.653846,0.880000,1.000000,0.578947,0.588235,nan,nan,nan,nan,nan,nan,nan,nan
0.750000,1.000000,0.941176,0.857143,0.952381,0.833333,1.000000,1.000000,1.000000,1.000000,1.000000,1.000000,0.913043,1.000000,0.833333,1.000000,nan,nan,nan,nan,nan,nan,nan,nan
0.500000,0.000000,0.400000,0.000000,0.000000,0.766667,0.878788,0.800000,1.000000,0.500000,0.857143,1.000000,1.000000,0.680000,0.812500,1.000000,0.785714,0.666667,nan,nan,nan,nan,nan,nan
0.400000,0.285714,0.714286,1.000000,1.000000,0.733333,0.500000,0.451613,1.000000,1.000000,1.000000,1.000000,1.000000,1.000000,1.000000,0.888889,0.750000,nan,nan,nan,nan,nan,nan,nan
0.500000,0.000000,0.500000,0.666667,1.000000,0.900000,0.900000,0.916667,1.000000,1.000000,1.000000,0.846154,0.714286,0.333333,nan,nan,nan,nan,nan,nan,nan,nan,nan,nan
0.000000,0.333333,0.000000,0.500000,0.933333,0.692308,0.791667,1.000000,0.866667,1.000000,0.875000,0.470588,0.882353,0.833333,0.800000,0.666667,0.600000,nan,nan,nan,nan,nan,nan,nan
0.714286,0.750000,0.000000,1.000000,0.000000,0.807692,0.869565,0.923077,1.000000,0.823529,0.809524,0.947368,0.812500,0.833333,0.916667,0.750000,0.500000,nan,nan,nan,nan,nan,nan,nan
0.000000,0.250000,0.000000,0.800000,0.111111,0.400000,0.727273,0.875000,0.666667,0.695652,1.000000,nan,nan,nan,nan,nan,nan,nan,nan,nan,nan,nan,nan,nan
0.666667,0.000000,0.000000,0.000000,0.666667,1.000000,0.888889,0.800000,0.727273,1.000000,0.941176,0.933333,0.882353,1.000000,1.000000,1.000000,1.000000,1.000000,0.600000,nan,nan,nan,nan,nan
0.923077,0.777778,1.000000,0.800000,1.000000,0.916667,0.863636,0.750000,0.437500,0.941176,1.000000,nan,nan,nan,nan,nan,nan,nan,nan,nan,nan,nan,nan,nan
0.333333,0.454545,0.526316,0.750000,0.800000,0.800000,0.818182,0.900000,1.000000,0.619048,0.666667,0.285714,0.571429,0.800000,1.000000,0.833333,1.000000,0.750000,1.000000,nan,nan,nan,nan,nan
0.787234,0.900000,0.933333,0.925926,1.000000,0.923077,1.000000,0.971429,0.578947,0.833333,0.888889,0.764706,0.500000,1.000000,0.600000,0.600000,1.000000,0.857143,0.500000,nan,nan,nan,nan,nan
0.166667,0.400000,1.000000,0.333333,0.545455,0.666667,0.250000,0.666667,0.545455,0.833333,0.705882,1.000000,0.875000,1.000000,0.894737,nan,nan,nan,nan,nan,nan,nan,nan,nan
0.333333,1.000000,0.500000,0.750000,1.000000,0.944444,1.000000,1.000000,1.000000,0.812500,0.809524,0.142857,1.000000,1.000000,1.000000,0.818182,0.625000,1.000000,1.000000,1.000000,nan,nan,nan,nan
1.000000,0.000000,1.000000,0.741935,1.000000,1.000000,0.800000,1.000000,1.000000,1.000000,0.382979,0.000000,1.000000,1.000000,1.000000,1.000000,1.000000,1.000000,nan,nan,nan,nan,nan,nan
1.000000,0.000000,1.000000,1.000000,1.000000,1.000000,0.875000,1.000000,0.736842,1.000000,0.812500,0.333333,1.000000,1.000000,0.833333,0.800000,1.000000,1.000000,1.000000,1.000000,nan,nan,nan,nan
0.700000,1.000000,1.000000,0.800000,1.000000,0.800000,0.500000,0.636364,0.750000,0.750000,0.700000,0.900000,1.000000,1.000000,0.928571,nan,nan,nan,nan,nan,nan,nan,nan,nan
0.714286,0.000000,0.666667,1.000000,1.000000,1.000000,1.000000,1.000000,0.866667,1.000000,1.000000,1.000000,1.000000,1.000000,1.000000,1.000000,0.888889,1.000000,1.000000,1.000000,1.000000,1.000000,nan,nan
0.666667,0.500000,0.833333,1.000000,0.843750,0.950000,1.000000,0.909091,0.666667,1.000000,1.000000,1.000000,1.000000,0.888889,1.000000,0.750000,0.500000,0.833333,nan,nan,nan,nan,nan,nan
0.500000,0.000000,0.000000,0.000000,0.666667,0.875000,1.000000,1.000000,1.000000,0.562500,1.000000,1.000000,1.000000,0.600000,1.000000,1.000000,0.500000,1.000000,nan,nan,nan,nan,nan,nan
1.000000,1.000000,1.000000,1.000000,0.888889,1.000000,1.000000,1.000000,1.000000,1.000000,1.000000,1.000000,0.941176,1.000000,0.000000,0.857143,0.750000,1.000000,0.812500,1.000000,nan,nan,nan,nan
1.000000,1.000000,1.000000,1.000000,1.000000,1.000000,0.894737,1.000000,1.000000,1.000000,1.000000,1.000000,0.850000,1.000000,1.000000,1.000000,1.000000,1.000000,1.000000,1.000000,1.000000,nan,nan,nan
0.875000,1.000000,1.000000,1.000000,0.846154,1.000000,1.000000,1.000000,1.000000,1.000000,0.750000,0.900000,0.818182,nan,nan,nan,nan,nan,nan,nan,nan,nan,nan,nan
0.611111,1.000000,1.000000,0.571429,0.523810,1.000000,0.708333,1.000000,1.000000,0.900000,0.916667,1.000000,0.833333,0.928571,0.888889,1.000000,1.000000,1.000000,1.000000,1.000000,1.000000,1.000000,nan,nan
0.333333,0.437500,0.000000,0.842105,0.850000,0.818182,0.617647,0.500000,0.727273,0.857143,0.642857,0.650000,1.000000,0.772727,0.769231,0.370370,0.375000,0.545455,0.250000,0.500000,0.000000,0.555556,0.538462,nan
0.400000,0.000000,0.162500,0.435897,0.555556,0.842105,0.457143,0.461538,0.550000,0.615385,0.933333,1.000000,0.300000,0.722222,0.571429,0.782609,0.923077,0.000000,0.666667,0.800000,1.000000,0.714286,1.000000,nan
0.500000,0.300000,0.750000,0.000000,0.636364,0.739130,1.000000,0.727273,0.935484,0.888889,0.888889,0.916667,1.000000,1.000000,1.000000,1.000000,nan,nan,nan,nan,nan,nan,nan,nan
0.500000,1.000000,1.000000,1.000000,0.823529,0.785714,0.736842,0.833333,0.823529,1.000000,1.000000,0.833333,1.000000,0.909091,0.750000,1.000000,1.000000,0.666667,0.600000,1.000000,1.000000,1.000000,nan,nan
0.266667,0.625000,0.722222,0.666667,1.000000,0.750000,0.789474,0.937500,0.956522,0.904762,0.846154,0.944444,0.875000,1.000000,1.000000,1.000000,0.521739,0.833333,1.000000,nan,nan,nan,nan,nan
0.000000,1.000000,nan,0.666667,0.411765,0.888889,0.840000,0.952381,1.000000,0.950000,0.818182,0.687500,1.000000,0.692308,0.500000,nan,nan,nan,nan,nan,nan,nan,nan,nan
0.400000,1.000000,0.555556,1.000000,0.800000,1.000000,1.000000,0.960000,0.944444,1.000000,0.878788,0.894737,1.000000,0.800000,1.000000,1.000000,nan,nan,nan,nan,nan,nan,nan,nan
1.000000,0.571429,0.333333,0.000000,0.500000,0.600000,1.000000,0.739130,1.000000,0.800000,0.833333,1.000000,0.800000,1.000000,1.000000,0.500000,0.777778,0.295455,1.000000,0.714286,0.875000,nan,nan,nan
0.666667,0.545455,1.000000,1.000000,0.909091,1.000000,0.937500,0.833333,1.000000,0.840000,0.800000,0.909091,1.000000,1.000000,0.666667,0.800000,1.000000,1.000000,nan,nan,nan,nan,nan,nan
0.518519,0.500000,1.000000,0.571429,1.000000,0.928571,0.360000,1.000000,0.750000,0.428571,0.531250,0.800000,1.000000,0.857143,1.000000,0.500000,1.000000,0.125000,1.000000,0.714286,1.000000,1.000000,0.666667,nan
