MM:DD:YYYY hh:mm:ss,Library_Version,Session_type,Device_Number,Battery_Voltage,Motor_Turns,FR,Event,Active_Poke,Left_Poke_Count,Right_Poke_Count,Pellet_Count,Block_Pellet_Count,Retrieval_Time,InterPelletInterval,Poke_Time
7/21/2024 10:49:24,1.16.3,FreeFeed,7,4.17,2,1,Pellet,Left,0,0,1,0,Timed_out,nan,nan
7/21/2024 10:50:04,1.16.3,FreeFeed,7,4.17,1,1,Pellet,Left,0,0,2,0,33.81,40,nan
7/21/2024 10:50:35,1.16.3,FreeFeed,7,4.17,1,1,Pellet,Left,0,0,3,0,25.15,31,nan
7/21/2024 13:25:22,1.16.3,FreeFeed,7,4.16,1,1,Pellet,Left,0,0,4,0,Timed_out,9287,nan
7/21/2024 13:25:23,1.16.3,FreeFeed,7,4.16,1,1,Pellet,Left,0,0,5,0,0.42,1,nan
7/21/2024 13:28:14,1.16.3,FreeFeed,7,4.16,1,1,Pellet,Left,0,0,6,0,Timed_out,171,nan
7/21/2024 13:28:44,1.16.3,FreeFeed,7,4.16,1,1,Pellet,Left,0,0,7,0,22.94,30,nan
7/21/2024 13:29:08,1.16.3,FreeFeed,7,4.16,1,1,Pellet,Left,0,0,8,0,17.77,24,nan
7/21/2024 13:34:24,1.16.3,FreeFeed,7,4.16,1,1,Pellet,Left,0,0,9,0,Timed_out,316,nan
7/21/2024 13:34:25,1.16.3,FreeFeed,7,4.16,1,1,Pellet,Left,0,0,10,0,0.06,1,nan
7/21/2024 13:34:26,1.16.3,FreeFeed,7,4.16,1,1,Pellet,Left,0,0,11,0,0.06,1,nan
7/21/2024 13:39:24,1.16.3,FreeFeed,7,4.16,1,1,Pellet,Left,0,0,12,0,Timed_out,298,nan
7/21/2024 13:39:45,1.16.3,FreeFeed,7,4.16,1,1,Pellet,Left,0,0,13,0,14.64,21,nan
7/21/2024 13:40:06,1.16.3,FreeFeed,7,4.16,1,1,Pellet,Left,0,0,14,0,15.44,21,nan
7/21/2024 13:43:15,1.16.3,FreeFeed,7,4.16,1,1,Pellet,Left,0,0,15,0,Timed_out,189,nan
7/21/2024 13:43:22,1.16.3,FreeFeed,7,4.16,1,1,Pellet,Left,0,0,16,0,1.21,7,nan
7/21/2024 13:43:38,1.16.3,FreeFeed,7,4.16,1,1,Pellet,Left,0,0,17,0,8.99,16,nan
7/21/2024 13:44:02,1.16.3,FreeFeed,7,4.16,1,1,Pellet,Left,0,0,18,0,16.66,24,nan
7/21/2024 13:44:28,1.16.3,FreeFeed,7,4.16,1,1,Pellet,Left,0,0,19,0,20.10,26,nan
7/21/2024 13:44:57,1.16.3,FreeFeed,7,4.16,1,1,Pellet,Left,0,0,20,0,21.89,29,nan
7/21/2024 13:45:21,1.16.3,FreeFeed,7,4.16,1,1,Pellet,Left,0,0,21,0,17.83,24,nan
7/21/2024 15:11:28,1.16.3,FreeFeed,7,4.15,2,1,Pellet,Left,0,0,22,0,Timed_out,5166,nan
7/21/2024 15:22:32,1.16.3,FreeFeed,7,4.16,1,1,Pellet,Left,0,0,23,0,Timed_out,665,nan
7/21/2024 15:22:43,1.16.3,FreeFeed,7,4.15,1,1,Pellet,Left,0,0,24,0,4.71,11,nan
7/21/2024 15:23:05,1.16.3,FreeFeed,7,4.16,1,1,Pellet,Left,0,0,25,0,20.85,22,nan
7/21/2024 15:23:26,1.16.3,FreeFeed,7,4.16,1,1,Pellet,Left,0,0,26,0,14.40,21,nan
7/21/2024 15:23:27,1.16.3,FreeFeed,7,4.16,1,1,Pellet,Left,0,0,27,0,0.06,1,nan
7/21/2024 15:23:47,1.16.3,FreeFeed,7,4.15,1,1,Pellet,Left,0,0,28,0,14.03,20,nan
7/21/2024 15:23:57,1.16.3,FreeFeed,7,4.16,1,1,Pellet,Left,0,0,29,0,5.14,10,nan
7/21/2024 15:24:20,1.16.3,FreeFeed,7,4.15,1,1,Pellet,Left,0,0,30,0,16.06,23,nan
7/21/2024 15:24:41,1.16.3,FreeFeed,7,4.15,1,1,Pellet,Left,0,0,31,0,14.64,21,nan
7/21/2024 15:25:00,1.16.3,FreeFeed,7,4.15,1,1,Pellet,Left,0,0,32,0,12.19,19,nan
7/21/2024 15:25:10,1.16.3,FreeFeed,7,4.16,1,1,Pellet,Left,0,0,33,0,3.60,10,nan
7/21/2024 15:25:33,1.16.3,FreeFeed,7,4.15,1,1,Pellet,Left,0,0,34,0,16.86,23,nan
7/21/2024 15:25:54,1.16.3,FreeFeed,7,4.15,1,1,Pellet,Left,0,0,35,0,14.34,21,nan
7/21/2024 15:26:16,1.16.3,FreeFeed,7,4.15,1,1,Pellet,Left,0,0,36,0,20.55,22,nan
7/21/2024 15:26:34,1.16.3,FreeFeed,7,4.16,1,1,Pellet,Left,0,0,37,0,11.21,18,nan
7/21/2024 15:26:55,1.16.3,FreeFeed,7,4.16,1,1,Pellet,Left,0,0,38,0,14.34,21,nan
7/21/2024 15:26:57,1.16.3,FreeFeed,7,4.16,1,1,Pellet,Left,0,0,39,0,0.97,2,nan
7/21/2024 15:27:08,1.16.3,FreeFeed,7,4.16,1,1,Pellet,Left,0,0,40,0,4.46,11,nan
7/21/2024 15:27:29,1.16.3,FreeFeed,7,4.15,1,1,Pellet,Left,0,0,41,0,14.46,21,nan
7/21/2024 15:27:47,1.16.3,FreeFeed,7,4.16,1,1,Pellet,Left,0,0,42,0,12.00,18,nan
7/21/2024 15:28:36,1.16.3,FreeFeed,7,4.15,1,1,Pellet,Left,0,0,43,0,42.94,49,nan
7/21/2024 17:41:09,1.16.3,FreeFeed,7,4.14,1,1,Pellet,Left,0,0,44,0,Timed_out,7953,nan
7/21/2024 17:41:21,1.16.3,FreeFeed,7,4.15,1,1,Pellet,Left,0,0,45,0,5.93,12,nan
7/21/2024 17:41:44,1.16.3,FreeFeed,7,4.15,1,1,Pellet,Left,0,0,46,0,16.78,23,nan
7/21/2024 17:42:12,1.16.3,FreeFeed,7,4.15,1,1,Pellet,Left,0,0,47,0,21.88,28,nan
7/21/2024 17:42:35,1.16.3,FreeFeed,7,4.15,1,1,Pellet,Left,0,0,48,0,16.96,23,nan
7/21/2024 17:42:52,1.16.3,FreeFeed,7,4.14,1,1,Pellet,Left,0,0,49,0,9.55,17,nan
7/21/2024 17:43:13,1.16.3,FreeFeed,7,4.15,1,1,Pellet,Left,0,0,50,0,20.41,21,nan
7/21/2024 17:43:17,1.16.3,FreeFeed,7,4.15,1,1,Pellet,Left,0,0,51,0,2.50,4,nan
7/21/2024 17:43:42,1.16.3,FreeFeed,7,4.14,1,1,Pellet,Left,0,0,52,0,17.76,25,nan
7/21/2024 17:44:07,1.16.3,FreeFeed,7,4.14,1,1,Pellet,Left,0,0,53,0,18.88,25,nan
7/21/2024 17:44:31,1.16.3,FreeFeed,7,4.14,1,1,Pellet,Left,0,0,54,0,17.46,24,nan
7/21/2024 17:44:54,1.16.3,FreeFeed,7,4.15,1,1,Pellet,Left,0,0,55,0,22.81,23,nan
7/21/2024 17:45:16,1.16.3,FreeFeed,7,4.15,2,1,Pellet,Left,0,0,56,0,19.74,22,nan
7/21/2024 17:45:17,1.16.3,FreeFeed,7,4.14,1,1,Pellet,Left,0,0,57,0,0.06,1,nan
7/21/2024 17:45:37,1.16.3,FreeFeed,7,4.15,1,1,Pellet,Left,0,0,58,0,12.98,20,nan
7/21/2024 18:05:30,1.16.3,FreeFeed,7,4.14,1,1,Pellet,Left,0,0,59,0,Timed_out,1193,nan
7/21/2024 18:17:13,1.16.3,FreeFeed,7,4.14,nan,1,RightWithPellet,Left,0,1,59,0,nan,nan,0.08
7/21/2024 18:17:21,1.16.3,FreeFeed,7,4.15,1,1,Pellet,Left,0,1,60,0,Timed_out,711,nan
7/21/2024 18:39:24,1.16.3,FreeFeed,7,4.15,1,1,Pellet,Left,0,1,61,0,Timed_out,1323,nan
7/21/2024 18:39:25,1.16.3,FreeFeed,7,4.14,1,1,Pellet,Left,0,1,62,0,0.06,1,nan
7/21/2024 18:39:57,1.16.3,FreeFeed,7,4.14,1,1,Pellet,Left,0,1,63,0,25.46,32,nan
7/21/2024 18:40:16,1.16.3,FreeFeed,7,4.14,1,1,Pellet,Left,0,1,64,0,12.43,19,nan
7/21/2024 18:40:31,1.16.3,FreeFeed,7,4.14,1,1,Pellet,Left,0,1,65,0,13.84,15,nan
7/21/2024 18:40:56,1.16.3,FreeFeed,7,4.14,1,1,Pellet,Left,0,1,66,0,23.73,25,nan
7/21/2024 19:23:10,1.16.3,FreeFeed,7,4.14,1,1,Pellet,Left,0,1,67,0,Timed_out,2534,nan
7/21/2024 19:23:47,1.16.3,FreeFeed,7,4.14,1,1,Pellet,Left,0,1,68,0,30.32,37,nan
7/21/2024 19:24:15,1.16.3,FreeFeed,7,4.14,1,1,Pellet,Left,0,1,69,0,21.03,28,nan
7/21/2024 19:24:32,1.16.3,FreeFeed,7,4.14,1,1,Pellet,Left,0,1,70,0,15.93,17,nan
7/21/2024 19:24:48,1.16.3,FreeFeed,7,4.14,1,1,Pellet,Left,0,1,71,0,9.85,16,nan
7/21/2024 19:25:09,1.16.3,FreeFeed,7,4.14,1,1,Pellet,Left,0,1,72,0,14.08,21,nan
7/21/2024 19:25:11,1.16.3,FreeFeed,7,4.14,1,1,Pellet,Left,0,1,73,0,1.22,2,nan
7/21/2024 19:25:31,1.16.3,FreeFeed,7,4.14,1,1,Pellet,Left,0,1,74,0,13.41,20,nan
7/21/2024 19:25:32,1.16.3,FreeFeed,7,4.14,1,1,Pellet,Left,0,1,75,0,0.06,1,nan
7/21/2024 19:42:30,1.16.3,FreeFeed,7,4.14,1,1,Pellet,Left,0,1,76,0,Timed_out,1018,nan
7/21/2024 19:43:28,1.16.3,FreeFeed,7,4.14,1,1,Pellet,Left,0,1,77,0,51.71,58,nan
7/21/2024 19:43:49,1.16.3,FreeFeed,7,4.14,1,1,Pellet,Left,0,1,78,0,13.90,20,nan
7/21/2024 19:44:08,1.16.3,FreeFeed,7,4.14,1,1,Pellet,Left,0,1,79,0,13.59,20,nan
7/21/2024 19:44:28,1.16.3,FreeFeed,7,4.14,1,1,Pellet,Left,0,1,80,0,13.04,20,nan
7/21/2024 19:44:49,1.16.3,FreeFeed,7,4.14,1,1,Pellet,Left,0,1,81,0,14.27,21,nan
7/21/2024 19:45:08,1.16.3,FreeFeed,7,4.14,1,1,Pellet,Left,0,1,82,0,18.50,19,nan
7/21/2024 19:47:04,1.16.3,FreeFeed,7,4.14,1,1,Pellet,Left,0,1,83,0,Timed_out,116,nan
7/21/2024 19:47:26,1.16.3,FreeFeed,7,4.14,1,1,Pellet,Left,0,1,84,0,15.68,22,nan
7/21/2024 19:47:42,1.16.3,FreeFeed,7,4.14,2,1,Pellet,Left,0,1,85,0,7.64,16,nan
7/21/2024 20:14:51,1.16.3,FreeFeed,7,4.14,1,1,Pellet,Left,0,1,86,0,Timed_out,1629,nan
7/21/2024 20:14:52,1.16.3,FreeFeed,7,4.14,1,1,Pellet,Left,0,1,87,0,0.73,1,nan
7/21/2024 20:15:32,1.16.3,FreeFeed,7,4.14,1,1,Pellet,Left,0,1,88,0,33.69,40,nan
7/21/2024 20:15:54,1.16.3,FreeFeed,7,4.14,1,1,Pellet,Left,0,1,89,0,15.75,22,nan
7/21/2024 20:16:13,1.16.3,FreeFeed,7,4.14,1,1,Pellet,Left,0,1,90,0,12.61,19,nan
7/21/2024 20:16:32,1.16.3,FreeFeed,7,4.14,1,1,Pellet,Left,0,1,91,0,11.81,19,nan
7/21/2024 20:16:33,1.16.3,FreeFeed,7,4.14,1,1,Pellet,Left,0,1,92,0,0.06,1,nan
7/21/2024 20:16:48,1.16.3,FreeFeed,7,4.14,1,1,Pellet,Left,0,1,93,0,8.08,15,nan
7/21/2024 20:17:09,1.16.3,FreeFeed,7,4.14,1,1,Pellet,Left,0,1,94,0,14.39,21,nan
7/21/2024 20:17:47,1.16.3,FreeFeed,7,4.14,1,1,Pellet,Left,0,1,95,0,31.54,38,nan
7/21/2024 20:26:23,1.16.3,FreeFeed,7,4.14,2,1,Pellet,Left,0,1,96,0,Timed_out,515,nan
7/21/2024 20:26:42,1.16.3,FreeFeed,7,4.14,1,1,Pellet,Left,0,1,97,0,13.29,20,nan
7/21/2024 20:27:02,1.16.3,FreeFeed,7,4.14,1,1,Pellet,Left,0,1,98,0,13.11,20,nan
7/21/2024 20:27:22,1.16.3,FreeFeed,7,4.14,1,1,Pellet,Left,0,1,99,0,17.77,20,nan
7/21/2024 20:27:45,1.16.3,FreeFeed,7,4.14,1,1,Pellet,Left,0,1,100,0,15.99,23,nan
7/21/2024 20:28:09,1.16.3,FreeFeed,7,4.14,1,1,Pellet,Left,0,1,101,0,17.34,24,nan
7/21/2024 20:50:37,1.16.3,FreeFeed,7,4.14,1,1,Pellet,Left,0,1,102,0,Timed_out,1348,nan
7/21/2024 21:06:14,1.16.3,FreeFeed,7,4.13,1,1,Pellet,Left,0,1,103,0,Timed_out,937,nan
7/21/2024 21:06:59,1.16.3,FreeFeed,7,4.14,1,1,Pellet,Left,0,1,104,0,43.05,45,nan
7/21/2024 21:07:31,1.16.3,FreeFeed,7,4.14,1,1,Pellet,Left,0,1,105,0,25.70,32,nan
7/21/2024 21:07:51,1.16.3,FreeFeed,7,4.13,1,1,Pellet,Left,0,1,106,0,14.15,20,nan
7/21/2024 21:08:18,1.16.3,FreeFeed,7,4.14,1,1,Pellet,Left,0,1,107,0,20.78,27,nan
7/21/2024 21:19:48,1.16.3,FreeFeed,7,4.13,1,1,Pellet,Left,0,1,108,0,Timed_out,690,nan
7/21/2024 21:19:49,1.16.3,FreeFeed,7,4.14,1,1,Pellet,Left,0,1,109,0,0.12,1,nan
7/21/2024 21:20:14,1.16.3,FreeFeed,7,4.14,1,1,Pellet,Left,0,1,110,0,17.89,25,nan
7/21/2024 21:20:51,1.16.3,FreeFeed,7,4.14,nan,1,RightWithPellet,Left,0,2,110,0,nan,nan,0.21
7/21/2024 21:20:55,1.16.3,FreeFeed,7,4.14,1,1,Pellet,Left,0,2,111,0,35.83,41,nan
7/21/2024 21:21:08,1.16.3,FreeFeed,7,4.14,1,1,Pellet,Left,0,2,112,0,5.80,13,nan
7/21/2024 21:21:22,1.16.3,FreeFeed,7,4.14,2,1,Pellet,Left,0,2,113,0,6.11,14,nan
7/21/2024 21:21:41,1.16.3,FreeFeed,7,4.14,1,1,Pellet,Left,0,2,114,0,12.24,19,nan
7/21/2024 21:22:00,1.16.3,FreeFeed,7,4.14,1,1,Pellet,Left,0,2,115,0,11.99,19,nan
7/21/2024 21:22:11,1.16.3,FreeFeed,7,4.13,1,1,Pellet,Left,0,2,116,0,3.91,11,nan
7/21/2024 21:22:27,1.16.3,FreeFeed,7,4.13,1,1,Pellet,Left,0,2,117,0,9.73,16,nan
7/21/2024 21:22:42,1.16.3,FreeFeed,7,4.13,1,1,Pellet,Left,0,2,118,0,14.45,15,nan
7/21/2024 21:48:15,1.16.3,FreeFeed,7,4.13,1,1,Pellet,Left,0,2,119,0,Timed_out,1533,nan
7/21/2024 22:06:02,1.16.3,FreeFeed,7,4.13,1,1,Pellet,Left,0,2,120,0,Timed_out,1067,nan
7/21/2024 22:06:13,1.16.3,FreeFeed,7,4.13,1,1,Pellet,Left,0,2,121,0,4.40,11,nan
7/21/2024 22:06:31,1.16.3,FreeFeed,7,4.14,1,1,Pellet,Left,0,2,122,0,12.06,18,nan
7/21/2024 22:06:39,1.16.3,FreeFeed,7,4.13,1,1,Pellet,Left,0,2,123,0,6.61,8,nan
7/21/2024 22:06:51,1.16.3,FreeFeed,7,4.13,1,1,Pellet,Left,0,2,124,0,6.06,12,nan
7/21/2024 22:06:52,1.16.3,FreeFeed,7,4.13,1,1,Pellet,Left,0,2,125,0,0.06,1,nan
7/21/2024 22:07:13,1.16.3,FreeFeed,7,4.13,1,1,Pellet,Left,0,2,126,0,14.40,21,nan
7/21/2024 22:07:34,1.16.3,FreeFeed,7,4.13,1,1,Pellet,Left,0,2,127,0,14.64,21,nan
7/21/2024 22:07:54,1.16.3,FreeFeed,7,4.13,1,1,Pellet,Left,0,2,128,0,13.72,20,nan
7/21/2024 22:08:16,1.16.3,FreeFeed,7,4.13,1,1,Pellet,Left,0,2,129,0,20.17,22,nan
7/21/2024 22:16:19,1.16.3,FreeFeed,7,4.13,nan,1,LeftWithPellet,Left,1,2,129,0,nan,nan,0.20
7/21/2024 22:25:06,1.16.3,FreeFeed,7,4.13,1,1,Pellet,Left,1,2,130,0,Timed_out,1010,nan
7/21/2024 22:25:07,1.16.3,FreeFeed,7,4.13,1,1,Pellet,Left,1,2,131,0,0.06,1,nan
7/21/2024 22:25:30,1.16.3,FreeFeed,7,4.13,1,1,Pellet,Left,1,2,132,0,16.12,23,nan
7/21/2024 22:25:58,1.16.3,FreeFeed,7,4.13,nan,1,LeftWithPellet,Left,2,2,132,0,nan,nan,0.06
7/21/2024 22:26:20,1.16.3,FreeFeed,7,4.13,1,1,Pellet,Left,2,2,133,0,42.97,50,nan
7/21/2024 22:40:27,1.16.3,FreeFeed,7,4.13,nan,1,RightWithPellet,Left,2,3,133,0,nan,nan,0.06
7/21/2024 22:40:30,1.16.3,FreeFeed,7,4.13,nan,1,LeftWithPellet,Left,3,3,133,0,nan,nan,0.16
7/21/2024 22:51:47,1.16.3,FreeFeed,7,4.13,nan,1,RightWithPellet,Left,3,4,133,0,nan,nan,0.18
7/21/2024 22:55:04,1.16.3,FreeFeed,7,4.13,1,1,Pellet,Left,3,4,134,0,Timed_out,1724,nan
7/21/2024 22:55:14,1.16.3,FreeFeed,7,4.13,1,1,Pellet,Left,3,4,135,0,3.36,10,nan
7/21/2024 22:55:22,1.16.3,FreeFeed,7,4.13,1,1,Pellet,Left,3,4,136,0,2.07,8,nan
7/21/2024 22:55:37,1.16.3,FreeFeed,7,4.13,1,1,Pellet,Left,3,4,137,0,7.47,15,nan
7/21/2024 22:55:52,1.16.3,FreeFeed,7,4.13,1,1,Pellet,Left,3,4,138,0,8.20,15,nan
7/21/2024 22:55:59,1.16.3,FreeFeed,7,4.13,2,1,Pellet,Left,3,4,139,0,0.79,7,nan
7/21/2024 22:56:16,1.16.3,FreeFeed,7,4.13,1,1,Pellet,Left,3,4,140,0,9.80,17,nan
7/21/2024 22:56:35,1.16.3,FreeFeed,7,4.13,1,1,Pellet,Left,3,4,141,0,16.49,19,nan
7/21/2024 22:56:51,1.16.3,FreeFeed,7,4.13,1,1,Pellet,Left,3,4,142,0,9.49,16,nan
7/21/2024 22:57:09,1.16.3,FreeFeed,7,4.13,1,1,Pellet,Left,3,4,143,0,11.02,18,nan
7/21/2024 22:57:23,1.16.3,FreeFeed,7,4.13,1,1,Pellet,Left,3,4,144,0,8.02,14,nan
7/21/2024 22:57:45,1.16.3,FreeFeed,7,4.13,1,1,Pellet,Left,3,4,145,0,14.46,22,nan
7/21/2024 22:58:02,1.16.3,FreeFeed,7,4.14,1,1,Pellet,Left,3,4,146,0,10.65,17,nan
7/21/2024 22:58:19,1.16.3,FreeFeed,7,4.13,1,1,Pellet,Left,3,4,147,0,10.84,17,nan
7/21/2024 22:58:40,1.16.3,FreeFeed,7,4.13,1,1,Pellet,Left,3,4,148,0,19.19,21,nan
7/21/2024 22:58:58,1.16.3,FreeFeed,7,4.13,1,1,Pellet,Left,3,4,149,0,11.94,18,nan
7/21/2024 23:40:21,1.16.3,FreeFeed,7,4.12,1,1,Pellet,Left,3,4,150,0,Timed_out,2483,nan
7/21/2024 23:40:29,1.16.3,FreeFeed,7,4.13,1,1,Pellet,Left,3,4,151,0,1.46,8,nan
7/21/2024 23:40:57,1.16.3,FreeFeed,7,4.13,1,1,Pellet,Left,3,4,152,0,20.96,28,nan
7/21/2024 23:41:20,1.16.3,FreeFeed,7,4.13,2,1,Pellet,Left,3,4,153,0,15.07,23,nan
7/21/2024 23:41:38,1.16.3,FreeFeed,7,4.13,1,1,Pellet,Left,3,4,154,0,11.51,18,nan
7/21/2024 23:41:59,1.16.3,FreeFeed,7,4.13,1,1,Pellet,Left,3,4,155,0,14.09,21,nan
7/21/2024 23:42:16,1.16.3,FreeFeed,7,4.13,1,1,Pellet,Left,3,4,156,0,10.65,17,nan
7/22/2024 0:15:02,1.16.3,FreeFeed,7,4.12,1,1,Pellet,Left,3,4,157,0,Timed_out,1966,nan
7/22/2024 0:15:08,1.16.3,FreeFeed,7,4.12,2,1,Pellet,Left,3,4,158,0,0.48,6,nan
7/22/2024 0:15:25,1.16.3,FreeFeed,7,4.12,1,1,Pellet,Left,3,4,159,0,10.04,17,nan
7/22/2024 0:15:53,1.16.3,FreeFeed,7,4.12,1,1,Pellet,Left,3,4,160,0,21.53,28,nan
7/22/2024 0:16:02,1.16.3,FreeFeed,7,4.12,1,1,Pellet,Left,3,4,161,0,2.07,9,nan
7/22/2024 0:16:16,1.16.3,FreeFeed,7,4.13,1,1,Pellet,Left,3,4,162,0,7.52,14,nan
7/22/2024 0:16:24,1.16.3,FreeFeed,7,4.12,1,1,Pellet,Left,3,4,163,0,1.28,8,nan
7/22/2024 0:16:40,1.16.3,FreeFeed,7,4.12,1,1,Pellet,Left,3,4,164,0,9.00,16,nan
7/22/2024 0:16:57,1.16.3,FreeFeed,7,4.12,1,1,Pellet,Left,3,4,165,0,10.28,17,nan
7/22/2024 0:17:18,1.16.3,FreeFeed,7,4.12,1,1,Pellet,Left,3,4,166,0,13.97,21,nan
7/22/2024 0:17:35,1.16.3,FreeFeed,7,4.12,1,1,Pellet,Left,3,4,167,0,10.65,17,nan
7/22/2024 0:33:15,1.16.3,FreeFeed,7,4.12,nan,1,RightWithPellet,Left,3,5,167,0,nan,nan,0.45
7/22/2024 0:33:16,1.16.3,FreeFeed,7,4.13,nan,1,RightWithPellet,Left,3,6,167,0,nan,nan,0.10
7/22/2024 0:33:19,1.16.3,FreeFeed,7,4.12,nan,1,RightWithPellet,Left,3,7,167,0,nan,nan,0.59
7/22/2024 0:33:20,1.16.3,FreeFeed,7,4.13,nan,1,RightWithPellet,Left,3,8,167,0,nan,nan,0.16
7/22/2024 0:51:43,1.16.3,FreeFeed,7,4.12,nan,1,LeftWithPellet,Left,4,8,167,0,nan,nan,0.56
7/22/2024 0:53:25,1.16.3,FreeFeed,7,4.12,nan,1,LeftWithPellet,Left,5,8,167,0,nan,nan,0.11
7/22/2024 0:55:26,1.16.3,FreeFeed,7,4.12,nan,1,LeftWithPellet,Left,6,8,167,0,nan,nan,0.05
7/22/2024 1:01:48,1.16.3,FreeFeed,7,4.12,nan,1,RightWithPellet,Left,6,9,167,0,nan,nan,0.10
7/22/2024 1:02:30,1.16.3,FreeFeed,7,4.12,nan,1,RightWithPellet,Left,6,10,167,0,nan,nan,0.04
7/22/2024 1:04:13,1.16.3,FreeFeed,7,4.12,1,1,Pellet,Left,6,10,168,0,Timed_out,2798,nan
7/22/2024 1:04:22,1.16.3,FreeFeed,7,4.12,1,1,Pellet,Left,6,10,169,0,1.77,9,nan
7/22/2024 1:04:28,1.16.3,FreeFeed,7,4.12,1,1,Pellet,Left,6,10,170,0,0.48,6,nan
7/22/2024 1:04:35,1.16.3,FreeFeed,7,4.13,2,1,Pellet,Left,6,10,171,0,0.06,7,nan
7/22/2024 1:04:42,1.16.3,FreeFeed,7,4.12,1,1,Pellet,Left,6,10,172,0,0.48,7,nan
7/22/2024 1:04:59,1.16.3,FreeFeed,7,4.12,1,1,Pellet,Left,6,10,173,0,9.73,17,nan
7/22/2024 1:05:15,1.16.3,FreeFeed,7,4.12,1,1,Pellet,Left,6,10,174,0,10.16,16,nan
7/22/2024 1:05:24,1.16.3,FreeFeed,7,4.12,1,1,Pellet,Left,6,10,175,0,2.07,9,nan
7/22/2024 1:05:41,1.16.3,FreeFeed,7,4.12,1,1,Pellet,Left,6,10,176,0,10.10,17,nan
7/22/2024 1:05:55,1.16.3,FreeFeed,7,4.12,1,1,Pellet,Left,6,10,177,0,6.54,14,nan
7/22/2024 1:06:09,1.16.3,FreeFeed,7,4.12,1,1,Pellet,Left,6,10,178,0,12.86,14,nan
7/22/2024 1:06:25,1.16.3,FreeFeed,7,4.12,2,1,Pellet,Left,6,10,179,0,9.43,16,nan
7/22/2024 1:06:38,1.16.3,FreeFeed,7,4.12,1,1,Pellet,Left,6,10,180,0,7.46,13,nan
7/22/2024 4:36:51,1.16.3,FreeFeed,7,4.12,nan,1,RightWithPellet,Left,6,11,180,0,nan,nan,0.01
7/22/2024 4:37:28,1.16.3,FreeFeed,7,4.12,nan,1,LeftWithPellet,Left,7,11,180,0,nan,nan,0.14
7/22/2024 4:37:58,1.16.3,FreeFeed,7,4.11,1,1,Pellet,Left,7,11,181,0,Timed_out,12680,nan
7/22/2024 4:38:06,1.16.3,FreeFeed,7,4.12,2,1,Pellet,Left,7,11,182,0,0.06,8,nan
7/22/2024 4:38:27,1.16.3,FreeFeed,7,4.12,1,1,Pellet,Left,7,11,183,0,14.59,21,nan
7/22/2024 4:38:43,1.16.3,FreeFeed,7,4.12,1,1,Pellet,Left,7,11,184,0,10.10,16,nan
7/22/2024 4:39:08,1.16.3,FreeFeed,7,4.12,1,1,Pellet,Left,7,11,185,0,17.96,25,nan
7/22/2024 4:39:15,1.16.3,FreeFeed,7,4.12,1,1,Pellet,Left,7,11,186,0,1.34,7,nan
7/22/2024 4:39:16,1.16.3,FreeFeed,7,4.12,1,1,Pellet,Left,7,11,187,0,0.06,1,nan
7/22/2024 4:39:25,1.16.3,FreeFeed,7,4.12,3,1,Pellet,Left,7,11,188,0,0.36,9,nan
7/22/2024 4:39:40,1.16.3,FreeFeed,7,4.11,1,1,Pellet,Left,7,11,189,0,8.94,15,nan
7/22/2024 4:39:56,1.16.3,FreeFeed,7,4.11,1,1,Pellet,Left,7,11,190,0,10.04,16,nan
7/22/2024 4:40:12,1.16.3,FreeFeed,7,4.12,1,1,Pellet,Left,7,11,191,0,9.00,16,nan
7/22/2024 4:40:30,1.16.3,FreeFeed,7,4.12,1,1,Pellet,Left,7,11,192,0,17.15,18,nan
7/22/2024 4:40:47,1.16.3,FreeFeed,7,4.12,1,1,Pellet,Left,7,11,193,0,9.79,17,nan
7/22/2024 4:41:00,1.16.3,FreeFeed,7,4.12,1,1,Pellet,Left,7,11,194,0,7.28,13,nan
7/22/2024 5:00:01,1.16.3,FreeFeed,7,4.12,nan,1,LeftWithPellet,Left,8,11,194,0,nan,nan,0.30
7/22/2024 5:00:10,1.16.3,FreeFeed,7,4.12,nan,1,RightWithPellet,Left,8,12,194,0,nan,nan,0.94
7/22/2024 5:00:19,1.16.3,FreeFeed,7,4.11,nan,1,RightWithPellet,Left,8,13,194,0,nan,nan,0.59
7/22/2024 5:11:42,1.16.3,FreeFeed,7,4.11,1,1,Pellet,Left,8,13,195,0,Timed_out,1842,nan
7/22/2024 5:11:44,1.16.3,FreeFeed,7,4.12,1,1,Pellet,Left,8,13,196,0,0.06,2,nan
7/22/2024 5:11:52,1.16.3,FreeFeed,7,4.12,1,1,Pellet,Left,8,13,197,0,0.67,8,nan
7/22/2024 5:12:08,1.16.3,FreeFeed,7,4.12,1,1,Pellet,Left,8,13,198,0,10.22,16,nan
7/22/2024 5:12:22,1.16.3,FreeFeed,7,4.11,1,1,Pellet,Left,8,13,199,0,6.49,14,nan
7/22/2024 5:12:38,1.16.3,FreeFeed,7,4.12,1,1,Pellet,Left,8,13,200,0,9.61,16,nan
7/22/2024 5:12:39,1.16.3,FreeFeed,7,4.11,1,1,Pellet,Left,8,13,201,0,0.06,1,nan
7/22/2024 5:12:53,1.16.3,FreeFeed,7,4.11,1,1,Pellet,Left,8,13,202,0,8.14,14,nan
7/22/2024 5:13:09,1.16.3,FreeFeed,7,4.11,1,1,Pellet,Left,8,13,203,0,8.57,16,nan
7/22/2024 5:13:23,1.16.3,FreeFeed,7,4.12,1,1,Pellet,Left,8,13,204,0,8.26,14,nan
7/22/2024 5:13:40,1.16.3,FreeFeed,7,4.11,1,1,Pellet,Left,8,13,205,0,9.49,17,nan
7/22/2024 5:13:55,1.16.3,FreeFeed,7,4.11,1,1,Pellet,Left,8,13,206,0,8.51,15,nan
7/22/2024 5:14:02,1.16.3,FreeFeed,7,4.12,1,1,Pellet,Left,8,13,207,0,1.22,7,nan
7/22/2024 5:14:21,1.16.3,FreeFeed,7,4.11,1,1,Pellet,Left,8,13,208,0,11.82,19,nan
7/22/2024 5:14:31,1.16.3,FreeFeed,7,4.11,2,1,Pellet,Left,8,13,209,0,3.30,10,nan
7/22/2024 5:14:38,1.16.3,FreeFeed,7,4.12,1,1,Pellet,Left,8,13,210,0,0.91,7,nan
7/22/2024 5:14:54,1.16.3,FreeFeed,7,4.12,1,1,Pellet,Left,8,13,211,0,9.79,16,nan
7/22/2024 5:21:26,1.16.3,FreeFeed,7,4.11,nan,1,LeftWithPellet,Left,9,13,211,0,nan,nan,0.13
7/22/2024 5:21:40,1.16.3,FreeFeed,7,4.12,nan,1,RightWithPellet,Left,9,14,211,0,nan,nan,0.00
7/22/2024 5:31:50,1.16.3,FreeFeed,7,4.11,nan,1,LeftWithPellet,Left,10,14,211,0,nan,nan,0.24
7/22/2024 5:42:31,1.16.3,FreeFeed,7,4.11,nan,1,RightWithPellet,Left,10,15,211,0,nan,nan,0.26
7/22/2024 5:47:38,1.16.3,FreeFeed,7,4.11,nan,1,RightWithPellet,Left,10,16,211,0,nan,nan,0.99
7/22/2024 5:51:38,1.16.3,FreeFeed,7,4.11,nan,1,RightWithPellet,Left,10,17,211,0,nan,nan,0.43
7/22/2024 6:08:26,1.16.3,FreeFeed,7,4.11,nan,1,RightWithPellet,Left,10,18,211,0,nan,nan,0.16
7/22/2024 6:08:26,1.16.3,FreeFeed,7,4.12,nan,1,RightWithPellet,Left,10,19,211,0,nan,nan,0.02
7/22/2024 6:08:28,1.16.3,FreeFeed,7,4.11,nan,1,RightWithPellet,Left,10,20,211,0,nan,nan,0.08
7/22/2024 6:14:49,1.16.3,FreeFeed,7,4.11,nan,1,RightWithPellet,Left,10,21,211,0,nan,nan,0.65
7/22/2024 9:23:20,1.16.3,FreeFeed,7,4.11,nan,1,RightWithPellet,Left,10,22,211,0,nan,nan,0.16
7/22/2024 10:09:51,1.16.3,FreeFeed,7,4.11,1,1,Pellet,Left,10,22,212,0,Timed_out,17697,nan
7/22/2024 10:10:21,1.16.3,FreeFeed,7,4.11,1,1,Pellet,Left,10,22,213,0,23.13,30,nan
7/22/2024 10:11:32,1.16.3,FreeFeed,7,4.11,nan,1,LeftWithPellet,Left,11,22,213,0,nan,nan,0.18
7/22/2024 10:11:33,1.16.3,FreeFeed,7,4.11,1,1,Pellet,Left,11,22,214,0,Timed_out,72,nan
7/22/2024 10:11:37,1.16.3,FreeFeed,7,4.10,1,1,Pellet,Left,11,22,215,0,2.25,3,nan
7/22/2024 10:11:49,1.16.3,FreeFeed,7,4.11,1,1,Pellet,Left,11,22,216,0,5.50,13,nan
7/22/2024 10:12:00,1.16.3,FreeFeed,7,4.10,1,1,Pellet,Left,11,22,217,0,4.03,11,nan
7/22/2024 10:12:14,1.16.3,FreeFeed,7,4.11,2,1,Pellet,Left,11,22,218,0,5.56,14,nan
7/22/2024 10:12:27,1.16.3,FreeFeed,7,4.10,1,1,Pellet,Left,11,22,219,0,6.85,13,nan
7/22/2024 10:12:42,1.16.3,FreeFeed,7,4.11,1,1,Pellet,Left,11,22,220,0,8.08,15,nan
7/22/2024 10:12:57,1.16.3,FreeFeed,7,4.11,1,1,Pellet,Left,11,22,221,0,9.00,15,nan
7/22/2024 10:13:13,1.16.3,FreeFeed,7,4.11,1,1,Pellet,Left,11,22,222,0,9.30,16,nan
7/22/2024 10:13:30,1.16.3,FreeFeed,7,4.10,1,1,Pellet,Left,11,22,223,0,15.08,17,nan
7/22/2024 10:13:44,1.16.3,FreeFeed,7,4.10,1,1,Pellet,Left,11,22,224,0,7.34,14,nan
7/22/2024 10:13:54,1.16.3,FreeFeed,7,4.11,1,1,Pellet,Left,11,22,225,0,3.17,10,nan
7/22/2024 10:14:10,1.16.3,FreeFeed,7,4.11,1,1,Pellet,Left,11,22,226,0,9.24,16,nan
7/22/2024 10:14:25,1.16.3,FreeFeed,7,4.11,1,1,Pellet,Left,11,22,227,0,14.15,15,nan
7/22/2024 10:14:41,1.16.3,FreeFeed,7,4.11,1,1,Pellet,Left,11,22,228,0,9.36,16,nan
7/22/2024 10:14:57,1.16.3,FreeFeed,7,4.11,1,1,Pellet,Left,11,22,229,0,9.37,16,nan
7/22/2024 10:15:15,1.16.3,FreeFeed,7,4.11,1,1,Pellet,Left,11,22,230,0,11.33,18,nan
7/22/2024 10:15:34,1.16.3,FreeFeed,7,4.11,1,1,Pellet,Left,11,22,231,0,17.41,19,nan
7/22/2024 10:15:52,1.16.3,FreeFeed,7,4.10,1,1,Pellet,Left,11,22,232,0,11.51,18,nan
7/22/2024 10:16:10,1.16.3,FreeFeed,7,4.11,1,1,Pellet,Left,11,22,233,0,11.58,18,nan
7/22/2024 16:13:41,1.16.3,FreeFeed,7,4.09,1,1,Pellet,Left,11,22,234,0,Timed_out,21451,nan
7/22/2024 16:13:42,1.16.3,FreeFeed,7,4.09,1,1,Pellet,Left,11,22,235,0,0.06,1,nan
7/22/2024 16:14:04,1.16.3,FreeFeed,7,4.10,1,1,Pellet,Left,11,22,236,0,15.45,21,nan
7/22/2024 16:14:20,1.16.3,FreeFeed,7,4.09,1,1,Pellet,Left,11,22,237,0,9.49,17,nan
7/22/2024 16:14:38,1.16.3,FreeFeed,7,4.09,1,1,Pellet,Left,11,22,238,0,11.88,18,nan
7/22/2024 16:14:55,1.16.3,FreeFeed,7,4.09,1,1,Pellet,Left,11,22,239,0,11.33,17,nan
7/22/2024 16:15:15,1.16.3,FreeFeed,7,4.09,1,1,Pellet,Left,11,22,240,0,12.92,20,nan
7/22/2024 16:15:33,1.16.3,FreeFeed,7,4.09,1,1,Pellet,Left,11,22,241,0,11.94,18,nan
7/22/2024 16:15:34,1.16.3,FreeFeed,7,4.09,1,1,Pellet,Left,11,22,242,0,0.06,1,nan
7/22/2024 16:19:04,1.16.3,FreeFeed,7,4.09,1,1,Pellet,Left,11,22,243,0,Timed_out,210,nan
7/22/2024 16:19:11,1.16.3,FreeFeed,7,4.09,2,1,Pellet,Left,11,22,244,0,0.06,7,nan
7/22/2024 16:19:28,1.16.3,FreeFeed,7,4.09,1,1,Pellet,Left,11,22,245,0,10.04,17,nan
7/22/2024 16:19:43,1.16.3,FreeFeed,7,4.09,1,1,Pellet,Left,11,22,246,0,8.02,15,nan
7/22/2024 16:19:50,1.16.3,FreeFeed,7,4.09,1,1,Pellet,Left,11,22,247,0,0.36,7,nan
7/22/2024 16:20:06,1.16.3,FreeFeed,7,4.09,1,1,Pellet,Left,11,22,248,0,8.93,16,nan
7/22/2024 16:20:27,1.16.3,FreeFeed,7,4.09,1,1,Pellet,Left,11,22,249,0,14.89,21,nan
7/22/2024 16:20:34,1.16.3,FreeFeed,7,4.09,2,1,Pellet,Left,11,22,250,0,0.06,7,nan
7/22/2024 16:20:38,1.16.3,FreeFeed,7,4.09,1,1,Pellet,Left,11,22,251,0,0.06,4,nan
7/22/2024 16:20:40,1.16.3,FreeFeed,7,4.09,1,1,Pellet,Left,11,22,252,0,0.06,2,nan
7/22/2024 16:20:48,1.16.3,FreeFeed,7,4.09,1,1,Pellet,Left,11,22,253,0,1.89,8,nan
7/22/2024 16:21:03,1.16.3,FreeFeed,7,4.09,1,1,Pellet,Left,11,22,254,0,8.88,15,nan
7/22/2024 16:21:18,1.16.3,FreeFeed,7,4.09,1,1,Pellet,Left,11,22,255,0,9.18,15,nan
7/22/2024 16:21:36,1.16.3,FreeFeed,7,4.09,1,1,Pellet,Left,11,22,256,0,11.21,18,nan
7/22/2024 16:21:45,1.16.3,FreeFeed,7,4.09,1,1,Pellet,Left,11,22,257,0,1.95,9,nan
7/22/2024 16:22:03,1.16.3,FreeFeed,7,4.09,1,1,Pellet,Left,11,22,258,0,11.15,18,nan
7/22/2024 16:22:22,1.16.3,FreeFeed,7,4.09,1,1,Pellet,Left,11,22,259,0,11.83,19,nan
7/22/2024 18:14:16,1.16.3,FreeFeed,7,4.08,nan,1,RightWithPellet,Left,11,23,259,0,nan,nan,0.44
7/22/2024 18:14:29,1.16.3,FreeFeed,7,4.09,nan,1,LeftWithPellet,Left,12,23,259,0,nan,nan,0.15
7/22/2024 18:20:19,1.16.3,FreeFeed,7,4.09,1,1,Pellet,Left,12,23,260,0,Timed_out,7077,nan
7/22/2024 18:20:53,1.16.3,FreeFeed,7,4.08,1,1,Pellet,Left,12,23,261,0,27.32,34,nan
7/22/2024 18:21:00,1.16.3,FreeFeed,7,4.09,1,1,Pellet,Left,12,23,262,0,0.67,7,nan
7/22/2024 18:21:17,1.16.3,FreeFeed,7,4.09,3,1,Pellet,Left,12,23,263,0,6.30,17,nan
7/22/2024 18:21:27,1.16.3,FreeFeed,7,4.09,1,1,Pellet,Left,12,23,264,0,3.79,10,nan
7/22/2024 18:21:37,1.16.3,FreeFeed,7,4.09,1,1,Pellet,Left,12,23,265,0,3.42,10,nan
7/22/2024 18:21:49,1.16.3,FreeFeed,7,4.09,1,1,Pellet,Left,12,23,266,0,5.75,12,nan
7/22/2024 18:21:50,1.16.3,FreeFeed,7,4.09,1,1,Pellet,Left,12,23,267,0,0.30,1,nan
7/22/2024 18:23:14,1.16.3,FreeFeed,7,4.09,1,1,Pellet,Left,12,23,268,0,Timed_out,84,nan
7/22/2024 18:27:17,1.16.3,FreeFeed,7,4.09,1,1,Pellet,Left,12,23,269,0,Timed_out,243,nan
7/22/2024 18:27:31,1.16.3,FreeFeed,7,4.09,1,1,Pellet,Left,12,23,270,0,11.76,14,nan
7/22/2024 18:27:45,1.16.3,FreeFeed,7,4.09,1,1,Pellet,Left,12,23,271,0,7.22,14,nan
7/22/2024 18:28:01,1.16.3,FreeFeed,7,4.09,1,1,Pellet,Left,12,23,272,0,9.24,16,nan
7/22/2024 18:28:12,1.16.3,FreeFeed,7,4.08,2,1,Pellet,Left,12,23,273,0,2.69,11,nan
7/22/2024 18:28:38,1.16.3,FreeFeed,7,4.09,1,1,Pellet,Left,12,23,274,0,19.14,26,nan
7/22/2024 18:28:47,1.16.3,FreeFeed,7,4.08,1,1,Pellet,Left,12,23,275,0,1.89,9,nan
7/22/2024 18:28:48,1.16.3,FreeFeed,7,4.08,1,1,Pellet,Left,12,23,276,0,0.06,1,nan
7/22/2024 18:29:02,1.16.3,FreeFeed,7,4.09,1,1,Pellet,Left,12,23,277,0,7.47,14,nan
7/22/2024 19:01:57,1.16.3,FreeFeed,7,4.08,1,1,Pellet,Left,12,23,278,0,Timed_out,1975,nan
7/22/2024 19:02:12,1.16.3,FreeFeed,7,4.09,1,1,Pellet,Left,12,23,279,0,8.57,15,nan
7/22/2024 19:03:01,1.16.3,FreeFeed,7,4.08,1,1,Pellet,Left,12,23,280,0,46.64,49,nan
7/22/2024 19:03:13,1.16.3,FreeFeed,7,4.08,1,1,Pellet,Left,12,23,281,0,6.24,12,nan
7/22/2024 19:03:22,1.16.3,FreeFeed,7,4.09,1,1,Pellet,Left,12,23,282,0,2.13,9,nan
7/22/2024 19:05:03,1.16.3,FreeFeed,7,4.09,1,1,Pellet,Left,12,23,283,0,Timed_out,101,nan
7/22/2024 19:05:04,1.16.3,FreeFeed,7,4.09,1,1,Pellet,Left,12,23,284,0,0.06,1,nan
7/22/2024 19:05:07,1.16.3,FreeFeed,7,4.09,1,1,Pellet,Left,12,23,285,0,2.26,3,nan
7/22/2024 19:05:19,1.16.3,FreeFeed,7,4.08,2,1,Pellet,Left,12,23,286,0,5.57,12,nan
7/22/2024 19:05:33,1.16.3,FreeFeed,7,4.09,2,1,Pellet,Left,12,23,287,0,8.26,14,nan
7/22/2024 19:05:41,1.16.3,FreeFeed,7,4.08,1,1,Pellet,Left,12,23,288,0,0.91,8,nan
7/22/2024 19:05:56,1.16.3,FreeFeed,7,4.09,1,1,Pellet,Left,12,23,289,0,7.83,15,nan
7/22/2024 19:06:03,1.16.3,FreeFeed,7,4.08,2,1,Pellet,Left,12,23,290,0,0.60,7,nan
7/22/2024 19:06:16,1.16.3,FreeFeed,7,4.09,1,1,Pellet,Left,12,23,291,0,7.16,13,nan
7/22/2024 19:06:36,1.16.3,FreeFeed,7,4.08,1,1,Pellet,Left,12,23,292,0,18.82,20,nan
7/22/2024 19:06:52,1.16.3,FreeFeed,7,4.08,1,1,Pellet,Left,12,23,293,0,9.12,16,nan
7/22/2024 19:07:13,1.16.3,FreeFeed,7,4.09,1,1,Pellet,Left,12,23,294,0,13.66,21,nan
7/22/2024 19:07:19,1.16.3,FreeFeed,7,4.09,1,1,Pellet,Left,12,23,295,0,0.36,6,nan
7/22/2024 19:07:33,1.16.3,FreeFeed,7,4.08,1,1,Pellet,Left,12,23,296,0,7.41,14,nan
7/22/2024 19:07:44,1.16.3,FreeFeed,7,4.09,1,1,Pellet,Left,12,23,297,0,3.73,11,nan
7/22/2024 19:07:58,1.16.3,FreeFeed,7,4.09,1,1,Pellet,Left,12,23,298,0,8.51,14,nan
7/22/2024 19:08:15,1.16.3,FreeFeed,7,4.08,1,1,Pellet,Left,12,23,299,0,10.53,17,nan
7/22/2024 19:08:16,1.16.3,FreeFeed,7,4.08,1,1,Pellet,Left,12,23,300,0,0.12,1,nan
7/22/2024 19:08:36,1.16.3,FreeFeed,7,4.08,1,1,Pellet,Left,12,23,301,0,13.23,20,nan
7/22/2024 19:08:51,1.16.3,FreeFeed,7,4.08,1,1,Pellet,Left,12,23,302,0,13.72,15,nan
7/22/2024 19:09:10,1.16.3,FreeFeed,7,4.09,1,1,Pellet,Left,12,23,303,0,16.43,19,nan
7/22/2024 19:09:28,1.16.3,FreeFeed,7,4.08,1,1,Pellet,Left,12,23,304,0,16.24,18,nan
7/22/2024 20:30:31,1.16.3,FreeFeed,7,4.08,nan,1,RightWithPellet,Left,12,24,304,0,nan,nan,0.06
7/22/2024 20:40:00,1.16.3,FreeFeed,7,4.08,nan,1,RightWithPellet,Left,12,25,304,0,nan,nan,0.09
7/22/2024 20:41:50,1.16.3,FreeFeed,7,4.08,nan,1,RightWithPellet,Left,12,26,304,0,nan,nan,0.12
7/22/2024 20:42:48,1.16.3,FreeFeed,7,4.08,nan,1,LeftWithPellet,Left,13,26,304,0,nan,nan,0.14
7/22/2024 20:42:50,1.16.3,FreeFeed,7,4.08,1,1,Pellet,Left,13,26,305,0,Timed_out,5602,nan
7/22/2024 20:43:12,1.16.3,FreeFeed,7,4.08,1,1,Pellet,Left,13,26,306,0,15.63,22,nan
7/22/2024 20:43:26,1.16.3,FreeFeed,7,4.08,1,1,Pellet,Left,13,26,307,0,7.83,14,nan
7/22/2024 20:43:37,1.16.3,FreeFeed,7,4.08,1,1,Pellet,Left,13,26,308,0,4.52,11,nan
7/22/2024 20:43:54,1.16.3,FreeFeed,7,4.08,1,1,Pellet,Left,13,26,309,0,10.96,17,nan
7/22/2024 20:44:10,1.16.3,FreeFeed,7,4.08,1,1,Pellet,Left,13,26,310,0,9.18,16,nan
7/22/2024 20:44:26,1.16.3,FreeFeed,7,4.08,1,1,Pellet,Left,13,26,311,0,8.81,16,nan
7/22/2024 20:44:27,1.16.3,FreeFeed,7,4.08,1,1,Pellet,Left,13,26,312,0,0.12,1,nan
7/22/2024 20:44:44,1.16.3,FreeFeed,7,4.08,1,1,Pellet,Left,13,26,313,0,10.53,17,nan
7/22/2024 20:44:59,1.16.3,FreeFeed,7,4.07,1,1,Pellet,Left,13,26,314,0,8.87,15,nan
7/22/2024 20:45:16,1.16.3,FreeFeed,7,4.08,1,1,Pellet,Left,13,26,315,0,10.22,16,nan
7/22/2024 20:45:31,1.16.3,FreeFeed,7,4.08,1,1,Pellet,Left,13,26,316,0,8.94,16,nan
7/22/2024 20:45:49,1.16.3,FreeFeed,7,4.08,1,1,Pellet,Left,13,26,317,0,10.66,18,nan
7/22/2024 20:46:11,1.16.3,FreeFeed,7,4.08,1,1,Pellet,Left,13,26,318,0,20.05,21,nan
7/22/2024 20:46:26,1.16.3,FreeFeed,7,4.08,1,1,Pellet,Left,13,26,319,0,8.45,16,nan
7/22/2024 20:46:33,1.16.3,FreeFeed,7,4.08,1,1,Pellet,Left,13,26,320,0,0.85,7,nan
7/22/2024 20:51:14,1.16.3,FreeFeed,7,4.08,nan,1,LeftWithPellet,Left,14,26,320,0,nan,nan,0.11
7/22/2024 21:29:29,1.16.3,FreeFeed,7,4.08,1,1,Pellet,Left,14,26,321,0,Timed_out,2576,nan
7/22/2024 21:29:30,1.16.3,FreeFeed,7,4.09,1,1,Pellet,Left,14,26,322,0,0.18,1,nan
7/22/2024 21:29:53,1.16.3,FreeFeed,7,4.08,1,1,Pellet,Left,14,26,323,0,16.19,23,nan
7/22/2024 21:30:10,1.16.3,FreeFeed,7,4.08,1,1,Pellet,Left,14,26,324,0,10.41,17,nan
7/22/2024 21:30:28,1.16.3,FreeFeed,7,4.08,1,1,Pellet,Left,14,26,325,0,16.98,18,nan
7/22/2024 21:30:32,1.16.3,FreeFeed,7,4.08,1,1,Pellet,Left,14,26,326,0,2.56,4,nan
7/22/2024 21:31:05,1.16.3,FreeFeed,7,4.08,1,1,Pellet,Left,14,26,327,0,26.65,33,nan
7/22/2024 21:31:10,1.16.3,FreeFeed,7,4.08,1,1,Pellet,Left,14,26,328,0,3.85,5,nan
7/22/2024 21:31:24,1.16.3,FreeFeed,7,4.08,1,1,Pellet,Left,14,26,329,0,7.22,14,nan
7/22/2024 21:31:33,1.16.3,FreeFeed,7,4.07,1,1,Pellet,Left,14,26,330,0,2.01,9,nan
7/22/2024 21:31:54,1.16.3,FreeFeed,7,4.08,nan,1,RightWithPellet,Left,14,27,330,0,nan,nan,0.08
7/22/2024 21:32:11,1.16.3,FreeFeed,7,4.08,1,1,Pellet,Left,14,27,331,0,31.23,38,nan
7/22/2024 21:32:38,1.16.3,FreeFeed,7,4.08,1,1,Pellet,Left,14,27,332,0,21.84,27,nan
7/22/2024 21:33:15,1.16.3,FreeFeed,7,4.08,2,1,Pellet,Left,14,27,333,0,29.91,37,nan
7/22/2024 21:33:16,1.16.3,FreeFeed,7,4.08,1,1,Pellet,Left,14,27,334,0,0.12,1,nan
7/22/2024 21:33:37,1.16.3,FreeFeed,7,4.08,3,1,Pellet,Left,14,27,335,0,12.07,21,nan
7/22/2024 21:33:51,1.16.3,FreeFeed,7,4.09,1,1,Pellet,Left,14,27,336,0,7.59,14,nan
7/22/2024 21:34:09,1.16.3,FreeFeed,7,4.07,1,1,Pellet,Left,14,27,337,0,11.33,18,nan
7/22/2024 21:34:26,1.16.3,FreeFeed,7,4.08,1,1,Pellet,Left,14,27,338,0,10.16,17,nan
7/22/2024 21:34:27,1.16.3,FreeFeed,7,4.08,1,1,Pellet,Left,14,27,339,0,0.60,1,nan
7/22/2024 21:34:41,1.16.3,FreeFeed,7,4.08,1,1,Pellet,Left,14,27,340,0,7.89,14,nan
7/22/2024 21:35:02,1.16.3,FreeFeed,7,4.08,1,1,Pellet,Left,14,27,341,0,14.77,21,nan
7/22/2024 21:35:09,1.16.3,FreeFeed,7,4.08,1,1,Pellet,Left,14,27,342,0,0.91,7,nan
7/22/2024 21:35:39,1.16.3,FreeFeed,7,4.08,1,1,Pellet,Left,14,27,343,0,23.94,30,nan
7/22/2024 22:32:57,1.16.3,FreeFeed,7,4.08,1,1,Pellet,Left,14,27,344,0,Timed_out,3438,nan
7/22/2024 22:53:15,1.16.3,FreeFeed,7,4.07,1,1,Pellet,Left,14,27,345,0,Timed_out,1218,nan
7/22/2024 22:54:26,1.16.3,FreeFeed,7,4.08,1,1,Pellet,Left,14,27,346,0,Timed_out,71,nan
7/22/2024 23:11:21,1.16.3,FreeFeed,7,4.07,1,1,Pellet,Left,14,27,347,0,Timed_out,1015,nan
7/22/2024 23:11:36,1.16.3,FreeFeed,7,4.08,1,1,Pellet,Left,14,27,348,0,13.48,15,nan
7/22/2024 23:11:50,1.16.3,FreeFeed,7,4.07,2,1,Pellet,Left,14,27,349,0,6.79,14,nan
7/22/2024 23:12:04,1.16.3,FreeFeed,7,4.07,1,1,Pellet,Left,14,27,350,0,8.32,14,nan
7/22/2024 23:12:17,1.16.3,FreeFeed,7,4.07,1,1,Pellet,Left,14,27,351,0,6.24,13,nan
7/22/2024 23:12:18,1.16.3,FreeFeed,7,4.07,1,1,Pellet,Left,14,27,352,0,0.06,1,nan
7/22/2024 23:12:31,1.16.3,FreeFeed,7,4.07,1,1,Pellet,Left,14,27,353,0,7.16,13,nan
7/22/2024 23:12:46,1.16.3,FreeFeed,7,4.08,1,1,Pellet,Left,14,27,354,0,7.71,15,nan
7/22/2024 23:12:53,1.16.3,FreeFeed,7,4.07,1,1,Pellet,Left,14,27,355,0,0.91,7,nan
7/22/2024 23:13:13,1.16.3,FreeFeed,7,4.07,2,1,Pellet,Left,14,27,356,0,13.55,20,nan
7/22/2024 23:15:58,1.16.3,FreeFeed,7,4.07,1,1,Pellet,Left,14,27,357,0,Timed_out,165,nan
7/22/2024 23:22:51,1.16.3,FreeFeed,7,4.08,1,1,Pellet,Left,14,27,358,0,Timed_out,413,nan
7/22/2024 23:23:10,1.16.3,FreeFeed,7,4.08,1,1,Pellet,Left,14,27,359,0,12.38,19,nan
7/22/2024 23:24:42,1.16.3,FreeFeed,7,4.07,nan,1,RightWithPellet,Left,14,28,359,0,nan,nan,0.67
7/22/2024 23:24:52,1.16.3,FreeFeed,7,4.08,1,1,Pellet,Left,14,28,360,0,Timed_out,102,nan
7/22/2024 23:25:00,1.16.3,FreeFeed,7,4.07,1,1,Pellet,Left,14,28,361,0,7.10,8,nan
7/22/2024 23:25:10,1.16.3,FreeFeed,7,4.07,2,1,Pellet,Left,14,28,362,0,0.73,10,nan
7/22/2024 23:25:28,1.16.3,FreeFeed,7,4.07,1,1,Pellet,Left,14,28,363,0,11.95,18,nan
7/22/2024 23:25:39,1.16.3,FreeFeed,7,4.08,1,1,Pellet,Left,14,28,364,0,4.83,11,nan
7/22/2024 23:25:53,1.16.3,FreeFeed,7,4.08,1,1,Pellet,Left,14,28,365,0,7.84,14,nan
7/22/2024 23:25:54,1.16.3,FreeFeed,7,4.07,1,1,Pellet,Left,14,28,366,0,0.06,1,nan
7/22/2024 23:26:12,1.16.3,FreeFeed,7,4.07,1,1,Pellet,Left,14,28,367,0,12.32,18,nan
7/22/2024 23:45:16,1.16.3,FreeFeed,7,4.07,1,1,Pellet,Left,14,28,368,0,Timed_out,1144,nan
7/22/2024 23:45:21,1.16.3,FreeFeed,7,4.07,1,1,Pellet,Left,14,28,369,0,3.36,5,nan
7/22/2024 23:47:43,1.16.3,FreeFeed,7,4.07,nan,1,RightWithPellet,Left,14,29,369,0,nan,nan,0.05
7/22/2024 23:47:45,1.16.3,FreeFeed,7,4.07,1,1,Pellet,Left,14,29,370,0,Timed_out,144,nan
7/22/2024 23:47:47,1.16.3,FreeFeed,7,4.08,1,1,Pellet,Left,14,29,371,0,0.79,2,nan
7/22/2024 23:48:03,1.16.3,FreeFeed,7,4.07,1,1,Pellet,Left,14,29,372,0,14.95,16,nan
7/22/2024 23:48:16,1.16.3,FreeFeed,7,4.07,1,1,Pellet,Left,14,29,373,0,7.10,13,nan
7/23/2024 2:51:18,1.16.3,FreeFeed,7,4.07,1,1,Pellet,Left,14,29,374,0,Timed_out,10982,nan
7/23/2024 2:51:34,1.16.3,FreeFeed,7,4.07,1,1,Pellet,Left,14,29,375,0,9.55,16,nan
7/23/2024 2:51:50,1.16.3,FreeFeed,7,4.07,1,1,Pellet,Left,14,29,376,0,8.82,16,nan
7/23/2024 2:52:05,1.16.3,FreeFeed,7,4.07,1,1,Pellet,Left,14,29,377,0,9.49,15,nan
7/23/2024 2:52:20,1.16.3,FreeFeed,7,4.07,1,1,Pellet,Left,14,29,378,0,7.89,15,nan
7/23/2024 2:52:26,1.16.3,FreeFeed,7,4.07,1,1,Pellet,Left,14,29,379,0,0.54,6,nan
7/23/2024 2:52:41,1.16.3,FreeFeed,7,4.07,1,1,Pellet,Left,14,29,380,0,8.02,15,nan
7/23/2024 2:52:54,1.16.3,FreeFeed,7,4.07,1,1,Pellet,Left,14,29,381,0,6.06,13,nan
7/23/2024 2:53:11,1.16.3,FreeFeed,7,4.07,1,1,Pellet,Left,14,29,382,0,10.04,17,nan
7/23/2024 2:53:27,1.16.3,FreeFeed,7,4.07,2,1,Pellet,Left,14,29,383,0,9.37,16,nan
7/23/2024 2:53:40,1.16.3,FreeFeed,7,4.07,1,1,Pellet,Left,14,29,384,0,5.81,13,nan
7/23/2024 4:07:06,1.16.3,FreeFeed,7,4.07,1,1,Pellet,Left,14,29,385,0,Timed_out,4406,nan
7/23/2024 4:07:28,1.16.3,FreeFeed,7,4.07,1,1,Pellet,Left,14,29,386,0,14.83,22,nan
7/23/2024 4:07:46,1.16.3,FreeFeed,7,4.07,1,1,Pellet,Left,14,29,387,0,11.39,18,nan
7/23/2024 4:08:05,1.16.3,FreeFeed,7,4.07,1,1,Pellet,Left,14,29,388,0,13.17,19,nan
7/23/2024 4:08:25,1.16.3,FreeFeed,7,4.07,1,1,Pellet,Left,14,29,389,0,12.38,20,nan
7/23/2024 4:08:40,1.16.3,FreeFeed,7,4.07,1,1,Pellet,Left,14,29,390,0,9.00,15,nan
7/23/2024 4:09:02,1.16.3,FreeFeed,7,4.07,1,1,Pellet,Left,14,29,391,0,20.24,22,nan
7/23/2024 4:18:01,1.16.3,FreeFeed,7,4.07,nan,1,LeftWithPellet,Left,15,29,391,0,nan,nan,0.13
7/23/2024 4:38:57,1.16.3,FreeFeed,7,4.07,nan,1,RightWithPellet,Left,15,30,391,0,nan,nan,0.09
7/23/2024 4:39:00,1.16.3,FreeFeed,7,4.07,nan,1,RightWithPellet,Left,15,31,391,0,nan,nan,0.09
7/23/2024 4:39:00,1.16.3,FreeFeed,7,4.07,nan,1,RightWithPellet,Left,15,32,391,0,nan,nan,0.05
7/23/2024 4:39:02,1.16.3,FreeFeed,7,4.07,nan,1,RightWithPellet,Left,15,33,391,0,nan,nan,0.28
7/23/2024 4:39:03,1.16.3,FreeFeed,7,4.07,nan,1,RightWithPellet,Left,15,34,391,0,nan,nan,0.48
7/23/2024 4:39:03,1.16.3,FreeFeed,7,4.07,nan,1,RightWithPellet,Left,15,35,391,0,nan,nan,0.02
7/23/2024 4:42:03,1.16.3,FreeFeed,7,4.07,1,1,Pellet,Left,15,35,392,0,Timed_out,1981,nan
7/23/2024 4:42:04,1.16.3,FreeFeed,7,4.07,1,1,Pellet,Left,15,35,393,0,0.06,1,nan
7/23/2024 4:42:23,1.16.3,FreeFeed,7,4.06,1,1,Pellet,Left,15,35,394,0,12.93,19,nan
7/23/2024 4:42:38,1.16.3,FreeFeed,7,4.07,1,1,Pellet,Left,15,35,395,0,13.54,15,nan
7/23/2024 4:42:53,1.16.3,FreeFeed,7,4.07,1,1,Pellet,Left,15,35,396,0,8.69,15,nan
7/23/2024 4:43:07,1.16.3,FreeFeed,7,4.07,1,1,Pellet,Left,15,35,397,0,7.59,14,nan
7/23/2024 4:43:25,1.16.3,FreeFeed,7,4.07,1,1,Pellet,Left,15,35,398,0,11.70,18,nan
7/23/2024 4:43:40,1.16.3,FreeFeed,7,4.07,1,1,Pellet,Left,15,35,399,0,8.32,15,nan
7/23/2024 4:44:09,1.16.3,FreeFeed,7,4.07,1,1,Pellet,Left,15,35,400,0,22.14,29,nan
7/23/2024 4:44:17,1.16.3,FreeFeed,7,4.07,1,1,Pellet,Left,15,35,401,0,1.64,8,nan
7/23/2024 4:44:34,1.16.3,FreeFeed,7,4.07,1,1,Pellet,Left,15,35,402,0,10.59,17,nan
7/23/2024 4:44:50,1.16.3,FreeFeed,7,4.07,1,1,Pellet,Left,15,35,403,0,9.24,16,nan
7/23/2024 4:45:06,1.16.3,FreeFeed,7,4.07,1,1,Pellet,Left,15,35,404,0,9.24,16,nan
7/23/2024 4:45:24,1.16.3,FreeFeed,7,4.07,2,1,Pellet,Left,15,35,405,0,11.20,18,nan
7/23/2024 4:45:40,1.16.3,FreeFeed,7,4.07,1,1,Pellet,Left,15,35,406,0,9.86,16,nan
7/23/2024 4:46:32,1.16.3,FreeFeed,7,4.07,1,1,Pellet,Left,15,35,407,0,45.27,52,nan
7/23/2024 4:46:41,1.16.3,FreeFeed,7,4.06,1,1,Pellet,Left,15,35,408,0,2.38,9,nan
7/23/2024 4:46:56,1.16.3,FreeFeed,7,4.07,1,1,Pellet,Left,15,35,409,0,8.20,15,nan
7/23/2024 4:47:09,1.16.3,FreeFeed,7,4.06,1,1,Pellet,Left,15,35,410,0,12.43,13,nan
7/23/2024 4:59:41,1.16.3,FreeFeed,7,4.07,nan,1,RightWithPellet,Left,15,36,410,0,nan,nan,0.32
7/23/2024 5:05:49,1.16.3,FreeFeed,7,4.07,1,1,Pellet,Left,15,36,411,0,Timed_out,1120,nan
7/23/2024 5:05:54,1.16.3,FreeFeed,7,4.07,1,1,Pellet,Left,15,36,412,0,0.06,5,nan
7/23/2024 5:06:02,1.16.3,FreeFeed,7,4.07,1,1,Pellet,Left,15,36,413,0,2.01,8,nan
7/23/2024 5:06:18,1.16.3,FreeFeed,7,4.07,1,1,Pellet,Left,15,36,414,0,8.81,16,nan
7/23/2024 5:06:29,1.16.3,FreeFeed,7,4.07,1,1,Pellet,Left,15,36,415,0,4.58,11,nan
7/23/2024 5:06:45,1.16.3,FreeFeed,7,4.07,3,1,Pellet,Left,15,36,416,0,10.35,16,nan
7/23/2024 5:07:17,1.16.3,FreeFeed,7,4.07,1,1,Pellet,Left,15,36,417,0,25.53,32,nan
7/23/2024 5:33:25,1.16.3,FreeFeed,7,4.07,1,1,Pellet,Left,15,36,418,0,Timed_out,1568,nan
7/23/2024 5:33:35,1.16.3,FreeFeed,7,4.07,1,1,Pellet,Left,15,36,419,0,3.85,10,nan
7/23/2024 5:33:48,1.16.3,FreeFeed,7,4.07,4,1,Pellet,Left,15,36,420,0,1.28,13,nan
7/23/2024 5:34:07,1.16.3,FreeFeed,7,4.06,3,1,Pellet,Left,15,36,421,0,11.15,19,nan
7/23/2024 5:35:42,1.16.3,FreeFeed,7,4.07,4,1,Pellet,Left,15,36,422,0,Timed_out,95,nan
7/23/2024 5:35:57,1.16.3,FreeFeed,7,4.07,5,1,Pellet,Left,15,36,423,0,1.77,15,nan
7/23/2024 5:51:40,1.16.3,FreeFeed,7,4.07,nan,1,LeftWithPellet,Left,16,36,423,0,nan,nan,0.00
7/23/2024 5:51:41,1.16.3,FreeFeed,7,4.07,nan,1,LeftWithPellet,Left,17,36,423,0,nan,nan,0.02
7/23/2024 5:51:43,1.16.3,FreeFeed,7,4.07,nan,1,LeftWithPellet,Left,18,36,423,0,nan,nan,0.04
7/23/2024 5:54:09,1.16.3,FreeFeed,7,4.06,2,1,Pellet,Left,18,36,424,0,Timed_out,1092,nan
7/23/2024 5:54:23,1.16.3,FreeFeed,7,4.06,4,1,Pellet,Left,18,36,425,0,0.48,13,nan
7/23/2024 5:54:36,1.16.3,FreeFeed,7,4.06,5,1,Pellet,Left,18,36,426,0,0.54,14,nan
7/23/2024 5:54:52,1.16.3,FreeFeed,7,4.07,2,1,Pellet,Left,18,36,427,0,8.88,16,nan
7/23/2024 5:55:04,1.16.3,FreeFeed,7,4.07,1,1,Pellet,Left,18,36,428,0,5.69,12,nan
7/23/2024 5:55:19,1.16.3,FreeFeed,7,4.07,1,1,Pellet,Left,18,36,429,0,8.08,15,nan
7/23/2024 5:55:20,1.16.3,FreeFeed,7,4.07,1,1,Pellet,Left,18,36,430,0,0.06,1,nan
7/23/2024 5:55:35,1.16.3,FreeFeed,7,4.07,2,1,Pellet,Left,18,36,431,0,7.53,15,nan
7/23/2024 5:55:46,1.16.3,FreeFeed,7,4.06,3,1,Pellet,Left,18,36,432,0,0.18,11,nan
7/23/2024 5:56:00,1.16.3,FreeFeed,7,4.07,1,1,Pellet,Left,18,36,433,0,7.53,14,nan
7/23/2024 5:56:06,1.16.3,FreeFeed,7,4.06,1,1,Pellet,Left,18,36,434,0,0.06,6,nan
7/23/2024 5:56:09,1.16.3,FreeFeed,7,4.07,1,1,Pellet,Left,18,36,435,0,0.06,3,nan
7/23/2024 5:56:10,1.16.3,FreeFeed,7,4.07,1,1,Pellet,Left,18,36,436,0,0.06,1,nan
7/23/2024 5:56:17,1.16.3,FreeFeed,7,4.07,1,1,Pellet,Left,18,36,437,0,0.48,7,nan
7/23/2024 5:56:30,1.16.3,FreeFeed,7,4.06,4,1,Pellet,Left,18,36,438,0,0.06,13,nan
7/23/2024 5:56:34,1.16.3,FreeFeed,7,4.07,1,1,Pellet,Left,18,36,439,0,0.06,4,nan
7/23/2024 5:56:35,1.16.3,FreeFeed,7,4.06,1,1,Pellet,Left,18,36,440,0,0.06,1,nan
7/23/2024 5:57:14,1.16.3,FreeFeed,7,4.07,11,1,Pellet,Left,18,36,441,0,3.97,39,nan
7/23/2024 5:57:29,1.16.3,FreeFeed,7,4.07,5,1,Pellet,Left,18,36,442,0,0.06,15,nan
7/23/2024 5:57:37,1.16.3,FreeFeed,7,4.06,1,1,Pellet,Left,18,36,443,0,2.75,8,nan
7/23/2024 5:57:51,1.16.3,FreeFeed,7,4.06,1,1,Pellet,Left,18,36,444,0,7.04,14,nan
7/23/2024 5:58:05,1.16.3,FreeFeed,7,4.07,1,1,Pellet,Left,18,36,445,0,7.28,14,nan
7/23/2024 5:58:18,1.16.3,FreeFeed,7,4.06,2,1,Pellet,Left,18,36,446,0,3.91,13,nan
7/23/2024 5:58:32,1.16.3,FreeFeed,7,4.07,2,1,Pellet,Left,18,36,447,0,13.11,14,nan
7/23/2024 5:58:46,1.16.3,FreeFeed,7,4.06,2,1,Pellet,Left,18,36,448,0,5.69,14,nan
7/23/2024 5:59:00,1.16.3,FreeFeed,7,4.06,2,1,Pellet,Left,18,36,449,0,5.20,14,nan
7/23/2024 5:59:12,1.16.3,FreeFeed,7,4.06,1,1,Pellet,Left,18,36,450,0,4.89,12,nan
7/23/2024 5:59:23,1.16.3,FreeFeed,7,4.06,4,1,Pellet,Left,18,36,451,0,0.85,11,nan
7/23/2024 5:59:45,1.16.3,FreeFeed,7,4.07,2,1,Pellet,Left,18,36,452,0,15.32,22,nan
7/23/2024 6:00:11,1.16.3,FreeFeed,7,4.06,4,1,Pellet,Left,18,36,453,0,12.62,26,nan
7/23/2024 6:00:28,1.16.3,FreeFeed,7,4.06,3,1,Pellet,Left,18,36,454,0,7.34,17,nan
7/23/2024 6:01:16,1.16.3,FreeFeed,7,4.06,15,1,Pellet,Left,18,36,455,0,1.52,48,nan
7/23/2024 6:01:17,1.16.3,FreeFeed,7,4.06,1,1,Pellet,Left,18,36,456,0,0.12,1,nan
7/23/2024 9:17:13,1.16.3,FreeFeed,7,4.06,11,1,Pellet,Left,18,36,457,0,Timed_out,11756,nan
7/23/2024 9:17:15,1.16.3,FreeFeed,7,4.06,1,1,Pellet,Left,18,36,458,0,0.54,2,nan
7/23/2024 9:17:41,1.16.3,FreeFeed,7,4.06,3,1,Pellet,Left,18,36,459,0,14.89,26,nan
7/23/2024 10:36:23,1.16.3,FreeFeed,7,4.05,1,1,Pellet,Left,18,36,460,0,Timed_out,4722,nan
7/23/2024 11:55:06,1.16.3,FreeFeed,7,4.05,1,1,Pellet,Left,18,36,461,0,Timed_out,4723,nan
7/23/2024 11:55:07,1.16.3,FreeFeed,7,4.05,1,1,Pellet,Left,18,36,462,0,0.06,1,nan
7/23/2024 11:55:23,1.16.3,FreeFeed,7,4.05,1,1,Pellet,Left,18,36,463,0,9.18,16,nan
7/23/2024 13:04:54,1.16.3,FreeFeed,7,4.05,nan,1,RightWithPellet,Left,18,37,463,0,nan,nan,0.02
7/23/2024 13:04:58,1.16.3,FreeFeed,7,4.05,1,1,Pellet,Left,18,37,464,0,Timed_out,4175,nan
7/23/2024 13:05:08,1.16.3,FreeFeed,7,4.05,1,1,Pellet,Left,18,37,465,0,3.60,10,nan
7/23/2024 13:05:31,1.16.3,FreeFeed,7,4.05,1,1,Pellet,Left,18,37,466,0,16.80,23,nan
7/23/2024 13:05:51,1.16.3,FreeFeed,7,4.06,1,1,Pellet,Left,18,37,467,0,18.34,20,nan
7/23/2024 13:06:11,1.16.3,FreeFeed,7,4.05,1,1,Pellet,Left,18,37,468,0,13.54,20,nan
7/23/2024 13:06:31,1.16.3,FreeFeed,7,4.05,1,1,Pellet,Left,18,37,469,0,12.93,20,nan
7/23/2024 13:06:54,1.16.3,FreeFeed,7,4.05,1,1,Pellet,Left,18,37,470,0,17.23,23,nan
7/23/2024 13:19:30,1.16.3,FreeFeed,7,4.05,2,1,Pellet,Left,18,37,471,0,Timed_out,756,nan
7/23/2024 13:19:54,1.16.3,FreeFeed,7,4.05,1,1,Pellet,Left,18,37,472,0,22.37,24,nan
7/23/2024 15:20:42,1.16.3,FreeFeed,7,4.05,1,1,Pellet,Left,18,37,473,0,Timed_out,7248,nan
7/23/2024 15:20:57,1.16.3,FreeFeed,7,4.05,1,1,Pellet,Left,18,37,474,0,9.06,15,nan
7/23/2024 15:21:24,1.16.3,FreeFeed,7,4.05,1,1,Pellet,Left,18,37,475,0,19.81,27,nan
7/23/2024 15:21:43,1.16.3,FreeFeed,7,4.05,1,1,Pellet,Left,18,37,476,0,13.11,19,nan
7/23/2024 15:21:53,1.16.3,FreeFeed,7,4.05,1,1,Pellet,Left,18,37,477,0,2.50,10,nan
7/23/2024 15:22:17,1.16.3,FreeFeed,7,4.05,1,1,Pellet,Left,18,37,478,0,17.84,24,nan
7/23/2024 15:22:37,1.16.3,FreeFeed,7,4.05,1,1,Pellet,Left,18,37,479,0,14.10,20,nan
7/23/2024 16:38:12,1.16.3,FreeFeed,7,4.04,1,1,Pellet,Left,18,37,480,0,Timed_out,4535,nan
7/23/2024 16:39:18,1.16.3,FreeFeed,7,4.05,nan,1,LeftWithPellet,Left,19,37,480,0,nan,nan,0.01
7/23/2024 16:39:19,1.16.3,FreeFeed,7,4.05,nan,1,LeftWithPellet,Left,20,37,480,0,nan,nan,0.76
7/23/2024 16:41:54,1.16.3,FreeFeed,7,4.04,1,1,Pellet,Left,20,37,481,0,Timed_out,222,nan
7/23/2024 16:41:55,1.16.3,FreeFeed,7,4.05,1,1,Pellet,Left,20,37,482,0,0.12,1,nan
7/23/2024 16:41:56,1.16.3,FreeFeed,7,4.04,1,1,Pellet,Left,20,37,483,0,0.30,1,nan
7/23/2024 16:42:20,1.16.3,FreeFeed,7,4.05,1,1,Pellet,Left,20,37,484,0,17.84,24,nan
7/23/2024 16:42:58,1.16.3,FreeFeed,7,4.05,1,1,Pellet,Left,20,37,485,0,31.38,38,nan
7/23/2024 16:43:20,1.16.3,FreeFeed,7,4.05,1,1,Pellet,Left,20,37,486,0,15.63,22,nan
7/23/2024 16:43:40,1.16.3,FreeFeed,7,4.05,1,1,Pellet,Left,20,37,487,0,13.24,20,nan
7/23/2024 16:49:26,1.16.3,FreeFeed,7,4.05,1,1,Pellet,Left,20,37,488,0,Timed_out,346,nan
7/23/2024 16:49:43,1.16.3,FreeFeed,7,4.05,1,1,Pellet,Left,20,37,489,0,10.29,17,nan
7/23/2024 16:51:17,1.16.3,FreeFeed,7,4.05,1,1,Pellet,Left,20,37,490,0,Timed_out,94,nan
7/23/2024 16:51:38,1.16.3,FreeFeed,7,4.05,1,1,Pellet,Left,20,37,491,0,19.62,21,nan
7/23/2024 16:52:57,1.16.3,FreeFeed,7,4.05,nan,1,RightWithPellet,Left,20,38,491,0,nan,nan,0.58
7/23/2024 17:46:18,1.16.3,FreeFeed,7,4.04,1,1,Pellet,Left,20,38,492,0,Timed_out,3280,nan
7/23/2024 17:48:12,1.16.3,FreeFeed,7,4.04,1,1,Pellet,Left,20,38,493,0,Timed_out,114,nan
7/23/2024 17:48:13,1.16.3,FreeFeed,7,4.05,1,1,Pellet,Left,20,38,494,0,0.12,1,nan
7/23/2024 17:48:34,1.16.3,FreeFeed,7,4.04,1,1,Pellet,Left,20,38,495,0,13.72,21,nan
7/23/2024 17:48:52,1.16.3,FreeFeed,7,4.05,1,1,Pellet,Left,20,38,496,0,12.07,18,nan
7/23/2024 17:49:08,1.16.3,FreeFeed,7,4.05,1,1,Pellet,Left,20,38,497,0,9.12,16,nan
7/23/2024 18:02:23,1.16.3,FreeFeed,7,4.04,1,1,Pellet,Left,20,38,498,0,Timed_out,795,nan
7/23/2024 18:02:24,1.16.3,FreeFeed,7,4.04,1,1,Pellet,Left,20,38,499,0,0.24,1,nan
7/23/2024 18:08:49,1.16.3,FreeFeed,7,4.04,1,1,Pellet,Left,20,38,500,0,Timed_out,385,nan
7/23/2024 18:09:08,1.16.3,FreeFeed,7,4.04,1,1,Pellet,Left,20,38,501,0,18.27,19,nan
7/23/2024 18:09:09,1.16.3,FreeFeed,7,4.04,1,1,Pellet,Left,20,38,502,0,0.06,1,nan
7/23/2024 18:09:26,1.16.3,FreeFeed,7,4.04,1,1,Pellet,Left,20,38,503,0,10.35,17,nan
7/23/2024 18:20:53,1.16.3,FreeFeed,7,4.05,1,1,Pellet,Left,20,38,504,0,Timed_out,687,nan
7/23/2024 18:20:54,1.16.3,FreeFeed,7,4.04,1,1,Pellet,Left,20,38,505,0,0.06,1,nan
7/23/2024 18:21:10,1.16.3,FreeFeed,7,4.04,1,1,Pellet,Left,20,38,506,0,9.62,16,nan
7/23/2024 18:21:26,1.16.3,FreeFeed,7,4.04,1,1,Pellet,Left,20,38,507,0,9.74,16,nan
7/23/2024 18:21:40,1.16.3,FreeFeed,7,4.04,1,1,Pellet,Left,20,38,508,0,8.32,14,nan
7/23/2024 18:21:58,1.16.3,FreeFeed,7,4.04,1,1,Pellet,Left,20,38,509,0,10.54,18,nan
7/23/2024 18:22:15,1.16.3,FreeFeed,7,4.03,1,1,Pellet,Left,20,38,510,0,11.27,17,nan
7/23/2024 18:22:30,1.16.3,FreeFeed,7,4.05,1,1,Pellet,Left,20,38,511,0,8.08,15,nan
7/23/2024 18:22:51,1.16.3,FreeFeed,7,4.04,1,1,Pellet,Left,20,38,512,0,13.48,21,nan
7/23/2024 18:23:07,1.16.3,FreeFeed,7,4.04,1,1,Pellet,Left,20,38,513,0,10.23,16,nan
7/23/2024 18:40:00,1.16.3,FreeFeed,7,4.04,nan,1,RightWithPellet,Left,20,39,513,0,nan,nan,0.04
7/23/2024 18:46:30,1.16.3,FreeFeed,7,4.04,1,1,Pellet,Left,20,39,514,0,Timed_out,1403,nan
7/23/2024 18:46:52,1.16.3,FreeFeed,7,4.04,1,1,Pellet,Left,20,39,515,0,15.45,22,nan
7/23/2024 18:47:10,1.16.3,FreeFeed,7,4.04,1,1,Pellet,Left,20,39,516,0,11.33,18,nan
7/23/2024 18:47:28,1.16.3,FreeFeed,7,4.04,1,1,Pellet,Left,20,39,517,0,12.37,18,nan
7/23/2024 18:47:29,1.16.3,FreeFeed,7,4.04,1,1,Pellet,Left,20,39,518,0,0.06,1,nan
7/23/2024 18:47:44,1.16.3,FreeFeed,7,4.04,1,1,Pellet,Left,20,39,519,0,8.45,15,nan
7/23/2024 18:48:05,1.16.3,FreeFeed,7,4.04,1,1,Pellet,Left,20,39,520,0,14.71,21,nan
7/23/2024 18:48:24,1.16.3,FreeFeed,7,4.04,1,1,Pellet,Left,20,39,521,0,12.75,19,nan
7/23/2024 18:48:42,1.16.3,FreeFeed,7,4.04,1,1,Pellet,Left,20,39,522,0,12.19,18,nan
7/23/2024 18:49:01,1.16.3,FreeFeed,7,4.04,1,1,Pellet,Left,20,39,523,0,11.46,19,nan
7/23/2024 18:49:18,1.16.3,FreeFeed,7,4.04,2,1,Pellet,Left,20,39,524,0,11.21,17,nan
7/23/2024 18:49:45,1.16.3,FreeFeed,7,4.04,1,1,Pellet,Left,20,39,525,0,19.69,27,nan
7/23/2024 18:50:04,1.16.3,FreeFeed,7,4.04,1,1,Pellet,Left,20,39,526,0,12.69,19,nan
7/23/2024 19:20:04,1.16.3,FreeFeed,7,4.03,1,1,Pellet,Left,20,39,527,0,Timed_out,1800,nan
7/23/2024 19:20:42,1.16.3,FreeFeed,7,4.04,1,1,Pellet,Left,20,39,528,0,31.51,38,nan
7/23/2024 19:21:13,1.16.3,FreeFeed,7,4.04,1,1,Pellet,Left,20,39,529,0,25.17,31,nan
7/23/2024 19:21:31,1.16.3,FreeFeed,7,4.04,1,1,Pellet,Left,20,39,530,0,16.19,18,nan
7/23/2024 19:21:47,1.16.3,FreeFeed,7,4.04,1,1,Pellet,Left,20,39,531,0,9.12,16,nan
7/23/2024 19:22:05,1.16.3,FreeFeed,7,4.04,1,1,Pellet,Left,20,39,532,0,10.72,18,nan
7/23/2024 19:22:21,1.16.3,FreeFeed,7,4.04,1,1,Pellet,Left,20,39,533,0,9.37,16,nan
7/23/2024 19:22:38,1.16.3,FreeFeed,7,4.04,1,1,Pellet,Left,20,39,534,0,10.23,16,nan
7/23/2024 19:38:56,1.16.3,FreeFeed,7,4.04,1,1,Pellet,Left,20,39,535,0,Timed_out,979,nan
7/23/2024 19:51:18,1.16.3,FreeFeed,7,4.04,1,1,Pellet,Left,20,39,536,0,Timed_out,742,nan
7/23/2024 20:13:38,1.16.3,FreeFeed,7,4.04,1,1,Pellet,Left,20,39,537,0,Timed_out,1340,nan
7/23/2024 20:13:39,1.16.3,FreeFeed,7,4.03,1,1,Pellet,Left,20,39,538,0,0.12,1,nan
7/23/2024 20:13:56,1.16.3,FreeFeed,7,4.04,1,1,Pellet,Left,20,39,539,0,10.66,17,nan
7/23/2024 20:14:13,1.16.3,FreeFeed,7,4.03,1,1,Pellet,Left,20,39,540,0,14.90,17,nan
7/23/2024 20:14:13,1.16.3,FreeFeed,7,4.03,1,1,Pellet,Left,20,39,541,0,0.06,0,nan
7/23/2024 20:14:28,1.16.3,FreeFeed,7,4.04,1,1,Pellet,Left,20,39,542,0,8.94,15,nan
7/23/2024 20:14:29,1.16.3,FreeFeed,7,4.03,1,1,Pellet,Left,20,39,543,0,0.06,1,nan
7/23/2024 20:14:48,1.16.3,FreeFeed,7,4.04,1,1,Pellet,Left,20,39,544,0,12.37,19,nan
7/23/2024 20:15:04,1.16.3,FreeFeed,7,4.03,1,1,Pellet,Left,20,39,545,0,9.18,16,nan
7/23/2024 20:15:18,1.16.3,FreeFeed,7,4.03,1,1,Pellet,Left,20,39,546,0,7.16,14,nan
7/23/2024 20:15:35,1.16.3,FreeFeed,7,4.03,1,1,Pellet,Left,20,39,547,0,10.04,16,nan
7/23/2024 20:15:54,1.16.3,FreeFeed,7,4.04,1,1,Pellet,Left,20,39,548,0,12.81,20,nan
7/23/2024 20:19:08,1.16.3,FreeFeed,7,4.03,nan,1,LeftWithPellet,Left,21,39,548,0,nan,nan,0.04
7/23/2024 20:36:46,1.16.3,FreeFeed,7,4.03,1,1,Pellet,Left,21,39,549,0,Timed_out,1252,nan
7/23/2024 20:36:47,1.16.3,FreeFeed,7,4.03,1,1,Pellet,Left,21,39,550,0,0.06,1,nan
7/23/2024 20:37:05,1.16.3,FreeFeed,7,4.03,1,1,Pellet,Left,21,39,551,0,11.09,18,nan
7/23/2024 20:37:22,1.16.3,FreeFeed,7,4.04,1,1,Pellet,Left,21,39,552,0,16.62,17,nan
7/23/2024 20:37:40,1.16.3,FreeFeed,7,4.03,1,1,Pellet,Left,21,39,553,0,11.03,18,nan
7/23/2024 20:37:58,1.16.3,FreeFeed,7,4.03,1,1,Pellet,Left,21,39,554,0,11.40,18,nan
7/23/2024 20:38:15,1.16.3,FreeFeed,7,4.03,1,1,Pellet,Left,21,39,555,0,10.72,17,nan
7/23/2024 20:38:33,1.16.3,FreeFeed,7,4.03,1,1,Pellet,Left,21,39,556,0,11.59,18,nan
7/23/2024 20:38:34,1.16.3,FreeFeed,7,4.03,1,1,Pellet,Left,21,39,557,0,0.06,1,nan
7/23/2024 20:38:50,1.16.3,FreeFeed,7,4.03,1,1,Pellet,Left,21,39,558,0,9.68,16,nan
7/23/2024 20:45:41,1.16.3,FreeFeed,7,4.03,nan,1,RightWithPellet,Left,21,40,558,0,nan,nan,0.02
7/23/2024 21:00:24,1.16.3,FreeFeed,7,4.03,nan,1,LeftWithPellet,Left,22,40,558,0,nan,nan,1.22
7/23/2024 21:05:47,1.16.3,FreeFeed,7,4.03,1,1,Pellet,Left,22,40,559,0,Timed_out,1617,nan
7/23/2024 21:06:04,1.16.3,FreeFeed,7,4.03,1,1,Pellet,Left,22,40,560,0,10.29,17,nan
7/23/2024 21:06:19,1.16.3,FreeFeed,7,4.03,1,1,Pellet,Left,22,40,561,0,8.63,15,nan
7/23/2024 21:06:41,1.16.3,FreeFeed,7,4.03,1,1,Pellet,Left,22,40,562,0,15.39,22,nan
7/23/2024 21:06:56,1.16.3,FreeFeed,7,4.03,1,1,Pellet,Left,22,40,563,0,8.57,15,nan
7/23/2024 21:07:13,1.16.3,FreeFeed,7,4.03,1,1,Pellet,Left,22,40,564,0,10.35,17,nan
7/23/2024 21:07:28,1.16.3,FreeFeed,7,4.03,1,1,Pellet,Left,22,40,565,0,8.02,15,nan
7/23/2024 21:07:45,1.16.3,FreeFeed,7,4.03,1,1,Pellet,Left,22,40,566,0,10.72,17,nan
7/23/2024 21:28:10,1.16.3,FreeFeed,7,4.03,1,1,Pellet,Left,22,40,567,0,Timed_out,1225,nan
7/23/2024 21:28:26,1.16.3,FreeFeed,7,4.03,1,1,Pellet,Left,22,40,568,0,9.00,16,nan
7/23/2024 21:28:44,1.16.3,FreeFeed,7,4.03,1,1,Pellet,Left,22,40,569,0,16.81,18,nan
7/23/2024 21:29:05,1.16.3,FreeFeed,7,4.03,1,1,Pellet,Left,22,40,570,0,14.10,21,nan
7/23/2024 21:29:24,1.16.3,FreeFeed,7,4.03,1,1,Pellet,Left,22,40,571,0,17.72,19,nan
7/23/2024 21:29:26,1.16.3,FreeFeed,7,4.03,1,1,Pellet,Left,22,40,572,0,0.06,2,nan
7/23/2024 21:54:58,1.16.3,FreeFeed,7,4.03,1,1,Pellet,Left,22,40,573,0,Timed_out,1532,nan
7/23/2024 21:55:10,1.16.3,FreeFeed,7,4.03,1,1,Pellet,Left,22,40,574,0,10.54,12,nan
7/23/2024 21:55:30,1.16.3,FreeFeed,7,4.03,2,1,Pellet,Left,22,40,575,0,12.50,20,nan
7/23/2024 21:55:48,1.16.3,FreeFeed,7,4.03,1,1,Pellet,Left,22,40,576,0,12.32,18,nan
7/23/2024 21:56:07,1.16.3,FreeFeed,7,4.03,1,1,Pellet,Left,22,40,577,0,11.64,19,nan
7/23/2024 21:56:25,1.16.3,FreeFeed,7,4.03,1,1,Pellet,Left,22,40,578,0,11.58,18,nan
7/23/2024 21:56:43,1.16.3,FreeFeed,7,4.03,1,1,Pellet,Left,22,40,579,0,17.36,18,nan
7/23/2024 21:56:44,1.16.3,FreeFeed,7,4.03,1,1,Pellet,Left,22,40,580,0,0.06,1,nan
7/23/2024 21:57:03,1.16.3,FreeFeed,7,4.03,1,1,Pellet,Left,22,40,581,0,12.93,19,nan
7/23/2024 21:57:20,1.16.3,FreeFeed,7,4.03,1,1,Pellet,Left,22,40,582,0,10.96,17,nan
7/23/2024 21:57:21,1.16.3,FreeFeed,7,4.03,1,1,Pellet,Left,22,40,583,0,0.06,1,nan
7/23/2024 21:57:40,1.16.3,FreeFeed,7,4.03,1,1,Pellet,Left,22,40,584,0,12.99,19,nan
7/23/2024 21:57:56,1.16.3,FreeFeed,7,4.03,1,1,Pellet,Left,22,40,585,0,8.76,16,nan
7/23/2024 21:58:15,1.16.3,FreeFeed,7,4.03,1,1,Pellet,Left,22,40,586,0,13.43,19,nan
7/23/2024 21:58:30,1.16.3,FreeFeed,7,4.03,1,1,Pellet,Left,22,40,587,0,13.80,15,nan
7/23/2024 21:58:45,1.16.3,FreeFeed,7,4.03,1,1,Pellet,Left,22,40,588,0,8.02,15,nan
7/23/2024 22:30:24,1.16.3,FreeFeed,7,4.03,1,1,Pellet,Left,22,40,589,0,Timed_out,1899,nan
7/23/2024 22:30:45,1.16.3,FreeFeed,7,4.03,1,1,Pellet,Left,22,40,590,0,18.35,21,nan
7/23/2024 22:57:41,1.16.3,FreeFeed,7,4.03,1,1,Pellet,Left,22,40,591,0,Timed_out,1616,nan
7/23/2024 22:58:03,1.16.3,FreeFeed,7,4.03,1,1,Pellet,Left,22,40,592,0,14.47,22,nan
7/23/2024 22:58:04,1.16.3,FreeFeed,7,4.03,1,1,Pellet,Left,22,40,593,0,0.18,1,nan
7/23/2024 22:58:21,1.16.3,FreeFeed,7,4.03,1,1,Pellet,Left,22,40,594,0,11.22,17,nan
7/23/2024 22:58:38,1.16.3,FreeFeed,7,4.03,1,1,Pellet,Left,22,40,595,0,10.17,17,nan
7/23/2024 22:58:54,1.16.3,FreeFeed,7,4.03,1,1,Pellet,Left,22,40,596,0,8.95,16,nan
7/23/2024 22:59:08,1.16.3,FreeFeed,7,4.03,1,1,Pellet,Left,22,40,597,0,6.80,14,nan
7/23/2024 22:59:24,1.16.3,FreeFeed,7,4.03,1,1,Pellet,Left,22,40,598,0,9.31,16,nan
7/23/2024 23:35:30,1.16.3,FreeFeed,7,4.03,1,1,Pellet,Left,22,40,599,0,Timed_out,2166,nan
7/23/2024 23:35:48,1.16.3,FreeFeed,7,4.03,1,1,Pellet,Left,22,40,600,0,11.22,18,nan
7/23/2024 23:36:05,1.16.3,FreeFeed,7,4.03,1,1,Pellet,Left,22,40,601,0,10.72,17,nan
7/23/2024 23:36:24,1.16.3,FreeFeed,7,4.03,1,1,Pellet,Left,22,40,602,0,12.56,19,nan
7/23/2024 23:36:40,1.16.3,FreeFeed,7,4.03,1,1,Pellet,Left,22,40,603,0,9.99,16,nan
7/23/2024 23:37:07,1.16.3,FreeFeed,7,4.03,1,1,Pellet,Left,22,40,604,0,19.21,27,nan
7/23/2024 23:37:07,1.16.3,FreeFeed,7,4.03,1,1,Pellet,Left,22,40,605,0,0.06,0,nan
7/24/2024 0:10:09,1.16.3,FreeFeed,7,4.03,1,1,Pellet,Left,22,40,606,0,Timed_out,1982,nan
7/24/2024 0:10:27,1.16.3,FreeFeed,7,4.03,1,1,Pellet,Left,22,40,607,0,11.21,18,nan
7/24/2024 0:10:42,1.16.3,FreeFeed,7,4.03,1,1,Pellet,Left,22,40,608,0,8.44,15,nan
7/24/2024 0:10:58,1.16.3,FreeFeed,7,4.03,1,1,Pellet,Left,22,40,609,0,9.79,16,nan
7/24/2024 0:11:16,1.16.3,FreeFeed,7,4.03,1,1,Pellet,Left,22,40,610,0,11.63,18,nan
7/24/2024 0:11:31,1.16.3,FreeFeed,7,4.03,1,1,Pellet,Left,22,40,611,0,8.07,15,nan
7/24/2024 0:11:49,1.16.3,FreeFeed,7,4.03,1,1,Pellet,Left,22,40,612,0,16.97,18,nan
7/24/2024 0:12:08,1.16.3,FreeFeed,7,4.03,1,1,Pellet,Left,22,40,613,0,12.25,19,nan
7/24/2024 0:15:24,1.16.3,FreeFeed,7,4.02,nan,1,RightWithPellet,Left,22,41,613,0,nan,nan,0.10
7/24/2024 0:23:55,1.16.3,FreeFeed,7,4.03,nan,1,RightWithPellet,Left,22,42,613,0,nan,nan,0.50
7/24/2024 0:35:33,1.16.3,FreeFeed,7,4.03,1,1,Pellet,Left,22,42,614,0,Timed_out,1405,nan
7/24/2024 0:35:34,1.16.3,FreeFeed,7,4.03,1,1,Pellet,Left,22,42,615,0,0.06,1,nan
7/24/2024 0:35:50,1.16.3,FreeFeed,7,4.02,1,1,Pellet,Left,22,42,616,0,10.78,16,nan
7/24/2024 0:43:32,1.16.3,FreeFeed,7,4.03,nan,1,LeftWithPellet,Left,23,42,616,0,nan,nan,0.73
7/24/2024 0:43:33,1.16.3,FreeFeed,7,4.03,nan,1,LeftWithPellet,Left,24,42,616,0,nan,nan,0.02
7/24/2024 0:43:36,1.16.3,FreeFeed,7,4.03,nan,1,LeftWithPellet,Left,25,42,616,0,nan,nan,0.49
7/24/2024 0:43:37,1.16.3,FreeFeed,7,4.03,nan,1,LeftWithPellet,Left,26,42,616,0,nan,nan,0.19
7/24/2024 0:43:38,1.16.3,FreeFeed,7,4.03,nan,1,LeftWithPellet,Left,27,42,616,0,nan,nan,0.23
7/24/2024 0:43:49,1.16.3,FreeFeed,7,4.03,nan,1,LeftWithPellet,Left,28,42,616,0,nan,nan,0.38
7/24/2024 0:43:53,1.16.3,FreeFeed,7,4.03,nan,1,LeftWithPellet,Left,29,42,616,0,nan,nan,0.15
7/24/2024 0:43:57,1.16.3,FreeFeed,7,4.03,nan,1,LeftWithPellet,Left,30,42,616,0,nan,nan,0.06
7/24/2024 0:48:43,1.16.3,FreeFeed,7,4.03,1,1,Pellet,Left,30,42,617,0,Timed_out,773,nan
7/24/2024 0:49:02,1.16.3,FreeFeed,7,4.03,1,1,Pellet,Left,30,42,618,0,12.56,19,nan
7/24/2024 0:49:16,1.16.3,FreeFeed,7,4.02,1,1,Pellet,Left,30,42,619,0,7.22,14,nan
7/24/2024 0:49:31,1.16.3,FreeFeed,7,4.03,1,1,Pellet,Left,30,42,620,0,8.63,15,nan
7/24/2024 0:49:32,1.16.3,FreeFeed,7,4.03,1,1,Pellet,Left,30,42,621,0,0.06,1,nan
7/24/2024 0:49:46,1.16.3,FreeFeed,7,4.03,1,1,Pellet,Left,30,42,622,0,6.91,14,nan
7/24/2024 0:50:02,1.16.3,FreeFeed,7,4.03,1,1,Pellet,Left,30,42,623,0,9.74,16,nan
7/24/2024 0:56:02,1.16.3,FreeFeed,7,4.03,nan,1,LeftWithPellet,Left,31,42,623,0,nan,nan,0.04
7/24/2024 0:56:03,1.16.3,FreeFeed,7,4.03,nan,1,LeftWithPellet,Left,32,42,623,0,nan,nan,0.36
7/24/2024 2:18:19,1.16.3,FreeFeed,7,4.02,1,1,Pellet,Left,32,42,624,0,Timed_out,5297,nan
7/24/2024 2:18:37,1.16.3,FreeFeed,7,4.02,1,1,Pellet,Left,32,42,625,0,11.39,17,nan
7/24/2024 2:18:54,1.16.3,FreeFeed,7,4.02,1,1,Pellet,Left,32,42,626,0,11.15,18,nan
7/24/2024 2:19:02,1.16.3,FreeFeed,7,4.03,1,1,Pellet,Left,32,42,627,0,1.28,8,nan
7/24/2024 2:19:03,1.16.3,FreeFeed,7,4.02,1,1,Pellet,Left,32,42,628,0,0.06,1,nan
7/24/2024 2:19:04,1.16.3,FreeFeed,7,4.02,1,1,Pellet,Left,32,42,629,0,0.12,1,nan
7/24/2024 2:19:18,1.16.3,FreeFeed,7,4.03,1,1,Pellet,Left,32,42,630,0,12.74,14,nan
7/24/2024 2:19:34,1.16.3,FreeFeed,7,4.03,1,1,Pellet,Left,32,42,631,0,10.29,16,nan
7/24/2024 2:19:49,1.16.3,FreeFeed,7,4.02,1,1,Pellet,Left,32,42,632,0,7.89,15,nan
7/24/2024 2:19:50,1.16.3,FreeFeed,7,4.03,1,1,Pellet,Left,32,42,633,0,0.24,1,nan
7/24/2024 2:20:07,1.16.3,FreeFeed,7,4.02,1,1,Pellet,Left,32,42,634,0,11.21,17,nan
7/24/2024 3:33:26,1.16.3,FreeFeed,7,4.02,1,1,Pellet,Left,32,42,635,0,Timed_out,4399,nan
7/24/2024 3:33:46,1.16.3,FreeFeed,7,4.02,1,1,Pellet,Left,32,42,636,0,13.43,20,nan
7/24/2024 3:33:47,1.16.3,FreeFeed,7,4.02,1,1,Pellet,Left,32,42,637,0,0.85,1,nan
7/24/2024 3:34:03,1.16.3,FreeFeed,7,4.02,1,1,Pellet,Left,32,42,638,0,9.74,16,nan
7/24/2024 3:34:18,1.16.3,FreeFeed,7,4.02,1,1,Pellet,Left,32,42,639,0,8.88,15,nan
7/24/2024 3:34:40,1.16.3,FreeFeed,7,4.02,1,1,Pellet,Left,32,42,640,0,15.26,22,nan
7/24/2024 3:34:57,1.16.3,FreeFeed,7,4.02,1,1,Pellet,Left,32,42,641,0,15.69,17,nan
7/24/2024 3:35:16,1.16.3,FreeFeed,7,4.02,2,1,Pellet,Left,32,42,642,0,12.13,19,nan
7/24/2024 3:35:33,1.16.3,FreeFeed,7,4.02,1,1,Pellet,Left,32,42,643,0,10.84,17,nan
7/24/2024 4:16:23,1.16.3,FreeFeed,7,4.02,1,1,Pellet,Left,32,42,644,0,Timed_out,2450,nan
7/24/2024 4:16:24,1.16.3,FreeFeed,7,4.02,1,1,Pellet,Left,32,42,645,0,0.06,1,nan
7/24/2024 4:16:44,1.16.3,FreeFeed,7,4.02,1,1,Pellet,Left,32,42,646,0,13.91,20,nan
7/24/2024 4:16:45,1.16.3,FreeFeed,7,4.02,1,1,Pellet,Left,32,42,647,0,0.06,1,nan
7/24/2024 4:17:03,1.16.3,FreeFeed,7,4.02,1,1,Pellet,Left,32,42,648,0,11.63,18,nan
7/24/2024 4:17:17,1.16.3,FreeFeed,7,4.02,1,1,Pellet,Left,32,42,649,0,6.79,13,nan
7/24/2024 4:17:34,1.16.3,FreeFeed,7,4.02,1,1,Pellet,Left,32,42,650,0,11.27,18,nan
7/24/2024 4:17:51,1.16.3,FreeFeed,7,4.02,1,1,Pellet,Left,32,42,651,0,10.28,17,nan
7/24/2024 4:18:11,1.16.3,FreeFeed,7,4.02,1,1,Pellet,Left,32,42,652,0,13.23,20,nan
7/24/2024 4:18:27,1.16.3,FreeFeed,7,4.02,1,1,Pellet,Left,32,42,653,0,14.83,16,nan
7/24/2024 4:18:47,1.16.3,FreeFeed,7,4.02,1,1,Pellet,Left,32,42,654,0,13.42,20,nan
7/24/2024 4:39:29,1.16.3,FreeFeed,7,4.02,1,1,Pellet,Left,32,42,655,0,Timed_out,1242,nan
7/24/2024 4:39:48,1.16.3,FreeFeed,7,4.02,1,1,Pellet,Left,32,42,656,0,12.38,19,nan
7/24/2024 4:40:08,1.16.3,FreeFeed,7,4.02,1,1,Pellet,Left,32,42,657,0,13.36,20,nan
7/24/2024 4:40:24,1.16.3,FreeFeed,7,4.02,1,1,Pellet,Left,32,42,658,0,9.37,16,nan
7/24/2024 4:40:44,1.16.3,FreeFeed,7,4.02,1,1,Pellet,Left,32,42,659,0,12.99,20,nan
7/24/2024 4:41:02,1.16.3,FreeFeed,7,4.02,1,1,Pellet,Left,32,42,660,0,11.39,18,nan
7/24/2024 4:41:19,1.16.3,FreeFeed,7,4.02,1,1,Pellet,Left,32,42,661,0,10.65,17,nan
7/24/2024 5:19:37,1.16.3,FreeFeed,7,4.02,nan,1,LeftWithPellet,Left,33,42,661,0,nan,nan,0.16
7/24/2024 5:20:30,1.16.3,FreeFeed,7,4.02,nan,1,RightWithPellet,Left,33,43,661,0,nan,nan,0.38
7/24/2024 5:20:32,1.16.3,FreeFeed,7,4.02,nan,1,RightWithPellet,Left,33,44,661,0,nan,nan,0.36
7/24/2024 5:26:16,1.16.3,FreeFeed,7,4.02,nan,1,LeftWithPellet,Left,34,44,661,0,nan,nan,0.03
7/24/2024 5:26:49,1.16.3,FreeFeed,7,4.02,1,1,Pellet,Left,34,44,662,0,Timed_out,2730,nan
7/24/2024 5:27:06,1.16.3,FreeFeed,7,4.02,1,1,Pellet,Left,34,44,663,0,9.80,17,nan
7/24/2024 5:27:25,1.16.3,FreeFeed,7,4.02,1,1,Pellet,Left,34,44,664,0,18.03,19,nan
7/24/2024 5:27:41,1.16.3,FreeFeed,7,4.02,1,1,Pellet,Left,34,44,665,0,9.49,16,nan
7/24/2024 5:30:02,1.16.3,FreeFeed,7,4.02,nan,1,RightWithPellet,Left,34,45,665,0,nan,nan,0.06
7/24/2024 5:30:39,1.16.3,FreeFeed,7,4.02,nan,1,RightWithPellet,Left,34,46,665,0,nan,nan,0.00
7/24/2024 5:31:28,1.16.3,FreeFeed,7,4.02,nan,1,RightWithPellet,Left,34,47,665,0,nan,nan,0.09
7/24/2024 5:31:31,1.16.3,FreeFeed,7,4.02,nan,1,RightWithPellet,Left,34,48,665,0,nan,nan,0.06
7/24/2024 5:31:32,1.16.3,FreeFeed,7,4.02,nan,1,RightWithPellet,Left,34,49,665,0,nan,nan,0.02
7/24/2024 5:31:34,1.16.3,FreeFeed,7,4.02,nan,1,RightWithPellet,Left,34,50,665,0,nan,nan,1.04
7/24/2024 5:32:22,1.16.3,FreeFeed,7,4.02,nan,1,RightWithPellet,Left,34,51,665,0,nan,nan,0.79
7/24/2024 5:35:24,1.16.3,FreeFeed,7,4.02,nan,1,RightWithPellet,Left,34,52,665,0,nan,nan,0.13
7/24/2024 5:35:25,1.16.3,FreeFeed,7,4.02,nan,1,RightWithPellet,Left,34,53,665,0,nan,nan,0.13
7/24/2024 5:37:26,1.16.3,FreeFeed,7,4.02,nan,1,LeftWithPellet,Left,35,53,665,0,nan,nan,0.20
7/24/2024 5:42:19,1.16.3,FreeFeed,7,4.02,nan,1,LeftWithPellet,Left,36,53,665,0,nan,nan,0.16
7/24/2024 5:42:43,1.16.3,FreeFeed,7,4.02,1,1,Pellet,Left,36,53,666,0,Timed_out,902,nan
7/24/2024 5:42:57,1.16.3,FreeFeed,7,4.02,2,1,Pellet,Left,36,53,667,0,6.30,14,nan
7/24/2024 5:43:15,1.16.3,FreeFeed,7,4.02,2,1,Pellet,Left,36,53,668,0,16.25,18,nan
7/24/2024 5:43:16,1.16.3,FreeFeed,7,4.02,1,1,Pellet,Left,36,53,669,0,0.06,1,nan
7/24/2024 5:43:29,1.16.3,FreeFeed,7,4.02,1,1,Pellet,Left,36,53,670,0,6.86,13,nan
7/24/2024 5:43:31,1.16.3,FreeFeed,7,4.02,1,1,Pellet,Left,36,53,671,0,1.03,1,nan
7/24/2024 5:43:50,1.16.3,FreeFeed,7,4.02,1,1,Pellet,Left,36,53,672,0,12.56,20,nan
7/24/2024 5:44:10,1.16.3,FreeFeed,7,4.02,1,1,Pellet,Left,36,53,673,0,13.67,20,nan
7/24/2024 5:44:26,1.16.3,FreeFeed,7,4.02,1,1,Pellet,Left,36,53,674,0,9.43,15,nan
7/24/2024 5:44:44,1.16.3,FreeFeed,7,4.02,1,1,Pellet,Left,36,53,675,0,11.57,19,nan
7/24/2024 5:45:00,1.16.3,FreeFeed,7,4.02,1,1,Pellet,Left,36,53,676,0,10.04,16,nan
7/24/2024 5:45:20,1.16.3,FreeFeed,7,4.02,1,1,Pellet,Left,36,53,677,0,12.93,20,nan
7/24/2024 5:51:29,1.16.3,FreeFeed,7,4.01,nan,1,LeftWithPellet,Left,37,53,677,0,nan,nan,0.50
7/24/2024 5:51:30,1.16.3,FreeFeed,7,4.02,nan,1,LeftWithPellet,Left,38,53,677,0,nan,nan,0.04
7/24/2024 5:56:34,1.16.3,FreeFeed,7,4.02,nan,1,RightWithPellet,Left,38,54,677,0,nan,nan,0.21
7/24/2024 5:58:20,1.16.3,FreeFeed,7,4.02,nan,1,LeftWithPellet,Left,39,54,677,0,nan,nan,0.25
7/24/2024 6:01:10,1.16.3,FreeFeed,7,4.02,nan,1,RightWithPellet,Left,39,55,677,0,nan,nan,0.18
7/24/2024 6:08:04,1.16.3,FreeFeed,7,4.02,nan,1,LeftWithPellet,Left,40,55,677,0,nan,nan,0.21
7/24/2024 6:15:44,1.16.3,FreeFeed,7,4.02,nan,1,RightWithPellet,Left,40,56,677,0,nan,nan,0.20
7/24/2024 6:15:45,1.16.3,FreeFeed,7,4.02,1,1,Pellet,Left,40,56,678,0,Timed_out,1825,nan
7/24/2024 6:15:46,1.16.3,FreeFeed,7,4.02,1,1,Pellet,Left,40,56,679,0,0.06,1,nan
7/24/2024 6:16:00,1.16.3,FreeFeed,7,4.02,1,1,Pellet,Left,40,56,680,0,6.30,14,nan
7/24/2024 6:16:11,1.16.3,FreeFeed,7,4.02,1,1,Pellet,Left,40,56,681,0,5.32,11,nan
7/24/2024 6:16:12,1.16.3,FreeFeed,7,4.02,1,1,Pellet,Left,40,56,682,0,0.06,1,nan
7/24/2024 6:16:27,1.16.3,FreeFeed,7,4.02,1,1,Pellet,Left,40,56,683,0,8.20,15,nan
7/24/2024 10:07:15,1.16.3,FreeFeed,7,4.01,1,1,Pellet,Left,40,56,684,0,Timed_out,13848,nan
7/24/2024 10:07:16,1.16.3,FreeFeed,7,4.01,1,1,Pellet,Left,40,56,685,0,0.30,1,nan
7/24/2024 10:08:15,1.16.3,FreeFeed,7,4.01,1,1,Pellet,Left,40,56,686,0,51.37,59,nan
7/24/2024 10:08:21,1.16.3,FreeFeed,7,4.01,nan,1,RightWithPellet,Left,40,57,686,0,nan,nan,0.30
7/24/2024 10:08:26,1.16.3,FreeFeed,7,4.01,1,1,Pellet,Left,40,57,687,0,4.80,10,nan
7/24/2024 10:08:26,1.16.3,FreeFeed,7,4.00,1,1,Pellet,Left,40,57,688,0,0.12,1,nan
7/24/2024 10:08:45,1.16.3,FreeFeed,7,4.00,1,1,Pellet,Left,40,57,689,0,11.33,19,nan
7/24/2024 10:09:01,1.16.3,FreeFeed,7,4.01,1,1,Pellet,Left,40,57,690,0,9.74,16,nan
7/24/2024 10:09:02,1.16.3,FreeFeed,7,4.01,1,1,Pellet,Left,40,57,691,0,0.18,1,nan
7/24/2024 10:09:20,1.16.3,FreeFeed,7,4.01,1,1,Pellet,Left,40,57,692,0,12.13,18,nan
7/24/2024 11:39:54,1.16.3,FreeFeed,7,4.00,1,1,Pellet,Left,40,57,693,0,Timed_out,5434,nan
7/24/2024 11:39:55,1.16.3,FreeFeed,7,4.01,1,1,Pellet,Left,40,57,694,0,0.06,1,nan
7/24/2024 11:40:14,1.16.3,FreeFeed,7,4.00,1,1,Pellet,Left,40,57,695,0,17.59,19,nan
7/24/2024 11:40:35,1.16.3,FreeFeed,7,4.00,1,1,Pellet,Left,40,57,696,0,14.89,20,nan
7/24/2024 11:40:52,1.16.3,FreeFeed,7,4.00,1,1,Pellet,Left,40,57,697,0,16.67,18,nan
7/24/2024 11:42:20,1.16.3,FreeFeed,7,4.00,1,1,Pellet,Left,40,57,698,0,Timed_out,88,nan
7/24/2024 11:42:21,1.16.3,FreeFeed,7,4.00,1,1,Pellet,Left,40,57,699,0,0.06,1,nan
7/24/2024 13:00:26,1.16.3,FreeFeed,7,4.00,1,1,Pellet,Left,40,57,700,0,Timed_out,4685,nan
