Filename,Mean_MealSize,Count_MealSize,Task
F_106_Ames_Free_WT11F.csv,9.285714285714286,21,Free
F_107_Ames_Free_WT17F.csv,3.9,20,Free
F_108_Ames_Free_WT7F.csv,8.75,20,Free
F_15_Creed_Free_FED00003242302.CSV,4.4,35,Free
F_16_Creed_Free_FED00103242302.CSV,3.8181818181818183,22,Free
F_17_Creed_Free_FED00203242302.CSV,4.44,25,Free
F_18_Creed_Free_FED00605282302.CSV,4.717948717948718,39,Free
F_24_Klappenbach_Free_FED139FF.CSV,6.705882352941177,34,Free
F_25_Klappenbach_Free_FED140FF.CSV,5.0,35,Free
F_26_Klappenbach_Free_FED141FF.CSV,3.909090909090909,33,Free
F_27_Klappenbach_Free_FED146FF.CSV,5.147058823529412,34,Free
F_28_Klappenbach_Free_FED147FF.CSV,4.075,40,Free
F_29_Klappenbach_Free_FED150FF.CSV,4.54054054054054,37,Free
F_30_Klappenbach_Free_FED152FF.CSV,5.324324324324325,37,Free
F_50_Fobbs_Free_FED001032923.CSV,4.885714285714286,35,Free
F_51_Fobbs_Free_FED00203292301.CSV,5.583333333333333,36,Free
F_52_Fobbs_Free_FED00303292300.CSV,6.393939393939394,33,Free
F_53_Fobbs_Free_FED01103292302.CSV,7.069767441860465,43,Free
F_54_Fobbs_Free_FED012concat.csv,5.607843137254902,51,Free
F_55_Fobbs_Free_FED01303292300.CSV,6.0625,32,Free
F_56_Fobbs_Free_FED01403292302.CSV,3.84,25,Free
F_57_Fobbs_Free_FED01503292302.CSV,5.142857142857143,14,Free
F_58_Fobbs_Free_FED02403292303.CSV,4.96875,32,Free
F_68_FobbsWUSTL_Free_FED00507082203.CSV,5.151515151515151,33,Free
F_70_FobbsWUSTL_Free_FED00707082206.CSV,5.1891891891891895,37,Free
F_71_FobbsWUSTL_Free_FED00807082205.CSV,4.777777777777778,27,Free
F_76_Kravitz_Free_FED10FF.csv,14.363636363636363,11,Free
F_77_Kravitz_Free_FED11FF.csv,5.071428571428571,28,Free
F_78_Kravitz_Free_FED9FF.csv,12.866666666666667,15,Free
F_86_Maloney_Free_G1Female.CSV,4.166666666666667,36,Free
F_87_Maloney_Free_G2Female.CSV,4.314814814814815,54,Free
F_88_Maloney_Free_G4Female.CSV,5.468085106382978,47,Free
F_89_Maloney_Free_G5Female.CSV,5.871794871794871,39,Free
M_109_Ames_Free_WT13M.csv,10.333333333333334,21,Free
M_10_Andrews_Free_fed00902032200.csv,6.3125,32,Free
M_110_Ames_Free_WT14M.csv,4.230769230769231,39,Free
M_111_Ames_Free_WT16M.csv,8.041666666666666,24,Free
M_112_Ames_Free_WT7M.csv,6.733333333333333,30,Free
M_11_Andrews_Free_fed01302032200.csv,4.821428571428571,28,Free
M_12_Andrews_Free_fed01402032200.csv,7.0625,32,Free
M_13_Andrews_Free_fed01502032200.csv,7.258064516129032,31,Free
M_14_Andrews_Free_fed01802032200.csv,7.451612903225806,31,Free
M_19_Creed_Free_FED002051923.CSV,4.777777777777778,36,Free
M_1_Andrews_Free_fed01902022210.csv,7.0,30,Free
M_20_Creed_Free_FED003030523.CSV,5.75,40,Free
M_21_Creed_Free_FED003051923.CSV,5.96969696969697,33,Free
M_22_Creed_Free_FED004030523.CSV,5.095238095238095,42,Free
M_23_Creed_Free_FED005030723.CSV,12.2,20,Free
M_2_Andrews_Free_fed02402032200.csv,9.0,22,Free
M_31_Klappenbach_Free_FED129FF.CSV,4.657894736842105,38,Free
M_32_Klappenbach_Free_FED136FF.CSV,6.361111111111111,36,Free
M_33_Klappenbach_Free_FED137FF.CSV,6.828571428571428,35,Free
M_34_Klappenbach_Free_FED138FF.CSV,5.25,32,Free
M_35_Klappenbach_Free_FED156FF.CSV,6.083333333333333,36,Free
M_36_Klappenbach_Free_FED157FF.CSV,5.674418604651163,43,Free
M_37_Klappenbach_Free_FED158FF.CSV,5.404761904761905,42,Free
M_38_Klappenbach_Free_FED159FF.CSV,5.358974358974359,39,Free
M_39_Westbrook_Free_HAL17FF.csv,6.604166666666667,48,Free
M_3_Andrews_Free_fed02702032200.csv,6.304347826086956,23,Free
M_40_Westbrook_Free_HAL24FF.CSV,5.181818181818182,33,Free
M_41_Westbrook_Free_HAL25FF.CSV,5.823529411764706,34,Free
M_42_Westbrook_Free_HAL31FF.CSV,6.625,32,Free
M_43_Westbrook_Free_HAL32FF.CSV,4.186046511627907,43,Free
M_44_Westbrook_Free_HAL33FF.CSV,4.416666666666667,36,Free
M_45_Westbrook_Free_HAL35FF.CSV,4.846153846153846,26,Free
M_46_Westbrook_Free_HAL41FF.CSV,5.3023255813953485,43,Free
M_47_Westbrook_Free_HAL4FF.CSV,4.7317073170731705,41,Free
M_48_Westbrook_Free_HAL5FF.CSV,4.480769230769231,52,Free
M_49_Westbrook_Free_HAL6FF.CSV,4.214285714285714,42,Free
M_4_Andrews_Free_fed09902032200.csv,5.178571428571429,28,Free
M_59_Fobbs_Free_FED00603292301.CSV,6.840909090909091,44,Free
M_5_Andrews_Free_fed00202032200.csv,6.482758620689655,29,Free
M_60_Fobbs_Free_FED00703292300.CSV,7.1395348837209305,43,Free
M_61_Fobbs_Free_FED00803292302.CSV,6.325,40,Free
M_62_Fobbs_Free_FED01003292300.CSV,5.045454545454546,44,Free
M_63_Fobbs_Free_FED01603292302.CSV,5.642857142857143,14,Free
M_64_Fobbs_Free_FED01703292300.CSV,5.413043478260869,46,Free
M_65_Fobbs_Free_FED01803292300.CSV,5.428571428571429,35,Free
M_66_Fobbs_Free_FED01903292300.CSV,5.8478260869565215,46,Free
M_67_Fobbs_Free_FED02003292301.CSV,7.266666666666667,45,Free
M_6_Andrews_Free_fed00402032200.csv,7.1923076923076925,26,Free
M_72_FobbsWUSTL_Free_FED00107082204.CSV,5.166666666666667,24,Free
M_73_FobbsWUSTL_Free_FED00207082206.CSV,4.809523809523809,21,Free
M_74_FobbsWUSTL_Free_FED00307082207.CSV,4.458333333333333,24,Free
M_75_FobbsWUSTL_Free_FED00407082218.CSV,6.0,15,Free
M_79_Kravitz_Free_FED2FF.csv,8.9,20,Free
M_7_Andrews_Free_fed00502032200.csv,6.655172413793103,29,Free
M_80_Kravitz_Free_FED3FF.csv,13.384615384615385,13,Free
M_81_Kravitz_Free_FED4FF.csv,9.761904761904763,21,Free
M_82_Kravitz_Free_FED5FF.csv,12.5,14,Free
M_83_Kravitz_Free_FED6FF.csv,7.305555555555555,36,Free
M_84_Kravitz_Free_FED7FF.csv,8.064516129032258,31,Free
M_85_Kravitz_Free_FED8FF.csv,8.210526315789474,19,Free
M_8_Andrews_Free_fed00602022201.csv,5.333333333333333,24,Free
M_90_Maloney_Free_D1Male.CSV,4.75,40,Free
M_91_Maloney_Free_D2Male.CSV,6.255813953488372,43,Free
M_92_Maloney_Free_D3Male.CSV,4.921052631578948,38,Free
M_93_Maloney_Free_D4Male.CSV,6.3478260869565215,46,Free
M_94_McCutcheon_Free_FED00105032200.CSV,7.0,29,Free
M_95_McCutcheon_Free_FED00205032200.CSV,5.454545454545454,33,Free
M_96_McCutcheon_Free_FED00305032200.CSV,5.857142857142857,35,Free
M_97_McCutcheon_Free_FED00405032200.CSV,6.419354838709677,31,Free
M_98_McCutcheon_Free_FED00505032200.CSV,4.928571428571429,42,Free
M_99_McCutcheon_Free_FED00605032200.CSV,4.666666666666667,33,Free
M_9_Andrews_Free_fed00802032200.csv,6.84,25,Free
F_106_Ames_FR1_WT11F.csv,6.242424242424242,33,FR1
F_107_Ames_FR1_WT17F.csv,7.0,30,FR1
F_108_Ames_FR1_WT7F.csv,6.2272727272727275,22,FR1
F_15_Creed_FR1_FED000032523concat.csv,5.388888888888889,18,FR1
F_16_Creed_FR1_FED00103252301.CSV,4.4375,16,FR1
F_17_Creed_FR1_FED002032523.CSV,4.333333333333333,27,FR1
F_18_Creed_FR1_FED006FR1Concat.csv,5.04,25,FR1
F_24_Klappenbach_FR1_FED139FR1.CSV,5.055555555555555,36,FR1
F_25_Klappenbach_FR1_FED140FR1.CSV,5.125,32,FR1
F_26_Klappenbach_FR1_FED141FR1.CSV,4.8,35,FR1
F_27_Klappenbach_FR1_FED146FR1.CSV,6.379310344827586,29,FR1
F_28_Klappenbach_FR1_FED147FR1.CSV,5.0,42,FR1
F_29_Klappenbach_FR1_FED150FR1.CSV,5.324324324324325,37,FR1
F_30_Klappenbach_FR1_FED152FR1.CSV,5.131578947368421,38,FR1
F_50_Fobbs_FR1_FED001FR1Concat.csv,4.423076923076923,26,FR1
F_51_Fobbs_FR1_FED002FR1Concat.csv,4.8125,16,FR1
F_52_Fobbs_FR1_FED003FR1Concat.csv,6.708333333333333,24,FR1
F_53_Fobbs_FR1_FED011FR1Concat.csv,6.8,20,FR1
F_54_Fobbs_FR1_FED012FR1Concat.csv,5.95,20,FR1
F_55_Fobbs_FR1_FED013FR1Concat.csv,6.333333333333333,21,FR1
F_56_Fobbs_FR1_FED014FR1Concat.csv,4.466666666666667,15,FR1
F_57_Fobbs_FR1_FED015FR1Concat.csv,4.0,18,FR1
F_58_Fobbs_FR1_FED024FR1Concat.csv,5.333333333333333,27,FR1
F_68_FobbsWUSTL_FR1_FED005FR1Concat.csv,5.153846153846154,13,FR1
F_70_FobbsWUSTL_FR1_FED007FR1Concat.csv,4.125,24,FR1
F_71_FobbsWUSTL_FR1_FED008FR1Concat.csv,4.214285714285714,14,FR1
F_76_Kravitz_FR1_FED10FR1.csv,7.0,23,FR1
F_77_Kravitz_FR1_FED11FR1.csv,6.5,30,FR1
F_78_Kravitz_FR1_FED9FR1.csv,7.576923076923077,26,FR1
F_86_Maloney_FR1_G1Female.CSV,3.5714285714285716,14,FR1
F_87_Maloney_FR1_G2Female.CSV,4.1923076923076925,26,FR1
F_88_Maloney_FR1_G4Female.CSV,5.352941176470588,17,FR1
F_89_Maloney_FR1_G5Female.CSV,4.095238095238095,21,FR1
M_109_Ames_FR1_WT13M.csv,6.2,25,FR1
M_10_Andrews_FR1_fed00904262201.csv,5.133333333333334,15,FR1
M_110_Ames_FR1_WT14M.csv,5.357142857142857,28,FR1
M_111_Ames_FR1_WT16M.csv,6.5,28,FR1
M_112_Ames_FR1_WT7M.csv,4.714285714285714,28,FR1
M_11_Andrews_FR1_fed01304262201.csv,4.925925925925926,27,FR1
M_12_Andrews_FR1_fed01404262202.csv,4.782608695652174,23,FR1
M_13_Andrews_FR1_fed01504262201.csv,5.7,10,FR1
M_14_Andrews_FR1_fed01804262201.csv,6.684210526315789,19,FR1
M_19_Creed_FR1_FED002052023.CSV,7.052631578947368,19,FR1
M_1_Andrews_FR1_fed01904262201.csv,5.7894736842105265,19,FR1
M_20_Creed_FR1_FED003030623Concat.csv,7.095238095238095,21,FR1
M_21_Creed_FR1_FED003052023.CSV,4.894736842105263,19,FR1
M_22_Creed_FR1_FED004030623.CSV,5.625,24,FR1
M_23_Creed_FR1_FED005030823Concat.csv,5.424242424242424,33,FR1
M_2_Andrews_FR1_fed02404262201.csv,5.782608695652174,23,FR1
M_31_Klappenbach_FR1_FED129FR1.CSV,6.0,27,FR1
M_32_Klappenbach_FR1_FED136FR1.CSV,7.133333333333334,30,FR1
M_33_Klappenbach_FR1_FED137FR1.CSV,7.785714285714286,28,FR1
M_34_Klappenbach_FR1_FED138FR1.CSV,6.129032258064516,31,FR1
M_35_Klappenbach_FR1_FED156FR1.CSV,6.15625,32,FR1
M_36_Klappenbach_FR1_FED157FR1.CSV,7.961538461538462,26,FR1
M_37_Klappenbach_FR1_FED158FR1.CSV,6.333333333333333,30,FR1
M_38_Klappenbach_FR1_FED159FR1.CSV,5.617647058823529,34,FR1
M_39_Westbrook_FR1_HAL17FR1.CSV,7.428571428571429,35,FR1
M_3_Andrews_FR1_fed02704262201.csv,4.368421052631579,19,FR1
M_40_Westbrook_FR1_HAL24FR1.CSV,5.214285714285714,28,FR1
M_41_Westbrook_FR1_HAL25FR1.CSV,5.705882352941177,34,FR1
M_42_Westbrook_FR1_HAL31FR1.CSV,6.5,22,FR1
M_43_Westbrook_FR1_HAL32FR1.CSV,5.714285714285714,35,FR1
M_44_Westbrook_FR1_HAL33FR1.CSV,4.7272727272727275,22,FR1
M_45_Westbrook_FR1_HAL35FR1.CSV,4.909090909090909,22,FR1
M_46_Westbrook_FR1_HAL41FR1.CSV,5.354838709677419,31,FR1
M_47_Westbrook_FR1_HAL4FR1.CSV,5.303030303030303,33,FR1
M_48_Westbrook_FR1_HAL5FR1.CSV,4.564102564102564,39,FR1
M_49_Westbrook_FR1_HAL6FR1.CSV,4.2,25,FR1
M_4_Andrews_FR1_fed09904262202.csv,4.666666666666667,12,FR1
M_59_Fobbs_FR1_FED006FR1Concat.csv,5.45,20,FR1
M_5_Andrews_FR1_fed00204262201.csv,8.210526315789474,19,FR1
M_60_Fobbs_FR1_FED007FR1Concat.csv,6.333333333333333,24,FR1
M_61_Fobbs_FR1_FED008FR1Concat.csv,6.473684210526316,19,FR1
M_62_Fobbs_FR1_FED010FR1Concat.csv,6.35,20,FR1
M_63_Fobbs_FR1_FED016FR1Concat.csv,7.214285714285714,14,FR1
M_64_Fobbs_FR1_FED017FR1Concat.csv,6.894736842105263,19,FR1
M_65_Fobbs_FR1_FED018FR1Concat.csv,4.666666666666667,21,FR1
M_66_Fobbs_FR1_FED019FR1Concat.csv,7.25,8,FR1
M_67_Fobbs_FR1_FED020FR1Concat.csv,7.090909090909091,11,FR1
M_6_Andrews_FR1_fed00404262201.csv,4.9411764705882355,17,FR1
M_72_FobbsWUSTL_FR1_FED001FR1Concat.csv,5.761904761904762,21,FR1
M_73_FobbsWUSTL_FR1_FED002FR1Concat.csv,5.476190476190476,21,FR1
M_74_FobbsWUSTL_FR1_FED003FR1Concat.csv,5.2631578947368425,19,FR1
M_75_FobbsWUSTL_FR1_FED004FR1Concat.csv,6.25,12,FR1
M_79_Kravitz_FR1_FED2FR1.csv,9.909090909090908,11,FR1
M_7_Andrews_FR1_fed00504262201.csv,4.875,8,FR1
M_80_Kravitz_FR1_FED3FR1.csv,9.307692307692308,13,FR1
M_81_Kravitz_FR1_FED4FR1.csv,6.40625,32,FR1
M_82_Kravitz_FR1_FED5FR1.csv,7.529411764705882,17,FR1
M_83_Kravitz_FR1_FED6FR1.csv,8.4375,16,FR1
M_84_Kravitz_FR1_FED7FR1.csv,7.571428571428571,21,FR1
M_85_Kravitz_FR1_FED8FR1.csv,7.5,22,FR1
M_8_Andrews_FR1_fed00604262201.csv,5.25,12,FR1
M_90_Maloney_FR1_D1Male.CSV,5.24,25,FR1
M_91_Maloney_FR1_D2Male.CSV,6.285714285714286,21,FR1
M_92_Maloney_FR1_D3Male.CSV,4.95,20,FR1
M_93_Maloney_FR1_D4Male.CSV,6.538461538461538,26,FR1
M_94_McCutcheon_FR1_FED00105102204.CSV,6.95,20,FR1
M_95_McCutcheon_FR1_FED00205102202.CSV,5.21875,32,FR1
M_96_McCutcheon_FR1_FED00305102203.CSV,5.304347826086956,23,FR1
M_97_McCutcheon_FR1_FED00405102204.CSV,5.590909090909091,22,FR1
M_98_McCutcheon_FR1_FED00505102203.CSV,5.318181818181818,22,FR1
M_99_McCutcheon_FR1_FED00605102202.CSV,5.0,20,FR1
M_9_Andrews_FR1_fed00804262204.csv,4.7894736842105265,19,FR1
