Meal_Size,Filename
5,M_11_Andrews_FR1_fed01304262201.csv
4,M_11_Andrews_FR1_fed01304262201.csv
3,M_11_Andrews_FR1_fed01304262201.csv
4,M_11_Andrews_FR1_fed01304262201.csv
6,M_11_Andrews_FR1_fed01304262201.csv
3,M_11_Andrews_FR1_fed01304262201.csv
5,M_11_Andrews_FR1_fed01304262201.csv
6,M_11_Andrews_FR1_fed01304262201.csv
3,M_11_Andrews_FR1_fed01304262201.csv
5,M_11_Andrews_FR1_fed01304262201.csv
5,M_11_Andrews_FR1_fed01304262201.csv
3,M_11_Andrews_FR1_fed01304262201.csv
5,M_11_Andrews_FR1_fed01304262201.csv
3,M_11_Andrews_FR1_fed01304262201.csv
7,M_11_Andrews_FR1_fed01304262201.csv
3,M_11_Andrews_FR1_fed01304262201.csv
7,M_11_Andrews_FR1_fed01304262201.csv
6,M_11_Andrews_FR1_fed01304262201.csv
7,M_11_Andrews_FR1_fed01304262201.csv
3,M_11_Andrews_FR1_fed01304262201.csv
4,M_11_Andrews_FR1_fed01304262201.csv
3,M_11_Andrews_FR1_fed01304262201.csv
8,M_11_Andrews_FR1_fed01304262201.csv
3,M_11_Andrews_FR1_fed01304262201.csv
14,M_11_Andrews_FR1_fed01304262201.csv
4,M_11_Andrews_FR1_fed01304262201.csv
4,M_11_Andrews_FR1_fed01304262201.csv
5,M_10_Andrews_FR1_fed00904262201.csv
6,M_10_Andrews_FR1_fed00904262201.csv
3,M_10_Andrews_FR1_fed00904262201.csv
3,M_10_Andrews_FR1_fed00904262201.csv
8,M_10_Andrews_FR1_fed00904262201.csv
9,M_10_Andrews_FR1_fed00904262201.csv
5,M_10_Andrews_FR1_fed00904262201.csv
4,M_10_Andrews_FR1_fed00904262201.csv
5,M_10_Andrews_FR1_fed00904262201.csv
4,M_10_Andrews_FR1_fed00904262201.csv
8,M_10_Andrews_FR1_fed00904262201.csv
7,M_10_Andrews_FR1_fed00904262201.csv
3,M_10_Andrews_FR1_fed00904262201.csv
3,M_10_Andrews_FR1_fed00904262201.csv
4,M_10_Andrews_FR1_fed00904262201.csv
7,M_13_Andrews_FR1_fed01504262201.csv
4,M_13_Andrews_FR1_fed01504262201.csv
3,M_13_Andrews_FR1_fed01504262201.csv
4,M_13_Andrews_FR1_fed01504262201.csv
8,M_13_Andrews_FR1_fed01504262201.csv
9,M_13_Andrews_FR1_fed01504262201.csv
7,M_13_Andrews_FR1_fed01504262201.csv
3,M_13_Andrews_FR1_fed01504262201.csv
5,M_13_Andrews_FR1_fed01504262201.csv
7,M_13_Andrews_FR1_fed01504262201.csv
5,M_12_Andrews_FR1_fed01404262202.csv
5,M_12_Andrews_FR1_fed01404262202.csv
6,M_12_Andrews_FR1_fed01404262202.csv
3,M_12_Andrews_FR1_fed01404262202.csv
9,M_12_Andrews_FR1_fed01404262202.csv
8,M_12_Andrews_FR1_fed01404262202.csv
6,M_12_Andrews_FR1_fed01404262202.csv
4,M_12_Andrews_FR1_fed01404262202.csv
3,M_12_Andrews_FR1_fed01404262202.csv
3,M_12_Andrews_FR1_fed01404262202.csv
3,M_12_Andrews_FR1_fed01404262202.csv
4,M_12_Andrews_FR1_fed01404262202.csv
3,M_12_Andrews_FR1_fed01404262202.csv
8,M_12_Andrews_FR1_fed01404262202.csv
4,M_12_Andrews_FR1_fed01404262202.csv
5,M_12_Andrews_FR1_fed01404262202.csv
4,M_12_Andrews_FR1_fed01404262202.csv
5,M_12_Andrews_FR1_fed01404262202.csv
3,M_12_Andrews_FR1_fed01404262202.csv
6,M_12_Andrews_FR1_fed01404262202.csv
3,M_12_Andrews_FR1_fed01404262202.csv
5,M_12_Andrews_FR1_fed01404262202.csv
5,M_12_Andrews_FR1_fed01404262202.csv
3,M_2_Andrews_FR1_fed02404262201.csv
3,M_2_Andrews_FR1_fed02404262201.csv
10,M_2_Andrews_FR1_fed02404262201.csv
14,M_2_Andrews_FR1_fed02404262201.csv
5,M_2_Andrews_FR1_fed02404262201.csv
5,M_2_Andrews_FR1_fed02404262201.csv
11,M_2_Andrews_FR1_fed02404262201.csv
5,M_2_Andrews_FR1_fed02404262201.csv
7,M_2_Andrews_FR1_fed02404262201.csv
3,M_2_Andrews_FR1_fed02404262201.csv
3,M_2_Andrews_FR1_fed02404262201.csv
3,M_2_Andrews_FR1_fed02404262201.csv
7,M_2_Andrews_FR1_fed02404262201.csv
5,M_2_Andrews_FR1_fed02404262201.csv
3,M_2_Andrews_FR1_fed02404262201.csv
7,M_2_Andrews_FR1_fed02404262201.csv
3,M_2_Andrews_FR1_fed02404262201.csv
5,M_2_Andrews_FR1_fed02404262201.csv
5,M_2_Andrews_FR1_fed02404262201.csv
5,M_2_Andrews_FR1_fed02404262201.csv
9,M_2_Andrews_FR1_fed02404262201.csv
6,M_2_Andrews_FR1_fed02404262201.csv
6,M_2_Andrews_FR1_fed02404262201.csv
5,M_14_Andrews_FR1_fed01804262201.csv
9,M_14_Andrews_FR1_fed01804262201.csv
9,M_14_Andrews_FR1_fed01804262201.csv
6,M_14_Andrews_FR1_fed01804262201.csv
4,M_14_Andrews_FR1_fed01804262201.csv
4,M_14_Andrews_FR1_fed01804262201.csv
7,M_14_Andrews_FR1_fed01804262201.csv
6,M_14_Andrews_FR1_fed01804262201.csv
6,M_14_Andrews_FR1_fed01804262201.csv
16,M_14_Andrews_FR1_fed01804262201.csv
8,M_14_Andrews_FR1_fed01804262201.csv
8,M_14_Andrews_FR1_fed01804262201.csv
7,M_14_Andrews_FR1_fed01804262201.csv
7,M_14_Andrews_FR1_fed01804262201.csv
3,M_14_Andrews_FR1_fed01804262201.csv
4,M_14_Andrews_FR1_fed01804262201.csv
4,M_14_Andrews_FR1_fed01804262201.csv
4,M_14_Andrews_FR1_fed01804262201.csv
10,M_14_Andrews_FR1_fed01804262201.csv
3,M_1_Andrews_FR1_fed01904262201.csv
4,M_1_Andrews_FR1_fed01904262201.csv
3,M_1_Andrews_FR1_fed01904262201.csv
5,M_1_Andrews_FR1_fed01904262201.csv
4,M_1_Andrews_FR1_fed01904262201.csv
7,M_1_Andrews_FR1_fed01904262201.csv
4,M_1_Andrews_FR1_fed01904262201.csv
8,M_1_Andrews_FR1_fed01904262201.csv
3,M_1_Andrews_FR1_fed01904262201.csv
11,M_1_Andrews_FR1_fed01904262201.csv
7,M_1_Andrews_FR1_fed01904262201.csv
9,M_1_Andrews_FR1_fed01904262201.csv
6,M_1_Andrews_FR1_fed01904262201.csv
5,M_1_Andrews_FR1_fed01904262201.csv
6,M_1_Andrews_FR1_fed01904262201.csv
7,M_1_Andrews_FR1_fed01904262201.csv
9,M_1_Andrews_FR1_fed01904262201.csv
3,M_1_Andrews_FR1_fed01904262201.csv
6,M_1_Andrews_FR1_fed01904262201.csv
3,M_3_Andrews_FR1_fed02704262201.csv
4,M_3_Andrews_FR1_fed02704262201.csv
4,M_3_Andrews_FR1_fed02704262201.csv
5,M_3_Andrews_FR1_fed02704262201.csv
3,M_3_Andrews_FR1_fed02704262201.csv
4,M_3_Andrews_FR1_fed02704262201.csv
9,M_3_Andrews_FR1_fed02704262201.csv
4,M_3_Andrews_FR1_fed02704262201.csv
3,M_3_Andrews_FR1_fed02704262201.csv
3,M_3_Andrews_FR1_fed02704262201.csv
3,M_3_Andrews_FR1_fed02704262201.csv
7,M_3_Andrews_FR1_fed02704262201.csv
4,M_3_Andrews_FR1_fed02704262201.csv
3,M_3_Andrews_FR1_fed02704262201.csv
3,M_3_Andrews_FR1_fed02704262201.csv
3,M_3_Andrews_FR1_fed02704262201.csv
7,M_3_Andrews_FR1_fed02704262201.csv
6,M_3_Andrews_FR1_fed02704262201.csv
5,M_3_Andrews_FR1_fed02704262201.csv
4,M_4_Andrews_FR1_fed09904262202.csv
3,M_4_Andrews_FR1_fed09904262202.csv
3,M_4_Andrews_FR1_fed09904262202.csv
8,M_4_Andrews_FR1_fed09904262202.csv
8,M_4_Andrews_FR1_fed09904262202.csv
3,M_4_Andrews_FR1_fed09904262202.csv
8,M_4_Andrews_FR1_fed09904262202.csv
3,M_4_Andrews_FR1_fed09904262202.csv
3,M_4_Andrews_FR1_fed09904262202.csv
3,M_4_Andrews_FR1_fed09904262202.csv
3,M_4_Andrews_FR1_fed09904262202.csv
7,M_4_Andrews_FR1_fed09904262202.csv
6,M_5_Andrews_FR1_fed00204262201.csv
14,M_5_Andrews_FR1_fed00204262201.csv
11,M_5_Andrews_FR1_fed00204262201.csv
3,M_5_Andrews_FR1_fed00204262201.csv
4,M_5_Andrews_FR1_fed00204262201.csv
6,M_5_Andrews_FR1_fed00204262201.csv
5,M_5_Andrews_FR1_fed00204262201.csv
9,M_5_Andrews_FR1_fed00204262201.csv
3,M_5_Andrews_FR1_fed00204262201.csv
16,M_5_Andrews_FR1_fed00204262201.csv
6,M_5_Andrews_FR1_fed00204262201.csv
14,M_5_Andrews_FR1_fed00204262201.csv
3,M_5_Andrews_FR1_fed00204262201.csv
11,M_5_Andrews_FR1_fed00204262201.csv
8,M_5_Andrews_FR1_fed00204262201.csv
19,M_5_Andrews_FR1_fed00204262201.csv
6,M_5_Andrews_FR1_fed00204262201.csv
4,M_5_Andrews_FR1_fed00204262201.csv
8,M_5_Andrews_FR1_fed00204262201.csv
4,M_6_Andrews_FR1_fed00404262201.csv
4,M_6_Andrews_FR1_fed00404262201.csv
3,M_6_Andrews_FR1_fed00404262201.csv
3,M_6_Andrews_FR1_fed00404262201.csv
6,M_6_Andrews_FR1_fed00404262201.csv
8,M_6_Andrews_FR1_fed00404262201.csv
3,M_6_Andrews_FR1_fed00404262201.csv
3,M_6_Andrews_FR1_fed00404262201.csv
4,M_6_Andrews_FR1_fed00404262201.csv
5,M_6_Andrews_FR1_fed00404262201.csv
6,M_6_Andrews_FR1_fed00404262201.csv
4,M_6_Andrews_FR1_fed00404262201.csv
7,M_6_Andrews_FR1_fed00404262201.csv
7,M_6_Andrews_FR1_fed00404262201.csv
3,M_6_Andrews_FR1_fed00404262201.csv
6,M_6_Andrews_FR1_fed00404262201.csv
8,M_6_Andrews_FR1_fed00404262201.csv
5,M_8_Andrews_FR1_fed00604262201.csv
4,M_8_Andrews_FR1_fed00604262201.csv
4,M_8_Andrews_FR1_fed00604262201.csv
7,M_8_Andrews_FR1_fed00604262201.csv
4,M_8_Andrews_FR1_fed00604262201.csv
10,M_8_Andrews_FR1_fed00604262201.csv
7,M_8_Andrews_FR1_fed00604262201.csv
6,M_8_Andrews_FR1_fed00604262201.csv
4,M_8_Andrews_FR1_fed00604262201.csv
3,M_8_Andrews_FR1_fed00604262201.csv
4,M_8_Andrews_FR1_fed00604262201.csv
5,M_8_Andrews_FR1_fed00604262201.csv
4,M_7_Andrews_FR1_fed00504262201.csv
3,M_7_Andrews_FR1_fed00504262201.csv
3,M_7_Andrews_FR1_fed00504262201.csv
5,M_7_Andrews_FR1_fed00504262201.csv
3,M_7_Andrews_FR1_fed00504262201.csv
6,M_7_Andrews_FR1_fed00504262201.csv
4,M_7_Andrews_FR1_fed00504262201.csv
11,M_7_Andrews_FR1_fed00504262201.csv
3,M_9_Andrews_FR1_fed00804262204.csv
4,M_9_Andrews_FR1_fed00804262204.csv
3,M_9_Andrews_FR1_fed00804262204.csv
12,M_9_Andrews_FR1_fed00804262204.csv
4,M_9_Andrews_FR1_fed00804262204.csv
3,M_9_Andrews_FR1_fed00804262204.csv
4,M_9_Andrews_FR1_fed00804262204.csv
3,M_9_Andrews_FR1_fed00804262204.csv
8,M_9_Andrews_FR1_fed00804262204.csv
3,M_9_Andrews_FR1_fed00804262204.csv
3,M_9_Andrews_FR1_fed00804262204.csv
3,M_9_Andrews_FR1_fed00804262204.csv
6,M_9_Andrews_FR1_fed00804262204.csv
5,M_9_Andrews_FR1_fed00804262204.csv
6,M_9_Andrews_FR1_fed00804262204.csv
5,M_9_Andrews_FR1_fed00804262204.csv
5,M_9_Andrews_FR1_fed00804262204.csv
6,M_9_Andrews_FR1_fed00804262204.csv
5,M_9_Andrews_FR1_fed00804262204.csv
6,F_15_Creed_FR1_FED000032523concat.csv
3,F_15_Creed_FR1_FED000032523concat.csv
3,F_15_Creed_FR1_FED000032523concat.csv
5,F_15_Creed_FR1_FED000032523concat.csv
6,F_15_Creed_FR1_FED000032523concat.csv
10,F_15_Creed_FR1_FED000032523concat.csv
4,F_15_Creed_FR1_FED000032523concat.csv
5,F_15_Creed_FR1_FED000032523concat.csv
6,F_15_Creed_FR1_FED000032523concat.csv
8,F_15_Creed_FR1_FED000032523concat.csv
5,F_15_Creed_FR1_FED000032523concat.csv
8,F_15_Creed_FR1_FED000032523concat.csv
4,F_15_Creed_FR1_FED000032523concat.csv
4,F_15_Creed_FR1_FED000032523concat.csv
3,F_15_Creed_FR1_FED000032523concat.csv
3,F_15_Creed_FR1_FED000032523concat.csv
6,F_15_Creed_FR1_FED000032523concat.csv
8,F_15_Creed_FR1_FED000032523concat.csv
4,F_17_Creed_FR1_FED002032523.CSV
3,F_17_Creed_FR1_FED002032523.CSV
4,F_17_Creed_FR1_FED002032523.CSV
3,F_17_Creed_FR1_FED002032523.CSV
6,F_17_Creed_FR1_FED002032523.CSV
3,F_17_Creed_FR1_FED002032523.CSV
4,F_17_Creed_FR1_FED002032523.CSV
3,F_17_Creed_FR1_FED002032523.CSV
4,F_17_Creed_FR1_FED002032523.CSV
8,F_17_Creed_FR1_FED002032523.CSV
4,F_17_Creed_FR1_FED002032523.CSV
5,F_17_Creed_FR1_FED002032523.CSV
3,F_17_Creed_FR1_FED002032523.CSV
7,F_17_Creed_FR1_FED002032523.CSV
3,F_17_Creed_FR1_FED002032523.CSV
3,F_17_Creed_FR1_FED002032523.CSV
3,F_17_Creed_FR1_FED002032523.CSV
3,F_17_Creed_FR1_FED002032523.CSV
3,F_17_Creed_FR1_FED002032523.CSV
3,F_17_Creed_FR1_FED002032523.CSV
5,F_17_Creed_FR1_FED002032523.CSV
5,F_17_Creed_FR1_FED002032523.CSV
4,F_17_Creed_FR1_FED002032523.CSV
4,F_17_Creed_FR1_FED002032523.CSV
6,F_17_Creed_FR1_FED002032523.CSV
4,F_17_Creed_FR1_FED002032523.CSV
10,F_17_Creed_FR1_FED002032523.CSV
6,F_16_Creed_FR1_FED00103252301.CSV
4,F_16_Creed_FR1_FED00103252301.CSV
3,F_16_Creed_FR1_FED00103252301.CSV
3,F_16_Creed_FR1_FED00103252301.CSV
7,F_16_Creed_FR1_FED00103252301.CSV
4,F_16_Creed_FR1_FED00103252301.CSV
3,F_16_Creed_FR1_FED00103252301.CSV
7,F_16_Creed_FR1_FED00103252301.CSV
4,F_16_Creed_FR1_FED00103252301.CSV
3,F_16_Creed_FR1_FED00103252301.CSV
5,F_16_Creed_FR1_FED00103252301.CSV
3,F_16_Creed_FR1_FED00103252301.CSV
4,F_16_Creed_FR1_FED00103252301.CSV
5,F_16_Creed_FR1_FED00103252301.CSV
4,F_16_Creed_FR1_FED00103252301.CSV
6,F_16_Creed_FR1_FED00103252301.CSV
7,F_18_Creed_FR1_FED006FR1Concat.csv
3,F_18_Creed_FR1_FED006FR1Concat.csv
4,F_18_Creed_FR1_FED006FR1Concat.csv
7,F_18_Creed_FR1_FED006FR1Concat.csv
5,F_18_Creed_FR1_FED006FR1Concat.csv
4,F_18_Creed_FR1_FED006FR1Concat.csv
8,F_18_Creed_FR1_FED006FR1Concat.csv
4,F_18_Creed_FR1_FED006FR1Concat.csv
4,F_18_Creed_FR1_FED006FR1Concat.csv
3,F_18_Creed_FR1_FED006FR1Concat.csv
4,F_18_Creed_FR1_FED006FR1Concat.csv
4,F_18_Creed_FR1_FED006FR1Concat.csv
5,F_18_Creed_FR1_FED006FR1Concat.csv
4,F_18_Creed_FR1_FED006FR1Concat.csv
3,F_18_Creed_FR1_FED006FR1Concat.csv
8,F_18_Creed_FR1_FED006FR1Concat.csv
8,F_18_Creed_FR1_FED006FR1Concat.csv
4,F_18_Creed_FR1_FED006FR1Concat.csv
4,F_18_Creed_FR1_FED006FR1Concat.csv
6,F_18_Creed_FR1_FED006FR1Concat.csv
6,F_18_Creed_FR1_FED006FR1Concat.csv
7,F_18_Creed_FR1_FED006FR1Concat.csv
4,F_18_Creed_FR1_FED006FR1Concat.csv
6,F_18_Creed_FR1_FED006FR1Concat.csv
4,F_18_Creed_FR1_FED006FR1Concat.csv
12,M_19_Creed_FR1_FED002052023.CSV
11,M_19_Creed_FR1_FED002052023.CSV
8,M_19_Creed_FR1_FED002052023.CSV
3,M_19_Creed_FR1_FED002052023.CSV
12,M_19_Creed_FR1_FED002052023.CSV
10,M_19_Creed_FR1_FED002052023.CSV
5,M_19_Creed_FR1_FED002052023.CSV
9,M_19_Creed_FR1_FED002052023.CSV
9,M_19_Creed_FR1_FED002052023.CSV
9,M_19_Creed_FR1_FED002052023.CSV
6,M_19_Creed_FR1_FED002052023.CSV
10,M_19_Creed_FR1_FED002052023.CSV
4,M_19_Creed_FR1_FED002052023.CSV
4,M_19_Creed_FR1_FED002052023.CSV
6,M_19_Creed_FR1_FED002052023.CSV
3,M_19_Creed_FR1_FED002052023.CSV
3,M_19_Creed_FR1_FED002052023.CSV
7,M_19_Creed_FR1_FED002052023.CSV
3,M_19_Creed_FR1_FED002052023.CSV
5,M_20_Creed_FR1_FED003030623Concat.csv
3,M_20_Creed_FR1_FED003030623Concat.csv
3,M_20_Creed_FR1_FED003030623Concat.csv
4,M_20_Creed_FR1_FED003030623Concat.csv
8,M_20_Creed_FR1_FED003030623Concat.csv
16,M_20_Creed_FR1_FED003030623Concat.csv
8,M_20_Creed_FR1_FED003030623Concat.csv
4,M_20_Creed_FR1_FED003030623Concat.csv
3,M_20_Creed_FR1_FED003030623Concat.csv
10,M_20_Creed_FR1_FED003030623Concat.csv
10,M_20_Creed_FR1_FED003030623Concat.csv
5,M_20_Creed_FR1_FED003030623Concat.csv
6,M_20_Creed_FR1_FED003030623Concat.csv
15,M_20_Creed_FR1_FED003030623Concat.csv
9,M_20_Creed_FR1_FED003030623Concat.csv
4,M_20_Creed_FR1_FED003030623Concat.csv
7,M_20_Creed_FR1_FED003030623Concat.csv
9,M_20_Creed_FR1_FED003030623Concat.csv
3,M_20_Creed_FR1_FED003030623Concat.csv
4,M_20_Creed_FR1_FED003030623Concat.csv
13,M_20_Creed_FR1_FED003030623Concat.csv
6,M_22_Creed_FR1_FED004030623.CSV
5,M_22_Creed_FR1_FED004030623.CSV
5,M_22_Creed_FR1_FED004030623.CSV
4,M_22_Creed_FR1_FED004030623.CSV
8,M_22_Creed_FR1_FED004030623.CSV
4,M_22_Creed_FR1_FED004030623.CSV
3,M_22_Creed_FR1_FED004030623.CSV
5,M_22_Creed_FR1_FED004030623.CSV
3,M_22_Creed_FR1_FED004030623.CSV
10,M_22_Creed_FR1_FED004030623.CSV
4,M_22_Creed_FR1_FED004030623.CSV
8,M_22_Creed_FR1_FED004030623.CSV
4,M_22_Creed_FR1_FED004030623.CSV
4,M_22_Creed_FR1_FED004030623.CSV
5,M_22_Creed_FR1_FED004030623.CSV
7,M_22_Creed_FR1_FED004030623.CSV
6,M_22_Creed_FR1_FED004030623.CSV
8,M_22_Creed_FR1_FED004030623.CSV
5,M_22_Creed_FR1_FED004030623.CSV
4,M_22_Creed_FR1_FED004030623.CSV
9,M_22_Creed_FR1_FED004030623.CSV
9,M_22_Creed_FR1_FED004030623.CSV
3,M_22_Creed_FR1_FED004030623.CSV
6,M_22_Creed_FR1_FED004030623.CSV
9,M_21_Creed_FR1_FED003052023.CSV
10,M_21_Creed_FR1_FED003052023.CSV
3,M_21_Creed_FR1_FED003052023.CSV
6,M_21_Creed_FR1_FED003052023.CSV
8,M_21_Creed_FR1_FED003052023.CSV
5,M_21_Creed_FR1_FED003052023.CSV
4,M_21_Creed_FR1_FED003052023.CSV
3,M_21_Creed_FR1_FED003052023.CSV
6,M_21_Creed_FR1_FED003052023.CSV
3,M_21_Creed_FR1_FED003052023.CSV
4,M_21_Creed_FR1_FED003052023.CSV
5,M_21_Creed_FR1_FED003052023.CSV
3,M_21_Creed_FR1_FED003052023.CSV
8,M_21_Creed_FR1_FED003052023.CSV
3,M_21_Creed_FR1_FED003052023.CSV
3,M_21_Creed_FR1_FED003052023.CSV
3,M_21_Creed_FR1_FED003052023.CSV
4,M_21_Creed_FR1_FED003052023.CSV
3,M_21_Creed_FR1_FED003052023.CSV
8,M_23_Creed_FR1_FED005030823Concat.csv
7,M_23_Creed_FR1_FED005030823Concat.csv
3,M_23_Creed_FR1_FED005030823Concat.csv
5,M_23_Creed_FR1_FED005030823Concat.csv
3,M_23_Creed_FR1_FED005030823Concat.csv
7,M_23_Creed_FR1_FED005030823Concat.csv
8,M_23_Creed_FR1_FED005030823Concat.csv
5,M_23_Creed_FR1_FED005030823Concat.csv
5,M_23_Creed_FR1_FED005030823Concat.csv
5,M_23_Creed_FR1_FED005030823Concat.csv
3,M_23_Creed_FR1_FED005030823Concat.csv
5,M_23_Creed_FR1_FED005030823Concat.csv
3,M_23_Creed_FR1_FED005030823Concat.csv
7,M_23_Creed_FR1_FED005030823Concat.csv
10,M_23_Creed_FR1_FED005030823Concat.csv
4,M_23_Creed_FR1_FED005030823Concat.csv
3,M_23_Creed_FR1_FED005030823Concat.csv
4,M_23_Creed_FR1_FED005030823Concat.csv
4,M_23_Creed_FR1_FED005030823Concat.csv
3,M_23_Creed_FR1_FED005030823Concat.csv
8,M_23_Creed_FR1_FED005030823Concat.csv
3,M_23_Creed_FR1_FED005030823Concat.csv
8,M_23_Creed_FR1_FED005030823Concat.csv
6,M_23_Creed_FR1_FED005030823Concat.csv
8,M_23_Creed_FR1_FED005030823Concat.csv
7,M_23_Creed_FR1_FED005030823Concat.csv
6,M_23_Creed_FR1_FED005030823Concat.csv
3,M_23_Creed_FR1_FED005030823Concat.csv
7,M_23_Creed_FR1_FED005030823Concat.csv
5,M_23_Creed_FR1_FED005030823Concat.csv
3,M_23_Creed_FR1_FED005030823Concat.csv
7,M_23_Creed_FR1_FED005030823Concat.csv
6,M_23_Creed_FR1_FED005030823Concat.csv
4,F_24_Klappenbach_FR1_FED139FR1.CSV
3,F_24_Klappenbach_FR1_FED139FR1.CSV
3,F_24_Klappenbach_FR1_FED139FR1.CSV
4,F_24_Klappenbach_FR1_FED139FR1.CSV
5,F_24_Klappenbach_FR1_FED139FR1.CSV
7,F_24_Klappenbach_FR1_FED139FR1.CSV
4,F_24_Klappenbach_FR1_FED139FR1.CSV
4,F_24_Klappenbach_FR1_FED139FR1.CSV
4,F_24_Klappenbach_FR1_FED139FR1.CSV
3,F_24_Klappenbach_FR1_FED139FR1.CSV
5,F_24_Klappenbach_FR1_FED139FR1.CSV
8,F_24_Klappenbach_FR1_FED139FR1.CSV
7,F_24_Klappenbach_FR1_FED139FR1.CSV
7,F_24_Klappenbach_FR1_FED139FR1.CSV
3,F_24_Klappenbach_FR1_FED139FR1.CSV
4,F_24_Klappenbach_FR1_FED139FR1.CSV
4,F_24_Klappenbach_FR1_FED139FR1.CSV
3,F_24_Klappenbach_FR1_FED139FR1.CSV
8,F_24_Klappenbach_FR1_FED139FR1.CSV
5,F_24_Klappenbach_FR1_FED139FR1.CSV
8,F_24_Klappenbach_FR1_FED139FR1.CSV
6,F_24_Klappenbach_FR1_FED139FR1.CSV
6,F_24_Klappenbach_FR1_FED139FR1.CSV
4,F_24_Klappenbach_FR1_FED139FR1.CSV
7,F_24_Klappenbach_FR1_FED139FR1.CSV
3,F_24_Klappenbach_FR1_FED139FR1.CSV
3,F_24_Klappenbach_FR1_FED139FR1.CSV
7,F_24_Klappenbach_FR1_FED139FR1.CSV
7,F_24_Klappenbach_FR1_FED139FR1.CSV
5,F_24_Klappenbach_FR1_FED139FR1.CSV
6,F_24_Klappenbach_FR1_FED139FR1.CSV
6,F_24_Klappenbach_FR1_FED139FR1.CSV
6,F_24_Klappenbach_FR1_FED139FR1.CSV
6,F_24_Klappenbach_FR1_FED139FR1.CSV
4,F_24_Klappenbach_FR1_FED139FR1.CSV
3,F_24_Klappenbach_FR1_FED139FR1.CSV
3,F_25_Klappenbach_FR1_FED140FR1.CSV
8,F_25_Klappenbach_FR1_FED140FR1.CSV
4,F_25_Klappenbach_FR1_FED140FR1.CSV
4,F_25_Klappenbach_FR1_FED140FR1.CSV
4,F_25_Klappenbach_FR1_FED140FR1.CSV
3,F_25_Klappenbach_FR1_FED140FR1.CSV
3,F_25_Klappenbach_FR1_FED140FR1.CSV
7,F_25_Klappenbach_FR1_FED140FR1.CSV
7,F_25_Klappenbach_FR1_FED140FR1.CSV
6,F_25_Klappenbach_FR1_FED140FR1.CSV
4,F_25_Klappenbach_FR1_FED140FR1.CSV
5,F_25_Klappenbach_FR1_FED140FR1.CSV
5,F_25_Klappenbach_FR1_FED140FR1.CSV
4,F_25_Klappenbach_FR1_FED140FR1.CSV
4,F_25_Klappenbach_FR1_FED140FR1.CSV
5,F_25_Klappenbach_FR1_FED140FR1.CSV
8,F_25_Klappenbach_FR1_FED140FR1.CSV
6,F_25_Klappenbach_FR1_FED140FR1.CSV
8,F_25_Klappenbach_FR1_FED140FR1.CSV
3,F_25_Klappenbach_FR1_FED140FR1.CSV
5,F_25_Klappenbach_FR1_FED140FR1.CSV
4,F_25_Klappenbach_FR1_FED140FR1.CSV
7,F_25_Klappenbach_FR1_FED140FR1.CSV
6,F_25_Klappenbach_FR1_FED140FR1.CSV
4,F_25_Klappenbach_FR1_FED140FR1.CSV
5,F_25_Klappenbach_FR1_FED140FR1.CSV
6,F_25_Klappenbach_FR1_FED140FR1.CSV
3,F_25_Klappenbach_FR1_FED140FR1.CSV
4,F_25_Klappenbach_FR1_FED140FR1.CSV
6,F_25_Klappenbach_FR1_FED140FR1.CSV
6,F_25_Klappenbach_FR1_FED140FR1.CSV
7,F_25_Klappenbach_FR1_FED140FR1.CSV
7,F_26_Klappenbach_FR1_FED141FR1.CSV
4,F_26_Klappenbach_FR1_FED141FR1.CSV
5,F_26_Klappenbach_FR1_FED141FR1.CSV
3,F_26_Klappenbach_FR1_FED141FR1.CSV
6,F_26_Klappenbach_FR1_FED141FR1.CSV
4,F_26_Klappenbach_FR1_FED141FR1.CSV
9,F_26_Klappenbach_FR1_FED141FR1.CSV
10,F_26_Klappenbach_FR1_FED141FR1.CSV
4,F_26_Klappenbach_FR1_FED141FR1.CSV
5,F_26_Klappenbach_FR1_FED141FR1.CSV
6,F_26_Klappenbach_FR1_FED141FR1.CSV
4,F_26_Klappenbach_FR1_FED141FR1.CSV
5,F_26_Klappenbach_FR1_FED141FR1.CSV
8,F_26_Klappenbach_FR1_FED141FR1.CSV
4,F_26_Klappenbach_FR1_FED141FR1.CSV
4,F_26_Klappenbach_FR1_FED141FR1.CSV
5,F_26_Klappenbach_FR1_FED141FR1.CSV
7,F_26_Klappenbach_FR1_FED141FR1.CSV
3,F_26_Klappenbach_FR1_FED141FR1.CSV
4,F_26_Klappenbach_FR1_FED141FR1.CSV
5,F_26_Klappenbach_FR1_FED141FR1.CSV
4,F_26_Klappenbach_FR1_FED141FR1.CSV
4,F_26_Klappenbach_FR1_FED141FR1.CSV
6,F_26_Klappenbach_FR1_FED141FR1.CSV
4,F_26_Klappenbach_FR1_FED141FR1.CSV
3,F_26_Klappenbach_FR1_FED141FR1.CSV
3,F_26_Klappenbach_FR1_FED141FR1.CSV
7,F_26_Klappenbach_FR1_FED141FR1.CSV
4,F_26_Klappenbach_FR1_FED141FR1.CSV
5,F_26_Klappenbach_FR1_FED141FR1.CSV
4,F_26_Klappenbach_FR1_FED141FR1.CSV
3,F_26_Klappenbach_FR1_FED141FR1.CSV
3,F_26_Klappenbach_FR1_FED141FR1.CSV
3,F_26_Klappenbach_FR1_FED141FR1.CSV
3,F_26_Klappenbach_FR1_FED141FR1.CSV
3,F_28_Klappenbach_FR1_FED147FR1.CSV
14,F_28_Klappenbach_FR1_FED147FR1.CSV
10,F_28_Klappenbach_FR1_FED147FR1.CSV
7,F_28_Klappenbach_FR1_FED147FR1.CSV
8,F_28_Klappenbach_FR1_FED147FR1.CSV
3,F_28_Klappenbach_FR1_FED147FR1.CSV
5,F_28_Klappenbach_FR1_FED147FR1.CSV
5,F_28_Klappenbach_FR1_FED147FR1.CSV
3,F_28_Klappenbach_FR1_FED147FR1.CSV
7,F_28_Klappenbach_FR1_FED147FR1.CSV
5,F_28_Klappenbach_FR1_FED147FR1.CSV
3,F_28_Klappenbach_FR1_FED147FR1.CSV
4,F_28_Klappenbach_FR1_FED147FR1.CSV
5,F_28_Klappenbach_FR1_FED147FR1.CSV
7,F_28_Klappenbach_FR1_FED147FR1.CSV
4,F_28_Klappenbach_FR1_FED147FR1.CSV
4,F_28_Klappenbach_FR1_FED147FR1.CSV
3,F_28_Klappenbach_FR1_FED147FR1.CSV
4,F_28_Klappenbach_FR1_FED147FR1.CSV
4,F_28_Klappenbach_FR1_FED147FR1.CSV
5,F_28_Klappenbach_FR1_FED147FR1.CSV
4,F_28_Klappenbach_FR1_FED147FR1.CSV
4,F_28_Klappenbach_FR1_FED147FR1.CSV
7,F_28_Klappenbach_FR1_FED147FR1.CSV
3,F_28_Klappenbach_FR1_FED147FR1.CSV
3,F_28_Klappenbach_FR1_FED147FR1.CSV
5,F_28_Klappenbach_FR1_FED147FR1.CSV
3,F_28_Klappenbach_FR1_FED147FR1.CSV
6,F_28_Klappenbach_FR1_FED147FR1.CSV
4,F_28_Klappenbach_FR1_FED147FR1.CSV
4,F_28_Klappenbach_FR1_FED147FR1.CSV
6,F_28_Klappenbach_FR1_FED147FR1.CSV
3,F_28_Klappenbach_FR1_FED147FR1.CSV
7,F_28_Klappenbach_FR1_FED147FR1.CSV
5,F_28_Klappenbach_FR1_FED147FR1.CSV
4,F_28_Klappenbach_FR1_FED147FR1.CSV
8,F_28_Klappenbach_FR1_FED147FR1.CSV
5,F_28_Klappenbach_FR1_FED147FR1.CSV
3,F_28_Klappenbach_FR1_FED147FR1.CSV
4,F_28_Klappenbach_FR1_FED147FR1.CSV
5,F_28_Klappenbach_FR1_FED147FR1.CSV
4,F_28_Klappenbach_FR1_FED147FR1.CSV
8,F_27_Klappenbach_FR1_FED146FR1.CSV
5,F_27_Klappenbach_FR1_FED146FR1.CSV
11,F_27_Klappenbach_FR1_FED146FR1.CSV
4,F_27_Klappenbach_FR1_FED146FR1.CSV
3,F_27_Klappenbach_FR1_FED146FR1.CSV
6,F_27_Klappenbach_FR1_FED146FR1.CSV
7,F_27_Klappenbach_FR1_FED146FR1.CSV
6,F_27_Klappenbach_FR1_FED146FR1.CSV
7,F_27_Klappenbach_FR1_FED146FR1.CSV
5,F_27_Klappenbach_FR1_FED146FR1.CSV
4,F_27_Klappenbach_FR1_FED146FR1.CSV
6,F_27_Klappenbach_FR1_FED146FR1.CSV
9,F_27_Klappenbach_FR1_FED146FR1.CSV
4,F_27_Klappenbach_FR1_FED146FR1.CSV
8,F_27_Klappenbach_FR1_FED146FR1.CSV
10,F_27_Klappenbach_FR1_FED146FR1.CSV
5,F_27_Klappenbach_FR1_FED146FR1.CSV
8,F_27_Klappenbach_FR1_FED146FR1.CSV
8,F_27_Klappenbach_FR1_FED146FR1.CSV
9,F_27_Klappenbach_FR1_FED146FR1.CSV
3,F_27_Klappenbach_FR1_FED146FR1.CSV
8,F_27_Klappenbach_FR1_FED146FR1.CSV
6,F_27_Klappenbach_FR1_FED146FR1.CSV
6,F_27_Klappenbach_FR1_FED146FR1.CSV
8,F_27_Klappenbach_FR1_FED146FR1.CSV
7,F_27_Klappenbach_FR1_FED146FR1.CSV
3,F_27_Klappenbach_FR1_FED146FR1.CSV
5,F_27_Klappenbach_FR1_FED146FR1.CSV
6,F_27_Klappenbach_FR1_FED146FR1.CSV
12,F_30_Klappenbach_FR1_FED152FR1.CSV
5,F_30_Klappenbach_FR1_FED152FR1.CSV
5,F_30_Klappenbach_FR1_FED152FR1.CSV
3,F_30_Klappenbach_FR1_FED152FR1.CSV
9,F_30_Klappenbach_FR1_FED152FR1.CSV
5,F_30_Klappenbach_FR1_FED152FR1.CSV
7,F_30_Klappenbach_FR1_FED152FR1.CSV
4,F_30_Klappenbach_FR1_FED152FR1.CSV
3,F_30_Klappenbach_FR1_FED152FR1.CSV
6,F_30_Klappenbach_FR1_FED152FR1.CSV
4,F_30_Klappenbach_FR1_FED152FR1.CSV
3,F_30_Klappenbach_FR1_FED152FR1.CSV
3,F_30_Klappenbach_FR1_FED152FR1.CSV
4,F_30_Klappenbach_FR1_FED152FR1.CSV
6,F_30_Klappenbach_FR1_FED152FR1.CSV
4,F_30_Klappenbach_FR1_FED152FR1.CSV
4,F_30_Klappenbach_FR1_FED152FR1.CSV
8,F_30_Klappenbach_FR1_FED152FR1.CSV
6,F_30_Klappenbach_FR1_FED152FR1.CSV
6,F_30_Klappenbach_FR1_FED152FR1.CSV
8,F_30_Klappenbach_FR1_FED152FR1.CSV
4,F_30_Klappenbach_FR1_FED152FR1.CSV
3,F_30_Klappenbach_FR1_FED152FR1.CSV
3,F_30_Klappenbach_FR1_FED152FR1.CSV
8,F_30_Klappenbach_FR1_FED152FR1.CSV
4,F_30_Klappenbach_FR1_FED152FR1.CSV
6,F_30_Klappenbach_FR1_FED152FR1.CSV
5,F_30_Klappenbach_FR1_FED152FR1.CSV
4,F_30_Klappenbach_FR1_FED152FR1.CSV
4,F_30_Klappenbach_FR1_FED152FR1.CSV
6,F_30_Klappenbach_FR1_FED152FR1.CSV
4,F_30_Klappenbach_FR1_FED152FR1.CSV
6,F_30_Klappenbach_FR1_FED152FR1.CSV
5,F_30_Klappenbach_FR1_FED152FR1.CSV
6,F_30_Klappenbach_FR1_FED152FR1.CSV
5,F_30_Klappenbach_FR1_FED152FR1.CSV
4,F_30_Klappenbach_FR1_FED152FR1.CSV
3,F_30_Klappenbach_FR1_FED152FR1.CSV
3,F_29_Klappenbach_FR1_FED150FR1.CSV
9,F_29_Klappenbach_FR1_FED150FR1.CSV
4,F_29_Klappenbach_FR1_FED150FR1.CSV
8,F_29_Klappenbach_FR1_FED150FR1.CSV
3,F_29_Klappenbach_FR1_FED150FR1.CSV
8,F_29_Klappenbach_FR1_FED150FR1.CSV
4,F_29_Klappenbach_FR1_FED150FR1.CSV
4,F_29_Klappenbach_FR1_FED150FR1.CSV
4,F_29_Klappenbach_FR1_FED150FR1.CSV
6,F_29_Klappenbach_FR1_FED150FR1.CSV
5,F_29_Klappenbach_FR1_FED150FR1.CSV
7,F_29_Klappenbach_FR1_FED150FR1.CSV
10,F_29_Klappenbach_FR1_FED150FR1.CSV
4,F_29_Klappenbach_FR1_FED150FR1.CSV
9,F_29_Klappenbach_FR1_FED150FR1.CSV
4,F_29_Klappenbach_FR1_FED150FR1.CSV
5,F_29_Klappenbach_FR1_FED150FR1.CSV
5,F_29_Klappenbach_FR1_FED150FR1.CSV
7,F_29_Klappenbach_FR1_FED150FR1.CSV
3,F_29_Klappenbach_FR1_FED150FR1.CSV
6,F_29_Klappenbach_FR1_FED150FR1.CSV
7,F_29_Klappenbach_FR1_FED150FR1.CSV
4,F_29_Klappenbach_FR1_FED150FR1.CSV
4,F_29_Klappenbach_FR1_FED150FR1.CSV
6,F_29_Klappenbach_FR1_FED150FR1.CSV
6,F_29_Klappenbach_FR1_FED150FR1.CSV
3,F_29_Klappenbach_FR1_FED150FR1.CSV
3,F_29_Klappenbach_FR1_FED150FR1.CSV
5,F_29_Klappenbach_FR1_FED150FR1.CSV
4,F_29_Klappenbach_FR1_FED150FR1.CSV
5,F_29_Klappenbach_FR1_FED150FR1.CSV
9,F_29_Klappenbach_FR1_FED150FR1.CSV
4,F_29_Klappenbach_FR1_FED150FR1.CSV
7,F_29_Klappenbach_FR1_FED150FR1.CSV
3,F_29_Klappenbach_FR1_FED150FR1.CSV
3,F_29_Klappenbach_FR1_FED150FR1.CSV
6,F_29_Klappenbach_FR1_FED150FR1.CSV
13,M_32_Klappenbach_FR1_FED136FR1.CSV
6,M_32_Klappenbach_FR1_FED136FR1.CSV
15,M_32_Klappenbach_FR1_FED136FR1.CSV
10,M_32_Klappenbach_FR1_FED136FR1.CSV
7,M_32_Klappenbach_FR1_FED136FR1.CSV
7,M_32_Klappenbach_FR1_FED136FR1.CSV
11,M_32_Klappenbach_FR1_FED136FR1.CSV
8,M_32_Klappenbach_FR1_FED136FR1.CSV
6,M_32_Klappenbach_FR1_FED136FR1.CSV
3,M_32_Klappenbach_FR1_FED136FR1.CSV
6,M_32_Klappenbach_FR1_FED136FR1.CSV
3,M_32_Klappenbach_FR1_FED136FR1.CSV
9,M_32_Klappenbach_FR1_FED136FR1.CSV
10,M_32_Klappenbach_FR1_FED136FR1.CSV
7,M_32_Klappenbach_FR1_FED136FR1.CSV
15,M_32_Klappenbach_FR1_FED136FR1.CSV
3,M_32_Klappenbach_FR1_FED136FR1.CSV
5,M_32_Klappenbach_FR1_FED136FR1.CSV
3,M_32_Klappenbach_FR1_FED136FR1.CSV
4,M_32_Klappenbach_FR1_FED136FR1.CSV
4,M_32_Klappenbach_FR1_FED136FR1.CSV
4,M_32_Klappenbach_FR1_FED136FR1.CSV
4,M_32_Klappenbach_FR1_FED136FR1.CSV
10,M_32_Klappenbach_FR1_FED136FR1.CSV
6,M_32_Klappenbach_FR1_FED136FR1.CSV
6,M_32_Klappenbach_FR1_FED136FR1.CSV
6,M_32_Klappenbach_FR1_FED136FR1.CSV
5,M_32_Klappenbach_FR1_FED136FR1.CSV
7,M_32_Klappenbach_FR1_FED136FR1.CSV
11,M_32_Klappenbach_FR1_FED136FR1.CSV
22,M_33_Klappenbach_FR1_FED137FR1.CSV
6,M_33_Klappenbach_FR1_FED137FR1.CSV
6,M_33_Klappenbach_FR1_FED137FR1.CSV
9,M_33_Klappenbach_FR1_FED137FR1.CSV
8,M_33_Klappenbach_FR1_FED137FR1.CSV
6,M_33_Klappenbach_FR1_FED137FR1.CSV
8,M_33_Klappenbach_FR1_FED137FR1.CSV
3,M_33_Klappenbach_FR1_FED137FR1.CSV
8,M_33_Klappenbach_FR1_FED137FR1.CSV
9,M_33_Klappenbach_FR1_FED137FR1.CSV
10,M_33_Klappenbach_FR1_FED137FR1.CSV
12,M_33_Klappenbach_FR1_FED137FR1.CSV
4,M_33_Klappenbach_FR1_FED137FR1.CSV
5,M_33_Klappenbach_FR1_FED137FR1.CSV
13,M_33_Klappenbach_FR1_FED137FR1.CSV
3,M_33_Klappenbach_FR1_FED137FR1.CSV
5,M_33_Klappenbach_FR1_FED137FR1.CSV
6,M_33_Klappenbach_FR1_FED137FR1.CSV
11,M_33_Klappenbach_FR1_FED137FR1.CSV
12,M_33_Klappenbach_FR1_FED137FR1.CSV
4,M_33_Klappenbach_FR1_FED137FR1.CSV
10,M_33_Klappenbach_FR1_FED137FR1.CSV
10,M_33_Klappenbach_FR1_FED137FR1.CSV
3,M_33_Klappenbach_FR1_FED137FR1.CSV
7,M_33_Klappenbach_FR1_FED137FR1.CSV
4,M_33_Klappenbach_FR1_FED137FR1.CSV
7,M_33_Klappenbach_FR1_FED137FR1.CSV
7,M_33_Klappenbach_FR1_FED137FR1.CSV
11,M_34_Klappenbach_FR1_FED138FR1.CSV
4,M_34_Klappenbach_FR1_FED138FR1.CSV
3,M_34_Klappenbach_FR1_FED138FR1.CSV
5,M_34_Klappenbach_FR1_FED138FR1.CSV
3,M_34_Klappenbach_FR1_FED138FR1.CSV
3,M_34_Klappenbach_FR1_FED138FR1.CSV
5,M_34_Klappenbach_FR1_FED138FR1.CSV
14,M_34_Klappenbach_FR1_FED138FR1.CSV
6,M_34_Klappenbach_FR1_FED138FR1.CSV
9,M_34_Klappenbach_FR1_FED138FR1.CSV
6,M_34_Klappenbach_FR1_FED138FR1.CSV
3,M_34_Klappenbach_FR1_FED138FR1.CSV
8,M_34_Klappenbach_FR1_FED138FR1.CSV
3,M_34_Klappenbach_FR1_FED138FR1.CSV
5,M_34_Klappenbach_FR1_FED138FR1.CSV
11,M_34_Klappenbach_FR1_FED138FR1.CSV
7,M_34_Klappenbach_FR1_FED138FR1.CSV
6,M_34_Klappenbach_FR1_FED138FR1.CSV
10,M_34_Klappenbach_FR1_FED138FR1.CSV
7,M_34_Klappenbach_FR1_FED138FR1.CSV
5,M_34_Klappenbach_FR1_FED138FR1.CSV
8,M_34_Klappenbach_FR1_FED138FR1.CSV
4,M_34_Klappenbach_FR1_FED138FR1.CSV
5,M_34_Klappenbach_FR1_FED138FR1.CSV
3,M_34_Klappenbach_FR1_FED138FR1.CSV
9,M_34_Klappenbach_FR1_FED138FR1.CSV
7,M_34_Klappenbach_FR1_FED138FR1.CSV
5,M_34_Klappenbach_FR1_FED138FR1.CSV
4,M_34_Klappenbach_FR1_FED138FR1.CSV
5,M_34_Klappenbach_FR1_FED138FR1.CSV
6,M_34_Klappenbach_FR1_FED138FR1.CSV
3,M_36_Klappenbach_FR1_FED157FR1.CSV
9,M_36_Klappenbach_FR1_FED157FR1.CSV
11,M_36_Klappenbach_FR1_FED157FR1.CSV
4,M_36_Klappenbach_FR1_FED157FR1.CSV
3,M_36_Klappenbach_FR1_FED157FR1.CSV
4,M_36_Klappenbach_FR1_FED157FR1.CSV
13,M_36_Klappenbach_FR1_FED157FR1.CSV
8,M_36_Klappenbach_FR1_FED157FR1.CSV
10,M_36_Klappenbach_FR1_FED157FR1.CSV
6,M_36_Klappenbach_FR1_FED157FR1.CSV
6,M_36_Klappenbach_FR1_FED157FR1.CSV
14,M_36_Klappenbach_FR1_FED157FR1.CSV
13,M_36_Klappenbach_FR1_FED157FR1.CSV
8,M_36_Klappenbach_FR1_FED157FR1.CSV
8,M_36_Klappenbach_FR1_FED157FR1.CSV
12,M_36_Klappenbach_FR1_FED157FR1.CSV
6,M_36_Klappenbach_FR1_FED157FR1.CSV
4,M_36_Klappenbach_FR1_FED157FR1.CSV
10,M_36_Klappenbach_FR1_FED157FR1.CSV
6,M_36_Klappenbach_FR1_FED157FR1.CSV
15,M_36_Klappenbach_FR1_FED157FR1.CSV
10,M_36_Klappenbach_FR1_FED157FR1.CSV
3,M_36_Klappenbach_FR1_FED157FR1.CSV
8,M_36_Klappenbach_FR1_FED157FR1.CSV
7,M_36_Klappenbach_FR1_FED157FR1.CSV
6,M_36_Klappenbach_FR1_FED157FR1.CSV
15,M_35_Klappenbach_FR1_FED156FR1.CSV
6,M_35_Klappenbach_FR1_FED156FR1.CSV
3,M_35_Klappenbach_FR1_FED156FR1.CSV
4,M_35_Klappenbach_FR1_FED156FR1.CSV
9,M_35_Klappenbach_FR1_FED156FR1.CSV
3,M_35_Klappenbach_FR1_FED156FR1.CSV
7,M_35_Klappenbach_FR1_FED156FR1.CSV
11,M_35_Klappenbach_FR1_FED156FR1.CSV
3,M_35_Klappenbach_FR1_FED156FR1.CSV
7,M_35_Klappenbach_FR1_FED156FR1.CSV
7,M_35_Klappenbach_FR1_FED156FR1.CSV
8,M_35_Klappenbach_FR1_FED156FR1.CSV
3,M_35_Klappenbach_FR1_FED156FR1.CSV
7,M_35_Klappenbach_FR1_FED156FR1.CSV
9,M_35_Klappenbach_FR1_FED156FR1.CSV
3,M_35_Klappenbach_FR1_FED156FR1.CSV
14,M_35_Klappenbach_FR1_FED156FR1.CSV
5,M_35_Klappenbach_FR1_FED156FR1.CSV
8,M_35_Klappenbach_FR1_FED156FR1.CSV
3,M_35_Klappenbach_FR1_FED156FR1.CSV
6,M_35_Klappenbach_FR1_FED156FR1.CSV
6,M_35_Klappenbach_FR1_FED156FR1.CSV
8,M_35_Klappenbach_FR1_FED156FR1.CSV
3,M_35_Klappenbach_FR1_FED156FR1.CSV
4,M_35_Klappenbach_FR1_FED156FR1.CSV
6,M_35_Klappenbach_FR1_FED156FR1.CSV
7,M_35_Klappenbach_FR1_FED156FR1.CSV
3,M_35_Klappenbach_FR1_FED156FR1.CSV
7,M_35_Klappenbach_FR1_FED156FR1.CSV
5,M_35_Klappenbach_FR1_FED156FR1.CSV
4,M_35_Klappenbach_FR1_FED156FR1.CSV
3,M_35_Klappenbach_FR1_FED156FR1.CSV
3,M_31_Klappenbach_FR1_FED129FR1.CSV
4,M_31_Klappenbach_FR1_FED129FR1.CSV
4,M_31_Klappenbach_FR1_FED129FR1.CSV
12,M_31_Klappenbach_FR1_FED129FR1.CSV
6,M_31_Klappenbach_FR1_FED129FR1.CSV
13,M_31_Klappenbach_FR1_FED129FR1.CSV
7,M_31_Klappenbach_FR1_FED129FR1.CSV
7,M_31_Klappenbach_FR1_FED129FR1.CSV
10,M_31_Klappenbach_FR1_FED129FR1.CSV
6,M_31_Klappenbach_FR1_FED129FR1.CSV
5,M_31_Klappenbach_FR1_FED129FR1.CSV
3,M_31_Klappenbach_FR1_FED129FR1.CSV
5,M_31_Klappenbach_FR1_FED129FR1.CSV
7,M_31_Klappenbach_FR1_FED129FR1.CSV
3,M_31_Klappenbach_FR1_FED129FR1.CSV
4,M_31_Klappenbach_FR1_FED129FR1.CSV
5,M_31_Klappenbach_FR1_FED129FR1.CSV
7,M_31_Klappenbach_FR1_FED129FR1.CSV
8,M_31_Klappenbach_FR1_FED129FR1.CSV
4,M_31_Klappenbach_FR1_FED129FR1.CSV
5,M_31_Klappenbach_FR1_FED129FR1.CSV
9,M_31_Klappenbach_FR1_FED129FR1.CSV
5,M_31_Klappenbach_FR1_FED129FR1.CSV
5,M_31_Klappenbach_FR1_FED129FR1.CSV
5,M_31_Klappenbach_FR1_FED129FR1.CSV
5,M_31_Klappenbach_FR1_FED129FR1.CSV
5,M_31_Klappenbach_FR1_FED129FR1.CSV
5,M_37_Klappenbach_FR1_FED158FR1.CSV
5,M_37_Klappenbach_FR1_FED158FR1.CSV
8,M_37_Klappenbach_FR1_FED158FR1.CSV
6,M_37_Klappenbach_FR1_FED158FR1.CSV
5,M_37_Klappenbach_FR1_FED158FR1.CSV
4,M_37_Klappenbach_FR1_FED158FR1.CSV
7,M_37_Klappenbach_FR1_FED158FR1.CSV
3,M_37_Klappenbach_FR1_FED158FR1.CSV
6,M_37_Klappenbach_FR1_FED158FR1.CSV
3,M_37_Klappenbach_FR1_FED158FR1.CSV
8,M_37_Klappenbach_FR1_FED158FR1.CSV
4,M_37_Klappenbach_FR1_FED158FR1.CSV
12,M_37_Klappenbach_FR1_FED158FR1.CSV
3,M_37_Klappenbach_FR1_FED158FR1.CSV
8,M_37_Klappenbach_FR1_FED158FR1.CSV
6,M_37_Klappenbach_FR1_FED158FR1.CSV
13,M_37_Klappenbach_FR1_FED158FR1.CSV
3,M_37_Klappenbach_FR1_FED158FR1.CSV
3,M_37_Klappenbach_FR1_FED158FR1.CSV
6,M_37_Klappenbach_FR1_FED158FR1.CSV
6,M_37_Klappenbach_FR1_FED158FR1.CSV
13,M_37_Klappenbach_FR1_FED158FR1.CSV
8,M_37_Klappenbach_FR1_FED158FR1.CSV
5,M_37_Klappenbach_FR1_FED158FR1.CSV
8,M_37_Klappenbach_FR1_FED158FR1.CSV
8,M_37_Klappenbach_FR1_FED158FR1.CSV
7,M_37_Klappenbach_FR1_FED158FR1.CSV
3,M_37_Klappenbach_FR1_FED158FR1.CSV
7,M_37_Klappenbach_FR1_FED158FR1.CSV
7,M_37_Klappenbach_FR1_FED158FR1.CSV
3,M_38_Klappenbach_FR1_FED159FR1.CSV
5,M_38_Klappenbach_FR1_FED159FR1.CSV
6,M_38_Klappenbach_FR1_FED159FR1.CSV
3,M_38_Klappenbach_FR1_FED159FR1.CSV
8,M_38_Klappenbach_FR1_FED159FR1.CSV
6,M_38_Klappenbach_FR1_FED159FR1.CSV
3,M_38_Klappenbach_FR1_FED159FR1.CSV
3,M_38_Klappenbach_FR1_FED159FR1.CSV
4,M_38_Klappenbach_FR1_FED159FR1.CSV
6,M_38_Klappenbach_FR1_FED159FR1.CSV
6,M_38_Klappenbach_FR1_FED159FR1.CSV
5,M_38_Klappenbach_FR1_FED159FR1.CSV
7,M_38_Klappenbach_FR1_FED159FR1.CSV
3,M_38_Klappenbach_FR1_FED159FR1.CSV
5,M_38_Klappenbach_FR1_FED159FR1.CSV
5,M_38_Klappenbach_FR1_FED159FR1.CSV
4,M_38_Klappenbach_FR1_FED159FR1.CSV
3,M_38_Klappenbach_FR1_FED159FR1.CSV
7,M_38_Klappenbach_FR1_FED159FR1.CSV
5,M_38_Klappenbach_FR1_FED159FR1.CSV
4,M_38_Klappenbach_FR1_FED159FR1.CSV
5,M_38_Klappenbach_FR1_FED159FR1.CSV
4,M_38_Klappenbach_FR1_FED159FR1.CSV
7,M_38_Klappenbach_FR1_FED159FR1.CSV
3,M_38_Klappenbach_FR1_FED159FR1.CSV
5,M_38_Klappenbach_FR1_FED159FR1.CSV
9,M_38_Klappenbach_FR1_FED159FR1.CSV
5,M_38_Klappenbach_FR1_FED159FR1.CSV
7,M_38_Klappenbach_FR1_FED159FR1.CSV
11,M_38_Klappenbach_FR1_FED159FR1.CSV
4,M_38_Klappenbach_FR1_FED159FR1.CSV
9,M_38_Klappenbach_FR1_FED159FR1.CSV
12,M_38_Klappenbach_FR1_FED159FR1.CSV
9,M_38_Klappenbach_FR1_FED159FR1.CSV
4,M_39_Westbrook_FR1_HAL17FR1.CSV
12,M_39_Westbrook_FR1_HAL17FR1.CSV
7,M_39_Westbrook_FR1_HAL17FR1.CSV
8,M_39_Westbrook_FR1_HAL17FR1.CSV
9,M_39_Westbrook_FR1_HAL17FR1.CSV
5,M_39_Westbrook_FR1_HAL17FR1.CSV
10,M_39_Westbrook_FR1_HAL17FR1.CSV
8,M_39_Westbrook_FR1_HAL17FR1.CSV
9,M_39_Westbrook_FR1_HAL17FR1.CSV
5,M_39_Westbrook_FR1_HAL17FR1.CSV
10,M_39_Westbrook_FR1_HAL17FR1.CSV
3,M_39_Westbrook_FR1_HAL17FR1.CSV
5,M_39_Westbrook_FR1_HAL17FR1.CSV
6,M_39_Westbrook_FR1_HAL17FR1.CSV
9,M_39_Westbrook_FR1_HAL17FR1.CSV
9,M_39_Westbrook_FR1_HAL17FR1.CSV
5,M_39_Westbrook_FR1_HAL17FR1.CSV
11,M_39_Westbrook_FR1_HAL17FR1.CSV
10,M_39_Westbrook_FR1_HAL17FR1.CSV
9,M_39_Westbrook_FR1_HAL17FR1.CSV
7,M_39_Westbrook_FR1_HAL17FR1.CSV
9,M_39_Westbrook_FR1_HAL17FR1.CSV
6,M_39_Westbrook_FR1_HAL17FR1.CSV
3,M_39_Westbrook_FR1_HAL17FR1.CSV
7,M_39_Westbrook_FR1_HAL17FR1.CSV
11,M_39_Westbrook_FR1_HAL17FR1.CSV
8,M_39_Westbrook_FR1_HAL17FR1.CSV
3,M_39_Westbrook_FR1_HAL17FR1.CSV
6,M_39_Westbrook_FR1_HAL17FR1.CSV
8,M_39_Westbrook_FR1_HAL17FR1.CSV
14,M_39_Westbrook_FR1_HAL17FR1.CSV
3,M_39_Westbrook_FR1_HAL17FR1.CSV
7,M_39_Westbrook_FR1_HAL17FR1.CSV
4,M_39_Westbrook_FR1_HAL17FR1.CSV
10,M_39_Westbrook_FR1_HAL17FR1.CSV
8,M_40_Westbrook_FR1_HAL24FR1.CSV
6,M_40_Westbrook_FR1_HAL24FR1.CSV
5,M_40_Westbrook_FR1_HAL24FR1.CSV
8,M_40_Westbrook_FR1_HAL24FR1.CSV
5,M_40_Westbrook_FR1_HAL24FR1.CSV
3,M_40_Westbrook_FR1_HAL24FR1.CSV
3,M_40_Westbrook_FR1_HAL24FR1.CSV
9,M_40_Westbrook_FR1_HAL24FR1.CSV
10,M_40_Westbrook_FR1_HAL24FR1.CSV
5,M_40_Westbrook_FR1_HAL24FR1.CSV
4,M_40_Westbrook_FR1_HAL24FR1.CSV
6,M_40_Westbrook_FR1_HAL24FR1.CSV
4,M_40_Westbrook_FR1_HAL24FR1.CSV
8,M_40_Westbrook_FR1_HAL24FR1.CSV
6,M_40_Westbrook_FR1_HAL24FR1.CSV
6,M_40_Westbrook_FR1_HAL24FR1.CSV
7,M_40_Westbrook_FR1_HAL24FR1.CSV
4,M_40_Westbrook_FR1_HAL24FR1.CSV
3,M_40_Westbrook_FR1_HAL24FR1.CSV
5,M_40_Westbrook_FR1_HAL24FR1.CSV
3,M_40_Westbrook_FR1_HAL24FR1.CSV
5,M_40_Westbrook_FR1_HAL24FR1.CSV
4,M_40_Westbrook_FR1_HAL24FR1.CSV
6,M_40_Westbrook_FR1_HAL24FR1.CSV
3,M_40_Westbrook_FR1_HAL24FR1.CSV
4,M_40_Westbrook_FR1_HAL24FR1.CSV
3,M_40_Westbrook_FR1_HAL24FR1.CSV
3,M_40_Westbrook_FR1_HAL24FR1.CSV
3,M_41_Westbrook_FR1_HAL25FR1.CSV
4,M_41_Westbrook_FR1_HAL25FR1.CSV
5,M_41_Westbrook_FR1_HAL25FR1.CSV
8,M_41_Westbrook_FR1_HAL25FR1.CSV
3,M_41_Westbrook_FR1_HAL25FR1.CSV
5,M_41_Westbrook_FR1_HAL25FR1.CSV
5,M_41_Westbrook_FR1_HAL25FR1.CSV
4,M_41_Westbrook_FR1_HAL25FR1.CSV
5,M_41_Westbrook_FR1_HAL25FR1.CSV
9,M_41_Westbrook_FR1_HAL25FR1.CSV
6,M_41_Westbrook_FR1_HAL25FR1.CSV
7,M_41_Westbrook_FR1_HAL25FR1.CSV
6,M_41_Westbrook_FR1_HAL25FR1.CSV
7,M_41_Westbrook_FR1_HAL25FR1.CSV
4,M_41_Westbrook_FR1_HAL25FR1.CSV
5,M_41_Westbrook_FR1_HAL25FR1.CSV
10,M_41_Westbrook_FR1_HAL25FR1.CSV
3,M_41_Westbrook_FR1_HAL25FR1.CSV
3,M_41_Westbrook_FR1_HAL25FR1.CSV
5,M_41_Westbrook_FR1_HAL25FR1.CSV
7,M_41_Westbrook_FR1_HAL25FR1.CSV
6,M_41_Westbrook_FR1_HAL25FR1.CSV
7,M_41_Westbrook_FR1_HAL25FR1.CSV
7,M_41_Westbrook_FR1_HAL25FR1.CSV
5,M_41_Westbrook_FR1_HAL25FR1.CSV
6,M_41_Westbrook_FR1_HAL25FR1.CSV
5,M_41_Westbrook_FR1_HAL25FR1.CSV
8,M_41_Westbrook_FR1_HAL25FR1.CSV
9,M_41_Westbrook_FR1_HAL25FR1.CSV
4,M_41_Westbrook_FR1_HAL25FR1.CSV
3,M_41_Westbrook_FR1_HAL25FR1.CSV
3,M_41_Westbrook_FR1_HAL25FR1.CSV
9,M_41_Westbrook_FR1_HAL25FR1.CSV
8,M_41_Westbrook_FR1_HAL25FR1.CSV
4,M_42_Westbrook_FR1_HAL31FR1.CSV
10,M_42_Westbrook_FR1_HAL31FR1.CSV
6,M_42_Westbrook_FR1_HAL31FR1.CSV
5,M_42_Westbrook_FR1_HAL31FR1.CSV
4,M_42_Westbrook_FR1_HAL31FR1.CSV
5,M_42_Westbrook_FR1_HAL31FR1.CSV
8,M_42_Westbrook_FR1_HAL31FR1.CSV
5,M_42_Westbrook_FR1_HAL31FR1.CSV
5,M_42_Westbrook_FR1_HAL31FR1.CSV
5,M_42_Westbrook_FR1_HAL31FR1.CSV
6,M_42_Westbrook_FR1_HAL31FR1.CSV
4,M_42_Westbrook_FR1_HAL31FR1.CSV
9,M_42_Westbrook_FR1_HAL31FR1.CSV
7,M_42_Westbrook_FR1_HAL31FR1.CSV
7,M_42_Westbrook_FR1_HAL31FR1.CSV
5,M_42_Westbrook_FR1_HAL31FR1.CSV
7,M_42_Westbrook_FR1_HAL31FR1.CSV
8,M_42_Westbrook_FR1_HAL31FR1.CSV
11,M_42_Westbrook_FR1_HAL31FR1.CSV
7,M_42_Westbrook_FR1_HAL31FR1.CSV
10,M_42_Westbrook_FR1_HAL31FR1.CSV
5,M_42_Westbrook_FR1_HAL31FR1.CSV
3,M_43_Westbrook_FR1_HAL32FR1.CSV
3,M_43_Westbrook_FR1_HAL32FR1.CSV
11,M_43_Westbrook_FR1_HAL32FR1.CSV
4,M_43_Westbrook_FR1_HAL32FR1.CSV
4,M_43_Westbrook_FR1_HAL32FR1.CSV
3,M_43_Westbrook_FR1_HAL32FR1.CSV
10,M_43_Westbrook_FR1_HAL32FR1.CSV
8,M_43_Westbrook_FR1_HAL32FR1.CSV
3,M_43_Westbrook_FR1_HAL32FR1.CSV
6,M_43_Westbrook_FR1_HAL32FR1.CSV
11,M_43_Westbrook_FR1_HAL32FR1.CSV
7,M_43_Westbrook_FR1_HAL32FR1.CSV
5,M_43_Westbrook_FR1_HAL32FR1.CSV
3,M_43_Westbrook_FR1_HAL32FR1.CSV
4,M_43_Westbrook_FR1_HAL32FR1.CSV
3,M_43_Westbrook_FR1_HAL32FR1.CSV
4,M_43_Westbrook_FR1_HAL32FR1.CSV
3,M_43_Westbrook_FR1_HAL32FR1.CSV
7,M_43_Westbrook_FR1_HAL32FR1.CSV
10,M_43_Westbrook_FR1_HAL32FR1.CSV
4,M_43_Westbrook_FR1_HAL32FR1.CSV
7,M_43_Westbrook_FR1_HAL32FR1.CSV
5,M_43_Westbrook_FR1_HAL32FR1.CSV
8,M_43_Westbrook_FR1_HAL32FR1.CSV
7,M_43_Westbrook_FR1_HAL32FR1.CSV
4,M_43_Westbrook_FR1_HAL32FR1.CSV
6,M_43_Westbrook_FR1_HAL32FR1.CSV
8,M_43_Westbrook_FR1_HAL32FR1.CSV
5,M_43_Westbrook_FR1_HAL32FR1.CSV
3,M_43_Westbrook_FR1_HAL32FR1.CSV
6,M_43_Westbrook_FR1_HAL32FR1.CSV
9,M_43_Westbrook_FR1_HAL32FR1.CSV
3,M_43_Westbrook_FR1_HAL32FR1.CSV
7,M_43_Westbrook_FR1_HAL32FR1.CSV
6,M_43_Westbrook_FR1_HAL32FR1.CSV
3,M_45_Westbrook_FR1_HAL35FR1.CSV
8,M_45_Westbrook_FR1_HAL35FR1.CSV
4,M_45_Westbrook_FR1_HAL35FR1.CSV
3,M_45_Westbrook_FR1_HAL35FR1.CSV
4,M_45_Westbrook_FR1_HAL35FR1.CSV
5,M_45_Westbrook_FR1_HAL35FR1.CSV
6,M_45_Westbrook_FR1_HAL35FR1.CSV
4,M_45_Westbrook_FR1_HAL35FR1.CSV
4,M_45_Westbrook_FR1_HAL35FR1.CSV
5,M_45_Westbrook_FR1_HAL35FR1.CSV
3,M_45_Westbrook_FR1_HAL35FR1.CSV
6,M_45_Westbrook_FR1_HAL35FR1.CSV
4,M_45_Westbrook_FR1_HAL35FR1.CSV
6,M_45_Westbrook_FR1_HAL35FR1.CSV
7,M_45_Westbrook_FR1_HAL35FR1.CSV
4,M_45_Westbrook_FR1_HAL35FR1.CSV
5,M_45_Westbrook_FR1_HAL35FR1.CSV
7,M_45_Westbrook_FR1_HAL35FR1.CSV
5,M_45_Westbrook_FR1_HAL35FR1.CSV
4,M_45_Westbrook_FR1_HAL35FR1.CSV
5,M_45_Westbrook_FR1_HAL35FR1.CSV
6,M_45_Westbrook_FR1_HAL35FR1.CSV
3,M_44_Westbrook_FR1_HAL33FR1.CSV
3,M_44_Westbrook_FR1_HAL33FR1.CSV
3,M_44_Westbrook_FR1_HAL33FR1.CSV
3,M_44_Westbrook_FR1_HAL33FR1.CSV
5,M_44_Westbrook_FR1_HAL33FR1.CSV
6,M_44_Westbrook_FR1_HAL33FR1.CSV
3,M_44_Westbrook_FR1_HAL33FR1.CSV
5,M_44_Westbrook_FR1_HAL33FR1.CSV
3,M_44_Westbrook_FR1_HAL33FR1.CSV
8,M_44_Westbrook_FR1_HAL33FR1.CSV
3,M_44_Westbrook_FR1_HAL33FR1.CSV
6,M_44_Westbrook_FR1_HAL33FR1.CSV
3,M_44_Westbrook_FR1_HAL33FR1.CSV
3,M_44_Westbrook_FR1_HAL33FR1.CSV
3,M_44_Westbrook_FR1_HAL33FR1.CSV
8,M_44_Westbrook_FR1_HAL33FR1.CSV
7,M_44_Westbrook_FR1_HAL33FR1.CSV
8,M_44_Westbrook_FR1_HAL33FR1.CSV
3,M_44_Westbrook_FR1_HAL33FR1.CSV
4,M_44_Westbrook_FR1_HAL33FR1.CSV
7,M_44_Westbrook_FR1_HAL33FR1.CSV
7,M_44_Westbrook_FR1_HAL33FR1.CSV
4,M_46_Westbrook_FR1_HAL41FR1.CSV
3,M_46_Westbrook_FR1_HAL41FR1.CSV
3,M_46_Westbrook_FR1_HAL41FR1.CSV
5,M_46_Westbrook_FR1_HAL41FR1.CSV
5,M_46_Westbrook_FR1_HAL41FR1.CSV
3,M_46_Westbrook_FR1_HAL41FR1.CSV
10,M_46_Westbrook_FR1_HAL41FR1.CSV
3,M_46_Westbrook_FR1_HAL41FR1.CSV
6,M_46_Westbrook_FR1_HAL41FR1.CSV
7,M_46_Westbrook_FR1_HAL41FR1.CSV
5,M_46_Westbrook_FR1_HAL41FR1.CSV
10,M_46_Westbrook_FR1_HAL41FR1.CSV
3,M_46_Westbrook_FR1_HAL41FR1.CSV
3,M_46_Westbrook_FR1_HAL41FR1.CSV
5,M_46_Westbrook_FR1_HAL41FR1.CSV
9,M_46_Westbrook_FR1_HAL41FR1.CSV
3,M_46_Westbrook_FR1_HAL41FR1.CSV
4,M_46_Westbrook_FR1_HAL41FR1.CSV
7,M_46_Westbrook_FR1_HAL41FR1.CSV
5,M_46_Westbrook_FR1_HAL41FR1.CSV
5,M_46_Westbrook_FR1_HAL41FR1.CSV
7,M_46_Westbrook_FR1_HAL41FR1.CSV
5,M_46_Westbrook_FR1_HAL41FR1.CSV
3,M_46_Westbrook_FR1_HAL41FR1.CSV
3,M_46_Westbrook_FR1_HAL41FR1.CSV
9,M_46_Westbrook_FR1_HAL41FR1.CSV
8,M_46_Westbrook_FR1_HAL41FR1.CSV
5,M_46_Westbrook_FR1_HAL41FR1.CSV
4,M_46_Westbrook_FR1_HAL41FR1.CSV
10,M_46_Westbrook_FR1_HAL41FR1.CSV
4,M_46_Westbrook_FR1_HAL41FR1.CSV
22,M_47_Westbrook_FR1_HAL4FR1.CSV
4,M_47_Westbrook_FR1_HAL4FR1.CSV
4,M_47_Westbrook_FR1_HAL4FR1.CSV
4,M_47_Westbrook_FR1_HAL4FR1.CSV
3,M_47_Westbrook_FR1_HAL4FR1.CSV
5,M_47_Westbrook_FR1_HAL4FR1.CSV
7,M_47_Westbrook_FR1_HAL4FR1.CSV
7,M_47_Westbrook_FR1_HAL4FR1.CSV
7,M_47_Westbrook_FR1_HAL4FR1.CSV
5,M_47_Westbrook_FR1_HAL4FR1.CSV
6,M_47_Westbrook_FR1_HAL4FR1.CSV
9,M_47_Westbrook_FR1_HAL4FR1.CSV
3,M_47_Westbrook_FR1_HAL4FR1.CSV
6,M_47_Westbrook_FR1_HAL4FR1.CSV
4,M_47_Westbrook_FR1_HAL4FR1.CSV
3,M_47_Westbrook_FR1_HAL4FR1.CSV
3,M_47_Westbrook_FR1_HAL4FR1.CSV
3,M_47_Westbrook_FR1_HAL4FR1.CSV
7,M_47_Westbrook_FR1_HAL4FR1.CSV
4,M_47_Westbrook_FR1_HAL4FR1.CSV
4,M_47_Westbrook_FR1_HAL4FR1.CSV
4,M_47_Westbrook_FR1_HAL4FR1.CSV
5,M_47_Westbrook_FR1_HAL4FR1.CSV
4,M_47_Westbrook_FR1_HAL4FR1.CSV
3,M_47_Westbrook_FR1_HAL4FR1.CSV
10,M_47_Westbrook_FR1_HAL4FR1.CSV
5,M_47_Westbrook_FR1_HAL4FR1.CSV
6,M_47_Westbrook_FR1_HAL4FR1.CSV
5,M_47_Westbrook_FR1_HAL4FR1.CSV
4,M_47_Westbrook_FR1_HAL4FR1.CSV
3,M_47_Westbrook_FR1_HAL4FR1.CSV
3,M_47_Westbrook_FR1_HAL4FR1.CSV
3,M_47_Westbrook_FR1_HAL4FR1.CSV
5,M_48_Westbrook_FR1_HAL5FR1.CSV
3,M_48_Westbrook_FR1_HAL5FR1.CSV
3,M_48_Westbrook_FR1_HAL5FR1.CSV
3,M_48_Westbrook_FR1_HAL5FR1.CSV
4,M_48_Westbrook_FR1_HAL5FR1.CSV
7,M_48_Westbrook_FR1_HAL5FR1.CSV
3,M_48_Westbrook_FR1_HAL5FR1.CSV
3,M_48_Westbrook_FR1_HAL5FR1.CSV
5,M_48_Westbrook_FR1_HAL5FR1.CSV
3,M_48_Westbrook_FR1_HAL5FR1.CSV
4,M_48_Westbrook_FR1_HAL5FR1.CSV
5,M_48_Westbrook_FR1_HAL5FR1.CSV
5,M_48_Westbrook_FR1_HAL5FR1.CSV
5,M_48_Westbrook_FR1_HAL5FR1.CSV
8,M_48_Westbrook_FR1_HAL5FR1.CSV
4,M_48_Westbrook_FR1_HAL5FR1.CSV
3,M_48_Westbrook_FR1_HAL5FR1.CSV
3,M_48_Westbrook_FR1_HAL5FR1.CSV
4,M_48_Westbrook_FR1_HAL5FR1.CSV
8,M_48_Westbrook_FR1_HAL5FR1.CSV
4,M_48_Westbrook_FR1_HAL5FR1.CSV
7,M_48_Westbrook_FR1_HAL5FR1.CSV
5,M_48_Westbrook_FR1_HAL5FR1.CSV
4,M_48_Westbrook_FR1_HAL5FR1.CSV
5,M_48_Westbrook_FR1_HAL5FR1.CSV
6,M_48_Westbrook_FR1_HAL5FR1.CSV
3,M_48_Westbrook_FR1_HAL5FR1.CSV
8,M_48_Westbrook_FR1_HAL5FR1.CSV
5,M_48_Westbrook_FR1_HAL5FR1.CSV
4,M_48_Westbrook_FR1_HAL5FR1.CSV
3,M_48_Westbrook_FR1_HAL5FR1.CSV
5,M_48_Westbrook_FR1_HAL5FR1.CSV
3,M_48_Westbrook_FR1_HAL5FR1.CSV
6,M_48_Westbrook_FR1_HAL5FR1.CSV
5,M_48_Westbrook_FR1_HAL5FR1.CSV
5,M_48_Westbrook_FR1_HAL5FR1.CSV
4,M_48_Westbrook_FR1_HAL5FR1.CSV
3,M_48_Westbrook_FR1_HAL5FR1.CSV
5,M_48_Westbrook_FR1_HAL5FR1.CSV
3,M_49_Westbrook_FR1_HAL6FR1.CSV
3,M_49_Westbrook_FR1_HAL6FR1.CSV
3,M_49_Westbrook_FR1_HAL6FR1.CSV
4,M_49_Westbrook_FR1_HAL6FR1.CSV
11,M_49_Westbrook_FR1_HAL6FR1.CSV
3,M_49_Westbrook_FR1_HAL6FR1.CSV
4,M_49_Westbrook_FR1_HAL6FR1.CSV
4,M_49_Westbrook_FR1_HAL6FR1.CSV
7,M_49_Westbrook_FR1_HAL6FR1.CSV
3,M_49_Westbrook_FR1_HAL6FR1.CSV
3,M_49_Westbrook_FR1_HAL6FR1.CSV
3,M_49_Westbrook_FR1_HAL6FR1.CSV
5,M_49_Westbrook_FR1_HAL6FR1.CSV
3,M_49_Westbrook_FR1_HAL6FR1.CSV
5,M_49_Westbrook_FR1_HAL6FR1.CSV
5,M_49_Westbrook_FR1_HAL6FR1.CSV
5,M_49_Westbrook_FR1_HAL6FR1.CSV
3,M_49_Westbrook_FR1_HAL6FR1.CSV
3,M_49_Westbrook_FR1_HAL6FR1.CSV
4,M_49_Westbrook_FR1_HAL6FR1.CSV
4,M_49_Westbrook_FR1_HAL6FR1.CSV
6,M_49_Westbrook_FR1_HAL6FR1.CSV
4,M_49_Westbrook_FR1_HAL6FR1.CSV
3,M_49_Westbrook_FR1_HAL6FR1.CSV
4,M_49_Westbrook_FR1_HAL6FR1.CSV
3,F_50_Fobbs_FR1_FED001FR1Concat.csv
3,F_50_Fobbs_FR1_FED001FR1Concat.csv
6,F_50_Fobbs_FR1_FED001FR1Concat.csv
5,F_50_Fobbs_FR1_FED001FR1Concat.csv
9,F_50_Fobbs_FR1_FED001FR1Concat.csv
6,F_50_Fobbs_FR1_FED001FR1Concat.csv
4,F_50_Fobbs_FR1_FED001FR1Concat.csv
3,F_50_Fobbs_FR1_FED001FR1Concat.csv
6,F_50_Fobbs_FR1_FED001FR1Concat.csv
5,F_50_Fobbs_FR1_FED001FR1Concat.csv
5,F_50_Fobbs_FR1_FED001FR1Concat.csv
3,F_50_Fobbs_FR1_FED001FR1Concat.csv
3,F_50_Fobbs_FR1_FED001FR1Concat.csv
9,F_50_Fobbs_FR1_FED001FR1Concat.csv
4,F_50_Fobbs_FR1_FED001FR1Concat.csv
4,F_50_Fobbs_FR1_FED001FR1Concat.csv
5,F_50_Fobbs_FR1_FED001FR1Concat.csv
4,F_50_Fobbs_FR1_FED001FR1Concat.csv
3,F_50_Fobbs_FR1_FED001FR1Concat.csv
3,F_50_Fobbs_FR1_FED001FR1Concat.csv
3,F_50_Fobbs_FR1_FED001FR1Concat.csv
3,F_50_Fobbs_FR1_FED001FR1Concat.csv
6,F_50_Fobbs_FR1_FED001FR1Concat.csv
4,F_50_Fobbs_FR1_FED001FR1Concat.csv
3,F_50_Fobbs_FR1_FED001FR1Concat.csv
3,F_50_Fobbs_FR1_FED001FR1Concat.csv
3,F_51_Fobbs_FR1_FED002FR1Concat.csv
7,F_51_Fobbs_FR1_FED002FR1Concat.csv
3,F_51_Fobbs_FR1_FED002FR1Concat.csv
5,F_51_Fobbs_FR1_FED002FR1Concat.csv
3,F_51_Fobbs_FR1_FED002FR1Concat.csv
6,F_51_Fobbs_FR1_FED002FR1Concat.csv
6,F_51_Fobbs_FR1_FED002FR1Concat.csv
7,F_51_Fobbs_FR1_FED002FR1Concat.csv
10,F_51_Fobbs_FR1_FED002FR1Concat.csv
3,F_51_Fobbs_FR1_FED002FR1Concat.csv
3,F_51_Fobbs_FR1_FED002FR1Concat.csv
5,F_51_Fobbs_FR1_FED002FR1Concat.csv
3,F_51_Fobbs_FR1_FED002FR1Concat.csv
4,F_51_Fobbs_FR1_FED002FR1Concat.csv
5,F_51_Fobbs_FR1_FED002FR1Concat.csv
4,F_51_Fobbs_FR1_FED002FR1Concat.csv
3,F_52_Fobbs_FR1_FED003FR1Concat.csv
4,F_52_Fobbs_FR1_FED003FR1Concat.csv
8,F_52_Fobbs_FR1_FED003FR1Concat.csv
10,F_52_Fobbs_FR1_FED003FR1Concat.csv
4,F_52_Fobbs_FR1_FED003FR1Concat.csv
7,F_52_Fobbs_FR1_FED003FR1Concat.csv
4,F_52_Fobbs_FR1_FED003FR1Concat.csv
10,F_52_Fobbs_FR1_FED003FR1Concat.csv
13,F_52_Fobbs_FR1_FED003FR1Concat.csv
6,F_52_Fobbs_FR1_FED003FR1Concat.csv
10,F_52_Fobbs_FR1_FED003FR1Concat.csv
6,F_52_Fobbs_FR1_FED003FR1Concat.csv
6,F_52_Fobbs_FR1_FED003FR1Concat.csv
5,F_52_Fobbs_FR1_FED003FR1Concat.csv
10,F_52_Fobbs_FR1_FED003FR1Concat.csv
5,F_52_Fobbs_FR1_FED003FR1Concat.csv
5,F_52_Fobbs_FR1_FED003FR1Concat.csv
6,F_52_Fobbs_FR1_FED003FR1Concat.csv
3,F_52_Fobbs_FR1_FED003FR1Concat.csv
8,F_52_Fobbs_FR1_FED003FR1Concat.csv
4,F_52_Fobbs_FR1_FED003FR1Concat.csv
7,F_52_Fobbs_FR1_FED003FR1Concat.csv
8,F_52_Fobbs_FR1_FED003FR1Concat.csv
9,F_52_Fobbs_FR1_FED003FR1Concat.csv
3,F_53_Fobbs_FR1_FED011FR1Concat.csv
3,F_53_Fobbs_FR1_FED011FR1Concat.csv
4,F_53_Fobbs_FR1_FED011FR1Concat.csv
11,F_53_Fobbs_FR1_FED011FR1Concat.csv
11,F_53_Fobbs_FR1_FED011FR1Concat.csv
5,F_53_Fobbs_FR1_FED011FR1Concat.csv
3,F_53_Fobbs_FR1_FED011FR1Concat.csv
4,F_53_Fobbs_FR1_FED011FR1Concat.csv
6,F_53_Fobbs_FR1_FED011FR1Concat.csv
14,F_53_Fobbs_FR1_FED011FR1Concat.csv
3,F_53_Fobbs_FR1_FED011FR1Concat.csv
8,F_53_Fobbs_FR1_FED011FR1Concat.csv
12,F_53_Fobbs_FR1_FED011FR1Concat.csv
6,F_53_Fobbs_FR1_FED011FR1Concat.csv
9,F_53_Fobbs_FR1_FED011FR1Concat.csv
6,F_53_Fobbs_FR1_FED011FR1Concat.csv
11,F_53_Fobbs_FR1_FED011FR1Concat.csv
5,F_53_Fobbs_FR1_FED011FR1Concat.csv
7,F_53_Fobbs_FR1_FED011FR1Concat.csv
5,F_53_Fobbs_FR1_FED011FR1Concat.csv
3,F_54_Fobbs_FR1_FED012FR1Concat.csv
12,F_54_Fobbs_FR1_FED012FR1Concat.csv
11,F_54_Fobbs_FR1_FED012FR1Concat.csv
5,F_54_Fobbs_FR1_FED012FR1Concat.csv
6,F_54_Fobbs_FR1_FED012FR1Concat.csv
3,F_54_Fobbs_FR1_FED012FR1Concat.csv
4,F_54_Fobbs_FR1_FED012FR1Concat.csv
4,F_54_Fobbs_FR1_FED012FR1Concat.csv
4,F_54_Fobbs_FR1_FED012FR1Concat.csv
6,F_54_Fobbs_FR1_FED012FR1Concat.csv
11,F_54_Fobbs_FR1_FED012FR1Concat.csv
8,F_54_Fobbs_FR1_FED012FR1Concat.csv
7,F_54_Fobbs_FR1_FED012FR1Concat.csv
4,F_54_Fobbs_FR1_FED012FR1Concat.csv
7,F_54_Fobbs_FR1_FED012FR1Concat.csv
5,F_54_Fobbs_FR1_FED012FR1Concat.csv
7,F_54_Fobbs_FR1_FED012FR1Concat.csv
5,F_54_Fobbs_FR1_FED012FR1Concat.csv
4,F_54_Fobbs_FR1_FED012FR1Concat.csv
3,F_54_Fobbs_FR1_FED012FR1Concat.csv
8,F_55_Fobbs_FR1_FED013FR1Concat.csv
13,F_55_Fobbs_FR1_FED013FR1Concat.csv
4,F_55_Fobbs_FR1_FED013FR1Concat.csv
5,F_55_Fobbs_FR1_FED013FR1Concat.csv
10,F_55_Fobbs_FR1_FED013FR1Concat.csv
7,F_55_Fobbs_FR1_FED013FR1Concat.csv
6,F_55_Fobbs_FR1_FED013FR1Concat.csv
10,F_55_Fobbs_FR1_FED013FR1Concat.csv
6,F_55_Fobbs_FR1_FED013FR1Concat.csv
7,F_55_Fobbs_FR1_FED013FR1Concat.csv
8,F_55_Fobbs_FR1_FED013FR1Concat.csv
4,F_55_Fobbs_FR1_FED013FR1Concat.csv
5,F_55_Fobbs_FR1_FED013FR1Concat.csv
3,F_55_Fobbs_FR1_FED013FR1Concat.csv
9,F_55_Fobbs_FR1_FED013FR1Concat.csv
7,F_55_Fobbs_FR1_FED013FR1Concat.csv
3,F_55_Fobbs_FR1_FED013FR1Concat.csv
6,F_55_Fobbs_FR1_FED013FR1Concat.csv
4,F_55_Fobbs_FR1_FED013FR1Concat.csv
5,F_55_Fobbs_FR1_FED013FR1Concat.csv
3,F_55_Fobbs_FR1_FED013FR1Concat.csv
7,F_56_Fobbs_FR1_FED014FR1Concat.csv
3,F_56_Fobbs_FR1_FED014FR1Concat.csv
4,F_56_Fobbs_FR1_FED014FR1Concat.csv
4,F_56_Fobbs_FR1_FED014FR1Concat.csv
3,F_56_Fobbs_FR1_FED014FR1Concat.csv
5,F_56_Fobbs_FR1_FED014FR1Concat.csv
7,F_56_Fobbs_FR1_FED014FR1Concat.csv
3,F_56_Fobbs_FR1_FED014FR1Concat.csv
5,F_56_Fobbs_FR1_FED014FR1Concat.csv
6,F_56_Fobbs_FR1_FED014FR1Concat.csv
5,F_56_Fobbs_FR1_FED014FR1Concat.csv
5,F_56_Fobbs_FR1_FED014FR1Concat.csv
3,F_56_Fobbs_FR1_FED014FR1Concat.csv
4,F_56_Fobbs_FR1_FED014FR1Concat.csv
3,F_56_Fobbs_FR1_FED014FR1Concat.csv
4,F_57_Fobbs_FR1_FED015FR1Concat.csv
3,F_57_Fobbs_FR1_FED015FR1Concat.csv
6,F_57_Fobbs_FR1_FED015FR1Concat.csv
3,F_57_Fobbs_FR1_FED015FR1Concat.csv
4,F_57_Fobbs_FR1_FED015FR1Concat.csv
3,F_57_Fobbs_FR1_FED015FR1Concat.csv
4,F_57_Fobbs_FR1_FED015FR1Concat.csv
3,F_57_Fobbs_FR1_FED015FR1Concat.csv
3,F_57_Fobbs_FR1_FED015FR1Concat.csv
5,F_57_Fobbs_FR1_FED015FR1Concat.csv
6,F_57_Fobbs_FR1_FED015FR1Concat.csv
3,F_57_Fobbs_FR1_FED015FR1Concat.csv
3,F_57_Fobbs_FR1_FED015FR1Concat.csv
3,F_57_Fobbs_FR1_FED015FR1Concat.csv
3,F_57_Fobbs_FR1_FED015FR1Concat.csv
8,F_57_Fobbs_FR1_FED015FR1Concat.csv
5,F_57_Fobbs_FR1_FED015FR1Concat.csv
3,F_57_Fobbs_FR1_FED015FR1Concat.csv
15,F_58_Fobbs_FR1_FED024FR1Concat.csv
9,F_58_Fobbs_FR1_FED024FR1Concat.csv
4,F_58_Fobbs_FR1_FED024FR1Concat.csv
7,F_58_Fobbs_FR1_FED024FR1Concat.csv
3,F_58_Fobbs_FR1_FED024FR1Concat.csv
5,F_58_Fobbs_FR1_FED024FR1Concat.csv
3,F_58_Fobbs_FR1_FED024FR1Concat.csv
7,F_58_Fobbs_FR1_FED024FR1Concat.csv
3,F_58_Fobbs_FR1_FED024FR1Concat.csv
7,F_58_Fobbs_FR1_FED024FR1Concat.csv
4,F_58_Fobbs_FR1_FED024FR1Concat.csv
3,F_58_Fobbs_FR1_FED024FR1Concat.csv
6,F_58_Fobbs_FR1_FED024FR1Concat.csv
3,F_58_Fobbs_FR1_FED024FR1Concat.csv
5,F_58_Fobbs_FR1_FED024FR1Concat.csv
3,F_58_Fobbs_FR1_FED024FR1Concat.csv
4,F_58_Fobbs_FR1_FED024FR1Concat.csv
4,F_58_Fobbs_FR1_FED024FR1Concat.csv
5,F_58_Fobbs_FR1_FED024FR1Concat.csv
4,F_58_Fobbs_FR1_FED024FR1Concat.csv
11,F_58_Fobbs_FR1_FED024FR1Concat.csv
3,F_58_Fobbs_FR1_FED024FR1Concat.csv
8,F_58_Fobbs_FR1_FED024FR1Concat.csv
8,F_58_Fobbs_FR1_FED024FR1Concat.csv
3,F_58_Fobbs_FR1_FED024FR1Concat.csv
4,F_58_Fobbs_FR1_FED024FR1Concat.csv
3,F_58_Fobbs_FR1_FED024FR1Concat.csv
3,M_59_Fobbs_FR1_FED006FR1Concat.csv
5,M_59_Fobbs_FR1_FED006FR1Concat.csv
5,M_59_Fobbs_FR1_FED006FR1Concat.csv
5,M_59_Fobbs_FR1_FED006FR1Concat.csv
3,M_59_Fobbs_FR1_FED006FR1Concat.csv
6,M_59_Fobbs_FR1_FED006FR1Concat.csv
8,M_59_Fobbs_FR1_FED006FR1Concat.csv
9,M_59_Fobbs_FR1_FED006FR1Concat.csv
9,M_59_Fobbs_FR1_FED006FR1Concat.csv
3,M_59_Fobbs_FR1_FED006FR1Concat.csv
7,M_59_Fobbs_FR1_FED006FR1Concat.csv
3,M_59_Fobbs_FR1_FED006FR1Concat.csv
3,M_59_Fobbs_FR1_FED006FR1Concat.csv
5,M_59_Fobbs_FR1_FED006FR1Concat.csv
8,M_59_Fobbs_FR1_FED006FR1Concat.csv
4,M_59_Fobbs_FR1_FED006FR1Concat.csv
7,M_59_Fobbs_FR1_FED006FR1Concat.csv
4,M_59_Fobbs_FR1_FED006FR1Concat.csv
3,M_59_Fobbs_FR1_FED006FR1Concat.csv
9,M_59_Fobbs_FR1_FED006FR1Concat.csv
3,M_60_Fobbs_FR1_FED007FR1Concat.csv
4,M_60_Fobbs_FR1_FED007FR1Concat.csv
3,M_60_Fobbs_FR1_FED007FR1Concat.csv
10,M_60_Fobbs_FR1_FED007FR1Concat.csv
8,M_60_Fobbs_FR1_FED007FR1Concat.csv
4,M_60_Fobbs_FR1_FED007FR1Concat.csv
6,M_60_Fobbs_FR1_FED007FR1Concat.csv
3,M_60_Fobbs_FR1_FED007FR1Concat.csv
5,M_60_Fobbs_FR1_FED007FR1Concat.csv
5,M_60_Fobbs_FR1_FED007FR1Concat.csv
8,M_60_Fobbs_FR1_FED007FR1Concat.csv
4,M_60_Fobbs_FR1_FED007FR1Concat.csv
7,M_60_Fobbs_FR1_FED007FR1Concat.csv
8,M_60_Fobbs_FR1_FED007FR1Concat.csv
5,M_60_Fobbs_FR1_FED007FR1Concat.csv
4,M_60_Fobbs_FR1_FED007FR1Concat.csv
3,M_60_Fobbs_FR1_FED007FR1Concat.csv
4,M_60_Fobbs_FR1_FED007FR1Concat.csv
15,M_60_Fobbs_FR1_FED007FR1Concat.csv
3,M_60_Fobbs_FR1_FED007FR1Concat.csv
11,M_60_Fobbs_FR1_FED007FR1Concat.csv
13,M_60_Fobbs_FR1_FED007FR1Concat.csv
6,M_60_Fobbs_FR1_FED007FR1Concat.csv
10,M_60_Fobbs_FR1_FED007FR1Concat.csv
8,M_61_Fobbs_FR1_FED008FR1Concat.csv
3,M_61_Fobbs_FR1_FED008FR1Concat.csv
4,M_61_Fobbs_FR1_FED008FR1Concat.csv
6,M_61_Fobbs_FR1_FED008FR1Concat.csv
5,M_61_Fobbs_FR1_FED008FR1Concat.csv
3,M_61_Fobbs_FR1_FED008FR1Concat.csv
9,M_61_Fobbs_FR1_FED008FR1Concat.csv
3,M_61_Fobbs_FR1_FED008FR1Concat.csv
15,M_61_Fobbs_FR1_FED008FR1Concat.csv
3,M_61_Fobbs_FR1_FED008FR1Concat.csv
6,M_61_Fobbs_FR1_FED008FR1Concat.csv
8,M_61_Fobbs_FR1_FED008FR1Concat.csv
8,M_61_Fobbs_FR1_FED008FR1Concat.csv
8,M_61_Fobbs_FR1_FED008FR1Concat.csv
7,M_61_Fobbs_FR1_FED008FR1Concat.csv
4,M_61_Fobbs_FR1_FED008FR1Concat.csv
9,M_61_Fobbs_FR1_FED008FR1Concat.csv
8,M_61_Fobbs_FR1_FED008FR1Concat.csv
6,M_61_Fobbs_FR1_FED008FR1Concat.csv
5,M_62_Fobbs_FR1_FED010FR1Concat.csv
4,M_62_Fobbs_FR1_FED010FR1Concat.csv
10,M_62_Fobbs_FR1_FED010FR1Concat.csv
6,M_62_Fobbs_FR1_FED010FR1Concat.csv
3,M_62_Fobbs_FR1_FED010FR1Concat.csv
6,M_62_Fobbs_FR1_FED010FR1Concat.csv
5,M_62_Fobbs_FR1_FED010FR1Concat.csv
11,M_62_Fobbs_FR1_FED010FR1Concat.csv
6,M_62_Fobbs_FR1_FED010FR1Concat.csv
8,M_62_Fobbs_FR1_FED010FR1Concat.csv
4,M_62_Fobbs_FR1_FED010FR1Concat.csv
5,M_62_Fobbs_FR1_FED010FR1Concat.csv
3,M_62_Fobbs_FR1_FED010FR1Concat.csv
9,M_62_Fobbs_FR1_FED010FR1Concat.csv
8,M_62_Fobbs_FR1_FED010FR1Concat.csv
3,M_62_Fobbs_FR1_FED010FR1Concat.csv
7,M_62_Fobbs_FR1_FED010FR1Concat.csv
9,M_62_Fobbs_FR1_FED010FR1Concat.csv
11,M_62_Fobbs_FR1_FED010FR1Concat.csv
4,M_62_Fobbs_FR1_FED010FR1Concat.csv
3,M_63_Fobbs_FR1_FED016FR1Concat.csv
12,M_63_Fobbs_FR1_FED016FR1Concat.csv
3,M_63_Fobbs_FR1_FED016FR1Concat.csv
10,M_63_Fobbs_FR1_FED016FR1Concat.csv
4,M_63_Fobbs_FR1_FED016FR1Concat.csv
4,M_63_Fobbs_FR1_FED016FR1Concat.csv
9,M_63_Fobbs_FR1_FED016FR1Concat.csv
5,M_63_Fobbs_FR1_FED016FR1Concat.csv
16,M_63_Fobbs_FR1_FED016FR1Concat.csv
3,M_63_Fobbs_FR1_FED016FR1Concat.csv
5,M_63_Fobbs_FR1_FED016FR1Concat.csv
13,M_63_Fobbs_FR1_FED016FR1Concat.csv
9,M_63_Fobbs_FR1_FED016FR1Concat.csv
5,M_63_Fobbs_FR1_FED016FR1Concat.csv
3,M_64_Fobbs_FR1_FED017FR1Concat.csv
3,M_64_Fobbs_FR1_FED017FR1Concat.csv
5,M_64_Fobbs_FR1_FED017FR1Concat.csv
6,M_64_Fobbs_FR1_FED017FR1Concat.csv
7,M_64_Fobbs_FR1_FED017FR1Concat.csv
6,M_64_Fobbs_FR1_FED017FR1Concat.csv
8,M_64_Fobbs_FR1_FED017FR1Concat.csv
5,M_64_Fobbs_FR1_FED017FR1Concat.csv
5,M_64_Fobbs_FR1_FED017FR1Concat.csv
10,M_64_Fobbs_FR1_FED017FR1Concat.csv
9,M_64_Fobbs_FR1_FED017FR1Concat.csv
11,M_64_Fobbs_FR1_FED017FR1Concat.csv
6,M_64_Fobbs_FR1_FED017FR1Concat.csv
10,M_64_Fobbs_FR1_FED017FR1Concat.csv
12,M_64_Fobbs_FR1_FED017FR1Concat.csv
3,M_64_Fobbs_FR1_FED017FR1Concat.csv
5,M_64_Fobbs_FR1_FED017FR1Concat.csv
11,M_64_Fobbs_FR1_FED017FR1Concat.csv
6,M_64_Fobbs_FR1_FED017FR1Concat.csv
3,M_66_Fobbs_FR1_FED019FR1Concat.csv
4,M_66_Fobbs_FR1_FED019FR1Concat.csv
4,M_66_Fobbs_FR1_FED019FR1Concat.csv
3,M_66_Fobbs_FR1_FED019FR1Concat.csv
10,M_66_Fobbs_FR1_FED019FR1Concat.csv
11,M_66_Fobbs_FR1_FED019FR1Concat.csv
3,M_66_Fobbs_FR1_FED019FR1Concat.csv
20,M_66_Fobbs_FR1_FED019FR1Concat.csv
5,M_65_Fobbs_FR1_FED018FR1Concat.csv
3,M_65_Fobbs_FR1_FED018FR1Concat.csv
3,M_65_Fobbs_FR1_FED018FR1Concat.csv
4,M_65_Fobbs_FR1_FED018FR1Concat.csv
4,M_65_Fobbs_FR1_FED018FR1Concat.csv
3,M_65_Fobbs_FR1_FED018FR1Concat.csv
3,M_65_Fobbs_FR1_FED018FR1Concat.csv
8,M_65_Fobbs_FR1_FED018FR1Concat.csv
6,M_65_Fobbs_FR1_FED018FR1Concat.csv
9,M_65_Fobbs_FR1_FED018FR1Concat.csv
3,M_65_Fobbs_FR1_FED018FR1Concat.csv
8,M_65_Fobbs_FR1_FED018FR1Concat.csv
3,M_65_Fobbs_FR1_FED018FR1Concat.csv
7,M_65_Fobbs_FR1_FED018FR1Concat.csv
4,M_65_Fobbs_FR1_FED018FR1Concat.csv
9,M_65_Fobbs_FR1_FED018FR1Concat.csv
3,M_65_Fobbs_FR1_FED018FR1Concat.csv
3,M_65_Fobbs_FR1_FED018FR1Concat.csv
4,M_65_Fobbs_FR1_FED018FR1Concat.csv
3,M_65_Fobbs_FR1_FED018FR1Concat.csv
3,M_65_Fobbs_FR1_FED018FR1Concat.csv
3,M_67_Fobbs_FR1_FED020FR1Concat.csv
3,M_67_Fobbs_FR1_FED020FR1Concat.csv
10,M_67_Fobbs_FR1_FED020FR1Concat.csv
11,M_67_Fobbs_FR1_FED020FR1Concat.csv
13,M_67_Fobbs_FR1_FED020FR1Concat.csv
6,M_67_Fobbs_FR1_FED020FR1Concat.csv
4,M_67_Fobbs_FR1_FED020FR1Concat.csv
12,M_67_Fobbs_FR1_FED020FR1Concat.csv
8,M_67_Fobbs_FR1_FED020FR1Concat.csv
5,M_67_Fobbs_FR1_FED020FR1Concat.csv
3,M_67_Fobbs_FR1_FED020FR1Concat.csv
5,F_68_FobbsWUSTL_FR1_FED005FR1Concat.csv
4,F_68_FobbsWUSTL_FR1_FED005FR1Concat.csv
3,F_68_FobbsWUSTL_FR1_FED005FR1Concat.csv
4,F_68_FobbsWUSTL_FR1_FED005FR1Concat.csv
3,F_68_FobbsWUSTL_FR1_FED005FR1Concat.csv
4,F_68_FobbsWUSTL_FR1_FED005FR1Concat.csv
7,F_68_FobbsWUSTL_FR1_FED005FR1Concat.csv
10,F_68_FobbsWUSTL_FR1_FED005FR1Concat.csv
3,F_68_FobbsWUSTL_FR1_FED005FR1Concat.csv
5,F_68_FobbsWUSTL_FR1_FED005FR1Concat.csv
5,F_68_FobbsWUSTL_FR1_FED005FR1Concat.csv
5,F_68_FobbsWUSTL_FR1_FED005FR1Concat.csv
9,F_68_FobbsWUSTL_FR1_FED005FR1Concat.csv
3,F_70_FobbsWUSTL_FR1_FED007FR1Concat.csv
3,F_70_FobbsWUSTL_FR1_FED007FR1Concat.csv
3,F_70_FobbsWUSTL_FR1_FED007FR1Concat.csv
3,F_70_FobbsWUSTL_FR1_FED007FR1Concat.csv
3,F_70_FobbsWUSTL_FR1_FED007FR1Concat.csv
6,F_70_FobbsWUSTL_FR1_FED007FR1Concat.csv
6,F_70_FobbsWUSTL_FR1_FED007FR1Concat.csv
3,F_70_FobbsWUSTL_FR1_FED007FR1Concat.csv
4,F_70_FobbsWUSTL_FR1_FED007FR1Concat.csv
4,F_70_FobbsWUSTL_FR1_FED007FR1Concat.csv
4,F_70_FobbsWUSTL_FR1_FED007FR1Concat.csv
3,F_70_FobbsWUSTL_FR1_FED007FR1Concat.csv
6,F_70_FobbsWUSTL_FR1_FED007FR1Concat.csv
3,F_70_FobbsWUSTL_FR1_FED007FR1Concat.csv
7,F_70_FobbsWUSTL_FR1_FED007FR1Concat.csv
5,F_70_FobbsWUSTL_FR1_FED007FR1Concat.csv
5,F_70_FobbsWUSTL_FR1_FED007FR1Concat.csv
5,F_70_FobbsWUSTL_FR1_FED007FR1Concat.csv
4,F_70_FobbsWUSTL_FR1_FED007FR1Concat.csv
3,F_70_FobbsWUSTL_FR1_FED007FR1Concat.csv
3,F_70_FobbsWUSTL_FR1_FED007FR1Concat.csv
3,F_70_FobbsWUSTL_FR1_FED007FR1Concat.csv
3,F_70_FobbsWUSTL_FR1_FED007FR1Concat.csv
7,F_70_FobbsWUSTL_FR1_FED007FR1Concat.csv
3,F_71_FobbsWUSTL_FR1_FED008FR1Concat.csv
3,F_71_FobbsWUSTL_FR1_FED008FR1Concat.csv
7,F_71_FobbsWUSTL_FR1_FED008FR1Concat.csv
3,F_71_FobbsWUSTL_FR1_FED008FR1Concat.csv
3,F_71_FobbsWUSTL_FR1_FED008FR1Concat.csv
3,F_71_FobbsWUSTL_FR1_FED008FR1Concat.csv
3,F_71_FobbsWUSTL_FR1_FED008FR1Concat.csv
3,F_71_FobbsWUSTL_FR1_FED008FR1Concat.csv
3,F_71_FobbsWUSTL_FR1_FED008FR1Concat.csv
3,F_71_FobbsWUSTL_FR1_FED008FR1Concat.csv
4,F_71_FobbsWUSTL_FR1_FED008FR1Concat.csv
4,F_71_FobbsWUSTL_FR1_FED008FR1Concat.csv
9,F_71_FobbsWUSTL_FR1_FED008FR1Concat.csv
8,F_71_FobbsWUSTL_FR1_FED008FR1Concat.csv
3,M_73_FobbsWUSTL_FR1_FED002FR1Concat.csv
9,M_73_FobbsWUSTL_FR1_FED002FR1Concat.csv
7,M_73_FobbsWUSTL_FR1_FED002FR1Concat.csv
4,M_73_FobbsWUSTL_FR1_FED002FR1Concat.csv
3,M_73_FobbsWUSTL_FR1_FED002FR1Concat.csv
3,M_73_FobbsWUSTL_FR1_FED002FR1Concat.csv
6,M_73_FobbsWUSTL_FR1_FED002FR1Concat.csv
3,M_73_FobbsWUSTL_FR1_FED002FR1Concat.csv
4,M_73_FobbsWUSTL_FR1_FED002FR1Concat.csv
3,M_73_FobbsWUSTL_FR1_FED002FR1Concat.csv
7,M_73_FobbsWUSTL_FR1_FED002FR1Concat.csv
6,M_73_FobbsWUSTL_FR1_FED002FR1Concat.csv
7,M_73_FobbsWUSTL_FR1_FED002FR1Concat.csv
9,M_73_FobbsWUSTL_FR1_FED002FR1Concat.csv
4,M_73_FobbsWUSTL_FR1_FED002FR1Concat.csv
4,M_73_FobbsWUSTL_FR1_FED002FR1Concat.csv
3,M_73_FobbsWUSTL_FR1_FED002FR1Concat.csv
6,M_73_FobbsWUSTL_FR1_FED002FR1Concat.csv
7,M_73_FobbsWUSTL_FR1_FED002FR1Concat.csv
5,M_73_FobbsWUSTL_FR1_FED002FR1Concat.csv
12,M_73_FobbsWUSTL_FR1_FED002FR1Concat.csv
3,M_72_FobbsWUSTL_FR1_FED001FR1Concat.csv
4,M_72_FobbsWUSTL_FR1_FED001FR1Concat.csv
5,M_72_FobbsWUSTL_FR1_FED001FR1Concat.csv
7,M_72_FobbsWUSTL_FR1_FED001FR1Concat.csv
11,M_72_FobbsWUSTL_FR1_FED001FR1Concat.csv
3,M_72_FobbsWUSTL_FR1_FED001FR1Concat.csv
9,M_72_FobbsWUSTL_FR1_FED001FR1Concat.csv
3,M_72_FobbsWUSTL_FR1_FED001FR1Concat.csv
3,M_72_FobbsWUSTL_FR1_FED001FR1Concat.csv
10,M_72_FobbsWUSTL_FR1_FED001FR1Concat.csv
4,M_72_FobbsWUSTL_FR1_FED001FR1Concat.csv
3,M_72_FobbsWUSTL_FR1_FED001FR1Concat.csv
3,M_72_FobbsWUSTL_FR1_FED001FR1Concat.csv
5,M_72_FobbsWUSTL_FR1_FED001FR1Concat.csv
3,M_72_FobbsWUSTL_FR1_FED001FR1Concat.csv
11,M_72_FobbsWUSTL_FR1_FED001FR1Concat.csv
7,M_72_FobbsWUSTL_FR1_FED001FR1Concat.csv
3,M_72_FobbsWUSTL_FR1_FED001FR1Concat.csv
6,M_72_FobbsWUSTL_FR1_FED001FR1Concat.csv
4,M_72_FobbsWUSTL_FR1_FED001FR1Concat.csv
14,M_72_FobbsWUSTL_FR1_FED001FR1Concat.csv
4,M_74_FobbsWUSTL_FR1_FED003FR1Concat.csv
5,M_74_FobbsWUSTL_FR1_FED003FR1Concat.csv
10,M_74_FobbsWUSTL_FR1_FED003FR1Concat.csv
4,M_74_FobbsWUSTL_FR1_FED003FR1Concat.csv
3,M_74_FobbsWUSTL_FR1_FED003FR1Concat.csv
5,M_74_FobbsWUSTL_FR1_FED003FR1Concat.csv
6,M_74_FobbsWUSTL_FR1_FED003FR1Concat.csv
6,M_74_FobbsWUSTL_FR1_FED003FR1Concat.csv
7,M_74_FobbsWUSTL_FR1_FED003FR1Concat.csv
4,M_74_FobbsWUSTL_FR1_FED003FR1Concat.csv
6,M_74_FobbsWUSTL_FR1_FED003FR1Concat.csv
3,M_74_FobbsWUSTL_FR1_FED003FR1Concat.csv
7,M_74_FobbsWUSTL_FR1_FED003FR1Concat.csv
3,M_74_FobbsWUSTL_FR1_FED003FR1Concat.csv
3,M_74_FobbsWUSTL_FR1_FED003FR1Concat.csv
3,M_74_FobbsWUSTL_FR1_FED003FR1Concat.csv
3,M_74_FobbsWUSTL_FR1_FED003FR1Concat.csv
9,M_74_FobbsWUSTL_FR1_FED003FR1Concat.csv
9,M_74_FobbsWUSTL_FR1_FED003FR1Concat.csv
4,M_75_FobbsWUSTL_FR1_FED004FR1Concat.csv
9,M_75_FobbsWUSTL_FR1_FED004FR1Concat.csv
3,M_75_FobbsWUSTL_FR1_FED004FR1Concat.csv
9,M_75_FobbsWUSTL_FR1_FED004FR1Concat.csv
4,M_75_FobbsWUSTL_FR1_FED004FR1Concat.csv
12,M_75_FobbsWUSTL_FR1_FED004FR1Concat.csv
6,M_75_FobbsWUSTL_FR1_FED004FR1Concat.csv
9,M_75_FobbsWUSTL_FR1_FED004FR1Concat.csv
4,M_75_FobbsWUSTL_FR1_FED004FR1Concat.csv
5,M_75_FobbsWUSTL_FR1_FED004FR1Concat.csv
5,M_75_FobbsWUSTL_FR1_FED004FR1Concat.csv
5,M_75_FobbsWUSTL_FR1_FED004FR1Concat.csv
6,F_76_Kravitz_FR1_FED10FR1.csv
10,F_76_Kravitz_FR1_FED10FR1.csv
3,F_76_Kravitz_FR1_FED10FR1.csv
6,F_76_Kravitz_FR1_FED10FR1.csv
5,F_76_Kravitz_FR1_FED10FR1.csv
3,F_76_Kravitz_FR1_FED10FR1.csv
7,F_76_Kravitz_FR1_FED10FR1.csv
6,F_76_Kravitz_FR1_FED10FR1.csv
11,F_76_Kravitz_FR1_FED10FR1.csv
10,F_76_Kravitz_FR1_FED10FR1.csv
15,F_76_Kravitz_FR1_FED10FR1.csv
9,F_76_Kravitz_FR1_FED10FR1.csv
5,F_76_Kravitz_FR1_FED10FR1.csv
5,F_76_Kravitz_FR1_FED10FR1.csv
8,F_76_Kravitz_FR1_FED10FR1.csv
8,F_76_Kravitz_FR1_FED10FR1.csv
4,F_76_Kravitz_FR1_FED10FR1.csv
15,F_76_Kravitz_FR1_FED10FR1.csv
7,F_76_Kravitz_FR1_FED10FR1.csv
3,F_76_Kravitz_FR1_FED10FR1.csv
6,F_76_Kravitz_FR1_FED10FR1.csv
6,F_76_Kravitz_FR1_FED10FR1.csv
3,F_76_Kravitz_FR1_FED10FR1.csv
3,F_78_Kravitz_FR1_FED9FR1.csv
3,F_78_Kravitz_FR1_FED9FR1.csv
20,F_78_Kravitz_FR1_FED9FR1.csv
9,F_78_Kravitz_FR1_FED9FR1.csv
14,F_78_Kravitz_FR1_FED9FR1.csv
6,F_78_Kravitz_FR1_FED9FR1.csv
10,F_78_Kravitz_FR1_FED9FR1.csv
11,F_78_Kravitz_FR1_FED9FR1.csv
7,F_78_Kravitz_FR1_FED9FR1.csv
7,F_78_Kravitz_FR1_FED9FR1.csv
7,F_78_Kravitz_FR1_FED9FR1.csv
11,F_78_Kravitz_FR1_FED9FR1.csv
7,F_78_Kravitz_FR1_FED9FR1.csv
4,F_78_Kravitz_FR1_FED9FR1.csv
3,F_78_Kravitz_FR1_FED9FR1.csv
3,F_78_Kravitz_FR1_FED9FR1.csv
5,F_78_Kravitz_FR1_FED9FR1.csv
4,F_78_Kravitz_FR1_FED9FR1.csv
6,F_78_Kravitz_FR1_FED9FR1.csv
4,F_78_Kravitz_FR1_FED9FR1.csv
8,F_78_Kravitz_FR1_FED9FR1.csv
8,F_78_Kravitz_FR1_FED9FR1.csv
11,F_78_Kravitz_FR1_FED9FR1.csv
11,F_78_Kravitz_FR1_FED9FR1.csv
12,F_78_Kravitz_FR1_FED9FR1.csv
3,F_78_Kravitz_FR1_FED9FR1.csv
3,F_77_Kravitz_FR1_FED11FR1.csv
4,F_77_Kravitz_FR1_FED11FR1.csv
5,F_77_Kravitz_FR1_FED11FR1.csv
5,F_77_Kravitz_FR1_FED11FR1.csv
15,F_77_Kravitz_FR1_FED11FR1.csv
9,F_77_Kravitz_FR1_FED11FR1.csv
5,F_77_Kravitz_FR1_FED11FR1.csv
7,F_77_Kravitz_FR1_FED11FR1.csv
8,F_77_Kravitz_FR1_FED11FR1.csv
10,F_77_Kravitz_FR1_FED11FR1.csv
3,F_77_Kravitz_FR1_FED11FR1.csv
6,F_77_Kravitz_FR1_FED11FR1.csv
5,F_77_Kravitz_FR1_FED11FR1.csv
12,F_77_Kravitz_FR1_FED11FR1.csv
6,F_77_Kravitz_FR1_FED11FR1.csv
4,F_77_Kravitz_FR1_FED11FR1.csv
5,F_77_Kravitz_FR1_FED11FR1.csv
3,F_77_Kravitz_FR1_FED11FR1.csv
7,F_77_Kravitz_FR1_FED11FR1.csv
5,F_77_Kravitz_FR1_FED11FR1.csv
8,F_77_Kravitz_FR1_FED11FR1.csv
3,F_77_Kravitz_FR1_FED11FR1.csv
7,F_77_Kravitz_FR1_FED11FR1.csv
3,F_77_Kravitz_FR1_FED11FR1.csv
6,F_77_Kravitz_FR1_FED11FR1.csv
5,F_77_Kravitz_FR1_FED11FR1.csv
4,F_77_Kravitz_FR1_FED11FR1.csv
10,F_77_Kravitz_FR1_FED11FR1.csv
7,F_77_Kravitz_FR1_FED11FR1.csv
15,F_77_Kravitz_FR1_FED11FR1.csv
27,M_79_Kravitz_FR1_FED2FR1.csv
11,M_79_Kravitz_FR1_FED2FR1.csv
8,M_79_Kravitz_FR1_FED2FR1.csv
7,M_79_Kravitz_FR1_FED2FR1.csv
6,M_79_Kravitz_FR1_FED2FR1.csv
13,M_79_Kravitz_FR1_FED2FR1.csv
6,M_79_Kravitz_FR1_FED2FR1.csv
5,M_79_Kravitz_FR1_FED2FR1.csv
8,M_79_Kravitz_FR1_FED2FR1.csv
14,M_79_Kravitz_FR1_FED2FR1.csv
4,M_79_Kravitz_FR1_FED2FR1.csv
3,M_81_Kravitz_FR1_FED4FR1.csv
11,M_81_Kravitz_FR1_FED4FR1.csv
7,M_81_Kravitz_FR1_FED4FR1.csv
16,M_81_Kravitz_FR1_FED4FR1.csv
4,M_81_Kravitz_FR1_FED4FR1.csv
9,M_81_Kravitz_FR1_FED4FR1.csv
3,M_81_Kravitz_FR1_FED4FR1.csv
9,M_81_Kravitz_FR1_FED4FR1.csv
4,M_81_Kravitz_FR1_FED4FR1.csv
3,M_81_Kravitz_FR1_FED4FR1.csv
12,M_81_Kravitz_FR1_FED4FR1.csv
10,M_81_Kravitz_FR1_FED4FR1.csv
4,M_81_Kravitz_FR1_FED4FR1.csv
15,M_81_Kravitz_FR1_FED4FR1.csv
3,M_81_Kravitz_FR1_FED4FR1.csv
5,M_81_Kravitz_FR1_FED4FR1.csv
7,M_81_Kravitz_FR1_FED4FR1.csv
10,M_81_Kravitz_FR1_FED4FR1.csv
9,M_81_Kravitz_FR1_FED4FR1.csv
3,M_81_Kravitz_FR1_FED4FR1.csv
3,M_81_Kravitz_FR1_FED4FR1.csv
6,M_81_Kravitz_FR1_FED4FR1.csv
6,M_81_Kravitz_FR1_FED4FR1.csv
3,M_81_Kravitz_FR1_FED4FR1.csv
7,M_81_Kravitz_FR1_FED4FR1.csv
4,M_81_Kravitz_FR1_FED4FR1.csv
4,M_81_Kravitz_FR1_FED4FR1.csv
4,M_81_Kravitz_FR1_FED4FR1.csv
6,M_81_Kravitz_FR1_FED4FR1.csv
5,M_81_Kravitz_FR1_FED4FR1.csv
3,M_81_Kravitz_FR1_FED4FR1.csv
7,M_81_Kravitz_FR1_FED4FR1.csv
22,M_80_Kravitz_FR1_FED3FR1.csv
14,M_80_Kravitz_FR1_FED3FR1.csv
13,M_80_Kravitz_FR1_FED3FR1.csv
12,M_80_Kravitz_FR1_FED3FR1.csv
5,M_80_Kravitz_FR1_FED3FR1.csv
7,M_80_Kravitz_FR1_FED3FR1.csv
5,M_80_Kravitz_FR1_FED3FR1.csv
9,M_80_Kravitz_FR1_FED3FR1.csv
7,M_80_Kravitz_FR1_FED3FR1.csv
3,M_80_Kravitz_FR1_FED3FR1.csv
3,M_80_Kravitz_FR1_FED3FR1.csv
11,M_80_Kravitz_FR1_FED3FR1.csv
10,M_80_Kravitz_FR1_FED3FR1.csv
8,M_82_Kravitz_FR1_FED5FR1.csv
12,M_82_Kravitz_FR1_FED5FR1.csv
5,M_82_Kravitz_FR1_FED5FR1.csv
15,M_82_Kravitz_FR1_FED5FR1.csv
4,M_82_Kravitz_FR1_FED5FR1.csv
6,M_82_Kravitz_FR1_FED5FR1.csv
14,M_82_Kravitz_FR1_FED5FR1.csv
7,M_82_Kravitz_FR1_FED5FR1.csv
4,M_82_Kravitz_FR1_FED5FR1.csv
6,M_82_Kravitz_FR1_FED5FR1.csv
11,M_82_Kravitz_FR1_FED5FR1.csv
3,M_82_Kravitz_FR1_FED5FR1.csv
9,M_82_Kravitz_FR1_FED5FR1.csv
4,M_82_Kravitz_FR1_FED5FR1.csv
4,M_82_Kravitz_FR1_FED5FR1.csv
12,M_82_Kravitz_FR1_FED5FR1.csv
4,M_82_Kravitz_FR1_FED5FR1.csv
24,M_83_Kravitz_FR1_FED6FR1.csv
10,M_83_Kravitz_FR1_FED6FR1.csv
9,M_83_Kravitz_FR1_FED6FR1.csv
14,M_83_Kravitz_FR1_FED6FR1.csv
9,M_83_Kravitz_FR1_FED6FR1.csv
4,M_83_Kravitz_FR1_FED6FR1.csv
11,M_83_Kravitz_FR1_FED6FR1.csv
8,M_83_Kravitz_FR1_FED6FR1.csv
8,M_83_Kravitz_FR1_FED6FR1.csv
3,M_83_Kravitz_FR1_FED6FR1.csv
7,M_83_Kravitz_FR1_FED6FR1.csv
4,M_83_Kravitz_FR1_FED6FR1.csv
3,M_83_Kravitz_FR1_FED6FR1.csv
3,M_83_Kravitz_FR1_FED6FR1.csv
13,M_83_Kravitz_FR1_FED6FR1.csv
5,M_83_Kravitz_FR1_FED6FR1.csv
3,M_85_Kravitz_FR1_FED8FR1.csv
13,M_85_Kravitz_FR1_FED8FR1.csv
19,M_85_Kravitz_FR1_FED8FR1.csv
7,M_85_Kravitz_FR1_FED8FR1.csv
10,M_85_Kravitz_FR1_FED8FR1.csv
7,M_85_Kravitz_FR1_FED8FR1.csv
3,M_85_Kravitz_FR1_FED8FR1.csv
10,M_85_Kravitz_FR1_FED8FR1.csv
4,M_85_Kravitz_FR1_FED8FR1.csv
7,M_85_Kravitz_FR1_FED8FR1.csv
13,M_85_Kravitz_FR1_FED8FR1.csv
7,M_85_Kravitz_FR1_FED8FR1.csv
9,M_85_Kravitz_FR1_FED8FR1.csv
10,M_85_Kravitz_FR1_FED8FR1.csv
3,M_85_Kravitz_FR1_FED8FR1.csv
4,M_85_Kravitz_FR1_FED8FR1.csv
4,M_85_Kravitz_FR1_FED8FR1.csv
7,M_85_Kravitz_FR1_FED8FR1.csv
9,M_85_Kravitz_FR1_FED8FR1.csv
4,M_85_Kravitz_FR1_FED8FR1.csv
9,M_85_Kravitz_FR1_FED8FR1.csv
3,M_85_Kravitz_FR1_FED8FR1.csv
10,M_84_Kravitz_FR1_FED7FR1.csv
4,M_84_Kravitz_FR1_FED7FR1.csv
20,M_84_Kravitz_FR1_FED7FR1.csv
9,M_84_Kravitz_FR1_FED7FR1.csv
4,M_84_Kravitz_FR1_FED7FR1.csv
11,M_84_Kravitz_FR1_FED7FR1.csv
13,M_84_Kravitz_FR1_FED7FR1.csv
4,M_84_Kravitz_FR1_FED7FR1.csv
5,M_84_Kravitz_FR1_FED7FR1.csv
4,M_84_Kravitz_FR1_FED7FR1.csv
5,M_84_Kravitz_FR1_FED7FR1.csv
14,M_84_Kravitz_FR1_FED7FR1.csv
8,M_84_Kravitz_FR1_FED7FR1.csv
9,M_84_Kravitz_FR1_FED7FR1.csv
9,M_84_Kravitz_FR1_FED7FR1.csv
8,M_84_Kravitz_FR1_FED7FR1.csv
4,M_84_Kravitz_FR1_FED7FR1.csv
3,M_84_Kravitz_FR1_FED7FR1.csv
8,M_84_Kravitz_FR1_FED7FR1.csv
3,M_84_Kravitz_FR1_FED7FR1.csv
4,M_84_Kravitz_FR1_FED7FR1.csv
3,F_86_Maloney_FR1_G1Female.CSV
4,F_86_Maloney_FR1_G1Female.CSV
6,F_86_Maloney_FR1_G1Female.CSV
3,F_86_Maloney_FR1_G1Female.CSV
3,F_86_Maloney_FR1_G1Female.CSV
3,F_86_Maloney_FR1_G1Female.CSV
3,F_86_Maloney_FR1_G1Female.CSV
5,F_86_Maloney_FR1_G1Female.CSV
5,F_86_Maloney_FR1_G1Female.CSV
3,F_86_Maloney_FR1_G1Female.CSV
3,F_86_Maloney_FR1_G1Female.CSV
3,F_86_Maloney_FR1_G1Female.CSV
3,F_86_Maloney_FR1_G1Female.CSV
3,F_86_Maloney_FR1_G1Female.CSV
3,F_87_Maloney_FR1_G2Female.CSV
6,F_87_Maloney_FR1_G2Female.CSV
4,F_87_Maloney_FR1_G2Female.CSV
5,F_87_Maloney_FR1_G2Female.CSV
5,F_87_Maloney_FR1_G2Female.CSV
6,F_87_Maloney_FR1_G2Female.CSV
4,F_87_Maloney_FR1_G2Female.CSV
4,F_87_Maloney_FR1_G2Female.CSV
3,F_87_Maloney_FR1_G2Female.CSV
5,F_87_Maloney_FR1_G2Female.CSV
3,F_87_Maloney_FR1_G2Female.CSV
3,F_87_Maloney_FR1_G2Female.CSV
5,F_87_Maloney_FR1_G2Female.CSV
3,F_87_Maloney_FR1_G2Female.CSV
3,F_87_Maloney_FR1_G2Female.CSV
3,F_87_Maloney_FR1_G2Female.CSV
4,F_87_Maloney_FR1_G2Female.CSV
3,F_87_Maloney_FR1_G2Female.CSV
3,F_87_Maloney_FR1_G2Female.CSV
4,F_87_Maloney_FR1_G2Female.CSV
5,F_87_Maloney_FR1_G2Female.CSV
6,F_87_Maloney_FR1_G2Female.CSV
5,F_87_Maloney_FR1_G2Female.CSV
3,F_87_Maloney_FR1_G2Female.CSV
8,F_87_Maloney_FR1_G2Female.CSV
3,F_87_Maloney_FR1_G2Female.CSV
11,F_88_Maloney_FR1_G4Female.CSV
5,F_88_Maloney_FR1_G4Female.CSV
7,F_88_Maloney_FR1_G4Female.CSV
3,F_88_Maloney_FR1_G4Female.CSV
7,F_88_Maloney_FR1_G4Female.CSV
3,F_88_Maloney_FR1_G4Female.CSV
5,F_88_Maloney_FR1_G4Female.CSV
3,F_88_Maloney_FR1_G4Female.CSV
6,F_88_Maloney_FR1_G4Female.CSV
3,F_88_Maloney_FR1_G4Female.CSV
6,F_88_Maloney_FR1_G4Female.CSV
6,F_88_Maloney_FR1_G4Female.CSV
7,F_88_Maloney_FR1_G4Female.CSV
4,F_88_Maloney_FR1_G4Female.CSV
7,F_88_Maloney_FR1_G4Female.CSV
4,F_88_Maloney_FR1_G4Female.CSV
4,F_88_Maloney_FR1_G4Female.CSV
6,F_89_Maloney_FR1_G5Female.CSV
3,F_89_Maloney_FR1_G5Female.CSV
3,F_89_Maloney_FR1_G5Female.CSV
3,F_89_Maloney_FR1_G5Female.CSV
4,F_89_Maloney_FR1_G5Female.CSV
7,F_89_Maloney_FR1_G5Female.CSV
3,F_89_Maloney_FR1_G5Female.CSV
4,F_89_Maloney_FR1_G5Female.CSV
3,F_89_Maloney_FR1_G5Female.CSV
3,F_89_Maloney_FR1_G5Female.CSV
5,F_89_Maloney_FR1_G5Female.CSV
3,F_89_Maloney_FR1_G5Female.CSV
5,F_89_Maloney_FR1_G5Female.CSV
3,F_89_Maloney_FR1_G5Female.CSV
6,F_89_Maloney_FR1_G5Female.CSV
3,F_89_Maloney_FR1_G5Female.CSV
3,F_89_Maloney_FR1_G5Female.CSV
4,F_89_Maloney_FR1_G5Female.CSV
7,F_89_Maloney_FR1_G5Female.CSV
5,F_89_Maloney_FR1_G5Female.CSV
3,F_89_Maloney_FR1_G5Female.CSV
8,M_91_Maloney_FR1_D2Male.CSV
3,M_91_Maloney_FR1_D2Male.CSV
6,M_91_Maloney_FR1_D2Male.CSV
10,M_91_Maloney_FR1_D2Male.CSV
6,M_91_Maloney_FR1_D2Male.CSV
6,M_91_Maloney_FR1_D2Male.CSV
13,M_91_Maloney_FR1_D2Male.CSV
6,M_91_Maloney_FR1_D2Male.CSV
8,M_91_Maloney_FR1_D2Male.CSV
3,M_91_Maloney_FR1_D2Male.CSV
10,M_91_Maloney_FR1_D2Male.CSV
5,M_91_Maloney_FR1_D2Male.CSV
5,M_91_Maloney_FR1_D2Male.CSV
4,M_91_Maloney_FR1_D2Male.CSV
7,M_91_Maloney_FR1_D2Male.CSV
5,M_91_Maloney_FR1_D2Male.CSV
3,M_91_Maloney_FR1_D2Male.CSV
12,M_91_Maloney_FR1_D2Male.CSV
4,M_91_Maloney_FR1_D2Male.CSV
4,M_91_Maloney_FR1_D2Male.CSV
4,M_91_Maloney_FR1_D2Male.CSV
6,M_90_Maloney_FR1_D1Male.CSV
6,M_90_Maloney_FR1_D1Male.CSV
3,M_90_Maloney_FR1_D1Male.CSV
11,M_90_Maloney_FR1_D1Male.CSV
3,M_90_Maloney_FR1_D1Male.CSV
6,M_90_Maloney_FR1_D1Male.CSV
4,M_90_Maloney_FR1_D1Male.CSV
3,M_90_Maloney_FR1_D1Male.CSV
5,M_90_Maloney_FR1_D1Male.CSV
3,M_90_Maloney_FR1_D1Male.CSV
4,M_90_Maloney_FR1_D1Male.CSV
9,M_90_Maloney_FR1_D1Male.CSV
5,M_90_Maloney_FR1_D1Male.CSV
7,M_90_Maloney_FR1_D1Male.CSV
10,M_90_Maloney_FR1_D1Male.CSV
5,M_90_Maloney_FR1_D1Male.CSV
4,M_90_Maloney_FR1_D1Male.CSV
3,M_90_Maloney_FR1_D1Male.CSV
7,M_90_Maloney_FR1_D1Male.CSV
8,M_90_Maloney_FR1_D1Male.CSV
4,M_90_Maloney_FR1_D1Male.CSV
4,M_90_Maloney_FR1_D1Male.CSV
3,M_90_Maloney_FR1_D1Male.CSV
3,M_90_Maloney_FR1_D1Male.CSV
5,M_90_Maloney_FR1_D1Male.CSV
5,M_92_Maloney_FR1_D3Male.CSV
4,M_92_Maloney_FR1_D3Male.CSV
6,M_92_Maloney_FR1_D3Male.CSV
6,M_92_Maloney_FR1_D3Male.CSV
5,M_92_Maloney_FR1_D3Male.CSV
3,M_92_Maloney_FR1_D3Male.CSV
3,M_92_Maloney_FR1_D3Male.CSV
4,M_92_Maloney_FR1_D3Male.CSV
5,M_92_Maloney_FR1_D3Male.CSV
7,M_92_Maloney_FR1_D3Male.CSV
4,M_92_Maloney_FR1_D3Male.CSV
9,M_92_Maloney_FR1_D3Male.CSV
4,M_92_Maloney_FR1_D3Male.CSV
3,M_92_Maloney_FR1_D3Male.CSV
3,M_92_Maloney_FR1_D3Male.CSV
4,M_92_Maloney_FR1_D3Male.CSV
4,M_92_Maloney_FR1_D3Male.CSV
9,M_92_Maloney_FR1_D3Male.CSV
8,M_92_Maloney_FR1_D3Male.CSV
3,M_92_Maloney_FR1_D3Male.CSV
4,M_95_McCutcheon_FR1_FED00205102202.CSV
7,M_95_McCutcheon_FR1_FED00205102202.CSV
4,M_95_McCutcheon_FR1_FED00205102202.CSV
3,M_95_McCutcheon_FR1_FED00205102202.CSV
9,M_95_McCutcheon_FR1_FED00205102202.CSV
6,M_95_McCutcheon_FR1_FED00205102202.CSV
6,M_95_McCutcheon_FR1_FED00205102202.CSV
4,M_95_McCutcheon_FR1_FED00205102202.CSV
3,M_95_McCutcheon_FR1_FED00205102202.CSV
8,M_95_McCutcheon_FR1_FED00205102202.CSV
7,M_95_McCutcheon_FR1_FED00205102202.CSV
4,M_95_McCutcheon_FR1_FED00205102202.CSV
7,M_95_McCutcheon_FR1_FED00205102202.CSV
3,M_95_McCutcheon_FR1_FED00205102202.CSV
6,M_95_McCutcheon_FR1_FED00205102202.CSV
7,M_95_McCutcheon_FR1_FED00205102202.CSV
4,M_95_McCutcheon_FR1_FED00205102202.CSV
5,M_95_McCutcheon_FR1_FED00205102202.CSV
3,M_95_McCutcheon_FR1_FED00205102202.CSV
5,M_95_McCutcheon_FR1_FED00205102202.CSV
7,M_95_McCutcheon_FR1_FED00205102202.CSV
3,M_95_McCutcheon_FR1_FED00205102202.CSV
8,M_95_McCutcheon_FR1_FED00205102202.CSV
3,M_95_McCutcheon_FR1_FED00205102202.CSV
5,M_95_McCutcheon_FR1_FED00205102202.CSV
3,M_95_McCutcheon_FR1_FED00205102202.CSV
8,M_95_McCutcheon_FR1_FED00205102202.CSV
7,M_95_McCutcheon_FR1_FED00205102202.CSV
3,M_95_McCutcheon_FR1_FED00205102202.CSV
7,M_95_McCutcheon_FR1_FED00205102202.CSV
3,M_95_McCutcheon_FR1_FED00205102202.CSV
5,M_95_McCutcheon_FR1_FED00205102202.CSV
6,M_93_Maloney_FR1_D4Male.CSV
13,M_93_Maloney_FR1_D4Male.CSV
9,M_93_Maloney_FR1_D4Male.CSV
3,M_93_Maloney_FR1_D4Male.CSV
4,M_93_Maloney_FR1_D4Male.CSV
6,M_93_Maloney_FR1_D4Male.CSV
9,M_93_Maloney_FR1_D4Male.CSV
8,M_93_Maloney_FR1_D4Male.CSV
10,M_93_Maloney_FR1_D4Male.CSV
7,M_93_Maloney_FR1_D4Male.CSV
8,M_93_Maloney_FR1_D4Male.CSV
11,M_93_Maloney_FR1_D4Male.CSV
7,M_93_Maloney_FR1_D4Male.CSV
3,M_93_Maloney_FR1_D4Male.CSV
3,M_93_Maloney_FR1_D4Male.CSV
4,M_93_Maloney_FR1_D4Male.CSV
12,M_93_Maloney_FR1_D4Male.CSV
6,M_93_Maloney_FR1_D4Male.CSV
5,M_93_Maloney_FR1_D4Male.CSV
4,M_93_Maloney_FR1_D4Male.CSV
12,M_93_Maloney_FR1_D4Male.CSV
4,M_93_Maloney_FR1_D4Male.CSV
4,M_93_Maloney_FR1_D4Male.CSV
3,M_93_Maloney_FR1_D4Male.CSV
4,M_93_Maloney_FR1_D4Male.CSV
5,M_93_Maloney_FR1_D4Male.CSV
5,M_97_McCutcheon_FR1_FED00405102204.CSV
5,M_97_McCutcheon_FR1_FED00405102204.CSV
5,M_97_McCutcheon_FR1_FED00405102204.CSV
3,M_97_McCutcheon_FR1_FED00405102204.CSV
4,M_97_McCutcheon_FR1_FED00405102204.CSV
4,M_97_McCutcheon_FR1_FED00405102204.CSV
4,M_97_McCutcheon_FR1_FED00405102204.CSV
3,M_97_McCutcheon_FR1_FED00405102204.CSV
10,M_97_McCutcheon_FR1_FED00405102204.CSV
3,M_97_McCutcheon_FR1_FED00405102204.CSV
4,M_97_McCutcheon_FR1_FED00405102204.CSV
4,M_97_McCutcheon_FR1_FED00405102204.CSV
7,M_97_McCutcheon_FR1_FED00405102204.CSV
3,M_97_McCutcheon_FR1_FED00405102204.CSV
10,M_97_McCutcheon_FR1_FED00405102204.CSV
8,M_97_McCutcheon_FR1_FED00405102204.CSV
5,M_97_McCutcheon_FR1_FED00405102204.CSV
11,M_97_McCutcheon_FR1_FED00405102204.CSV
7,M_97_McCutcheon_FR1_FED00405102204.CSV
8,M_97_McCutcheon_FR1_FED00405102204.CSV
3,M_97_McCutcheon_FR1_FED00405102204.CSV
7,M_97_McCutcheon_FR1_FED00405102204.CSV
4,M_96_McCutcheon_FR1_FED00305102203.CSV
3,M_96_McCutcheon_FR1_FED00305102203.CSV
3,M_96_McCutcheon_FR1_FED00305102203.CSV
3,M_96_McCutcheon_FR1_FED00305102203.CSV
3,M_96_McCutcheon_FR1_FED00305102203.CSV
3,M_96_McCutcheon_FR1_FED00305102203.CSV
7,M_96_McCutcheon_FR1_FED00305102203.CSV
6,M_96_McCutcheon_FR1_FED00305102203.CSV
4,M_96_McCutcheon_FR1_FED00305102203.CSV
7,M_96_McCutcheon_FR1_FED00305102203.CSV
4,M_96_McCutcheon_FR1_FED00305102203.CSV
12,M_96_McCutcheon_FR1_FED00305102203.CSV
6,M_96_McCutcheon_FR1_FED00305102203.CSV
3,M_96_McCutcheon_FR1_FED00305102203.CSV
4,M_96_McCutcheon_FR1_FED00305102203.CSV
3,M_96_McCutcheon_FR1_FED00305102203.CSV
3,M_96_McCutcheon_FR1_FED00305102203.CSV
8,M_96_McCutcheon_FR1_FED00305102203.CSV
11,M_96_McCutcheon_FR1_FED00305102203.CSV
3,M_96_McCutcheon_FR1_FED00305102203.CSV
4,M_96_McCutcheon_FR1_FED00305102203.CSV
5,M_96_McCutcheon_FR1_FED00305102203.CSV
13,M_96_McCutcheon_FR1_FED00305102203.CSV
3,M_94_McCutcheon_FR1_FED00105102204.CSV
5,M_94_McCutcheon_FR1_FED00105102204.CSV
11,M_94_McCutcheon_FR1_FED00105102204.CSV
10,M_94_McCutcheon_FR1_FED00105102204.CSV
7,M_94_McCutcheon_FR1_FED00105102204.CSV
3,M_94_McCutcheon_FR1_FED00105102204.CSV
5,M_94_McCutcheon_FR1_FED00105102204.CSV
16,M_94_McCutcheon_FR1_FED00105102204.CSV
11,M_94_McCutcheon_FR1_FED00105102204.CSV
3,M_94_McCutcheon_FR1_FED00105102204.CSV
11,M_94_McCutcheon_FR1_FED00105102204.CSV
7,M_94_McCutcheon_FR1_FED00105102204.CSV
4,M_94_McCutcheon_FR1_FED00105102204.CSV
4,M_94_McCutcheon_FR1_FED00105102204.CSV
6,M_94_McCutcheon_FR1_FED00105102204.CSV
5,M_94_McCutcheon_FR1_FED00105102204.CSV
6,M_94_McCutcheon_FR1_FED00105102204.CSV
8,M_94_McCutcheon_FR1_FED00105102204.CSV
4,M_94_McCutcheon_FR1_FED00105102204.CSV
10,M_94_McCutcheon_FR1_FED00105102204.CSV
3,M_98_McCutcheon_FR1_FED00505102203.CSV
4,M_98_McCutcheon_FR1_FED00505102203.CSV
13,M_98_McCutcheon_FR1_FED00505102203.CSV
5,M_98_McCutcheon_FR1_FED00505102203.CSV
5,M_98_McCutcheon_FR1_FED00505102203.CSV
5,M_98_McCutcheon_FR1_FED00505102203.CSV
7,M_98_McCutcheon_FR1_FED00505102203.CSV
4,M_98_McCutcheon_FR1_FED00505102203.CSV
8,M_98_McCutcheon_FR1_FED00505102203.CSV
4,M_98_McCutcheon_FR1_FED00505102203.CSV
3,M_98_McCutcheon_FR1_FED00505102203.CSV
7,M_98_McCutcheon_FR1_FED00505102203.CSV
11,M_98_McCutcheon_FR1_FED00505102203.CSV
3,M_98_McCutcheon_FR1_FED00505102203.CSV
3,M_98_McCutcheon_FR1_FED00505102203.CSV
4,M_98_McCutcheon_FR1_FED00505102203.CSV
3,M_98_McCutcheon_FR1_FED00505102203.CSV
4,M_98_McCutcheon_FR1_FED00505102203.CSV
4,M_98_McCutcheon_FR1_FED00505102203.CSV
4,M_98_McCutcheon_FR1_FED00505102203.CSV
5,M_98_McCutcheon_FR1_FED00505102203.CSV
8,M_98_McCutcheon_FR1_FED00505102203.CSV
5,M_99_McCutcheon_FR1_FED00605102202.CSV
3,M_99_McCutcheon_FR1_FED00605102202.CSV
4,M_99_McCutcheon_FR1_FED00605102202.CSV
7,M_99_McCutcheon_FR1_FED00605102202.CSV
3,M_99_McCutcheon_FR1_FED00605102202.CSV
4,M_99_McCutcheon_FR1_FED00605102202.CSV
4,M_99_McCutcheon_FR1_FED00605102202.CSV
8,M_99_McCutcheon_FR1_FED00605102202.CSV
3,M_99_McCutcheon_FR1_FED00605102202.CSV
6,M_99_McCutcheon_FR1_FED00605102202.CSV
3,M_99_McCutcheon_FR1_FED00605102202.CSV
3,M_99_McCutcheon_FR1_FED00605102202.CSV
11,M_99_McCutcheon_FR1_FED00605102202.CSV
3,M_99_McCutcheon_FR1_FED00605102202.CSV
8,M_99_McCutcheon_FR1_FED00605102202.CSV
5,M_99_McCutcheon_FR1_FED00605102202.CSV
8,M_99_McCutcheon_FR1_FED00605102202.CSV
3,M_99_McCutcheon_FR1_FED00605102202.CSV
5,M_99_McCutcheon_FR1_FED00605102202.CSV
4,M_99_McCutcheon_FR1_FED00605102202.CSV
3,F_106_Ames_FR1_WT11F.csv
15,F_106_Ames_FR1_WT11F.csv
9,F_106_Ames_FR1_WT11F.csv
8,F_106_Ames_FR1_WT11F.csv
14,F_106_Ames_FR1_WT11F.csv
4,F_106_Ames_FR1_WT11F.csv
3,F_106_Ames_FR1_WT11F.csv
8,F_106_Ames_FR1_WT11F.csv
5,F_106_Ames_FR1_WT11F.csv
3,F_106_Ames_FR1_WT11F.csv
6,F_106_Ames_FR1_WT11F.csv
8,F_106_Ames_FR1_WT11F.csv
4,F_106_Ames_FR1_WT11F.csv
7,F_106_Ames_FR1_WT11F.csv
7,F_106_Ames_FR1_WT11F.csv
7,F_106_Ames_FR1_WT11F.csv
7,F_106_Ames_FR1_WT11F.csv
7,F_106_Ames_FR1_WT11F.csv
7,F_106_Ames_FR1_WT11F.csv
6,F_106_Ames_FR1_WT11F.csv
7,F_106_Ames_FR1_WT11F.csv
10,F_106_Ames_FR1_WT11F.csv
4,F_106_Ames_FR1_WT11F.csv
3,F_106_Ames_FR1_WT11F.csv
3,F_106_Ames_FR1_WT11F.csv
5,F_106_Ames_FR1_WT11F.csv
7,F_106_Ames_FR1_WT11F.csv
4,F_106_Ames_FR1_WT11F.csv
3,F_106_Ames_FR1_WT11F.csv
3,F_106_Ames_FR1_WT11F.csv
8,F_106_Ames_FR1_WT11F.csv
5,F_106_Ames_FR1_WT11F.csv
6,F_106_Ames_FR1_WT11F.csv
5,F_107_Ames_FR1_WT17F.csv
11,F_107_Ames_FR1_WT17F.csv
9,F_107_Ames_FR1_WT17F.csv
12,F_107_Ames_FR1_WT17F.csv
8,F_107_Ames_FR1_WT17F.csv
6,F_107_Ames_FR1_WT17F.csv
11,F_107_Ames_FR1_WT17F.csv
4,F_107_Ames_FR1_WT17F.csv
7,F_107_Ames_FR1_WT17F.csv
7,F_107_Ames_FR1_WT17F.csv
7,F_107_Ames_FR1_WT17F.csv
7,F_107_Ames_FR1_WT17F.csv
11,F_107_Ames_FR1_WT17F.csv
4,F_107_Ames_FR1_WT17F.csv
6,F_107_Ames_FR1_WT17F.csv
9,F_107_Ames_FR1_WT17F.csv
9,F_107_Ames_FR1_WT17F.csv
9,F_107_Ames_FR1_WT17F.csv
7,F_107_Ames_FR1_WT17F.csv
4,F_107_Ames_FR1_WT17F.csv
8,F_107_Ames_FR1_WT17F.csv
8,F_107_Ames_FR1_WT17F.csv
6,F_107_Ames_FR1_WT17F.csv
5,F_107_Ames_FR1_WT17F.csv
5,F_107_Ames_FR1_WT17F.csv
5,F_107_Ames_FR1_WT17F.csv
4,F_107_Ames_FR1_WT17F.csv
4,F_107_Ames_FR1_WT17F.csv
7,F_107_Ames_FR1_WT17F.csv
5,F_107_Ames_FR1_WT17F.csv
3,F_108_Ames_FR1_WT7F.csv
4,F_108_Ames_FR1_WT7F.csv
5,F_108_Ames_FR1_WT7F.csv
11,F_108_Ames_FR1_WT7F.csv
7,F_108_Ames_FR1_WT7F.csv
8,F_108_Ames_FR1_WT7F.csv
5,F_108_Ames_FR1_WT7F.csv
4,F_108_Ames_FR1_WT7F.csv
3,F_108_Ames_FR1_WT7F.csv
4,F_108_Ames_FR1_WT7F.csv
6,F_108_Ames_FR1_WT7F.csv
6,F_108_Ames_FR1_WT7F.csv
6,F_108_Ames_FR1_WT7F.csv
5,F_108_Ames_FR1_WT7F.csv
7,F_108_Ames_FR1_WT7F.csv
4,F_108_Ames_FR1_WT7F.csv
9,F_108_Ames_FR1_WT7F.csv
8,F_108_Ames_FR1_WT7F.csv
9,F_108_Ames_FR1_WT7F.csv
9,F_108_Ames_FR1_WT7F.csv
8,F_108_Ames_FR1_WT7F.csv
6,F_108_Ames_FR1_WT7F.csv
4,M_109_Ames_FR1_WT13M.csv
3,M_109_Ames_FR1_WT13M.csv
9,M_109_Ames_FR1_WT13M.csv
3,M_109_Ames_FR1_WT13M.csv
5,M_109_Ames_FR1_WT13M.csv
4,M_109_Ames_FR1_WT13M.csv
14,M_109_Ames_FR1_WT13M.csv
11,M_109_Ames_FR1_WT13M.csv
5,M_109_Ames_FR1_WT13M.csv
4,M_109_Ames_FR1_WT13M.csv
7,M_109_Ames_FR1_WT13M.csv
3,M_109_Ames_FR1_WT13M.csv
5,M_109_Ames_FR1_WT13M.csv
10,M_109_Ames_FR1_WT13M.csv
4,M_109_Ames_FR1_WT13M.csv
8,M_109_Ames_FR1_WT13M.csv
10,M_109_Ames_FR1_WT13M.csv
5,M_109_Ames_FR1_WT13M.csv
3,M_109_Ames_FR1_WT13M.csv
3,M_109_Ames_FR1_WT13M.csv
6,M_109_Ames_FR1_WT13M.csv
6,M_109_Ames_FR1_WT13M.csv
9,M_109_Ames_FR1_WT13M.csv
3,M_109_Ames_FR1_WT13M.csv
11,M_109_Ames_FR1_WT13M.csv
10,M_111_Ames_FR1_WT16M.csv
4,M_111_Ames_FR1_WT16M.csv
9,M_111_Ames_FR1_WT16M.csv
7,M_111_Ames_FR1_WT16M.csv
5,M_111_Ames_FR1_WT16M.csv
3,M_111_Ames_FR1_WT16M.csv
13,M_111_Ames_FR1_WT16M.csv
3,M_111_Ames_FR1_WT16M.csv
7,M_111_Ames_FR1_WT16M.csv
3,M_111_Ames_FR1_WT16M.csv
7,M_111_Ames_FR1_WT16M.csv
5,M_111_Ames_FR1_WT16M.csv
6,M_111_Ames_FR1_WT16M.csv
3,M_111_Ames_FR1_WT16M.csv
3,M_111_Ames_FR1_WT16M.csv
8,M_111_Ames_FR1_WT16M.csv
10,M_111_Ames_FR1_WT16M.csv
7,M_111_Ames_FR1_WT16M.csv
5,M_111_Ames_FR1_WT16M.csv
9,M_111_Ames_FR1_WT16M.csv
7,M_111_Ames_FR1_WT16M.csv
6,M_111_Ames_FR1_WT16M.csv
5,M_111_Ames_FR1_WT16M.csv
6,M_111_Ames_FR1_WT16M.csv
9,M_111_Ames_FR1_WT16M.csv
6,M_111_Ames_FR1_WT16M.csv
7,M_111_Ames_FR1_WT16M.csv
9,M_111_Ames_FR1_WT16M.csv
3,M_110_Ames_FR1_WT14M.csv
6,M_110_Ames_FR1_WT14M.csv
5,M_110_Ames_FR1_WT14M.csv
3,M_110_Ames_FR1_WT14M.csv
6,M_110_Ames_FR1_WT14M.csv
3,M_110_Ames_FR1_WT14M.csv
3,M_110_Ames_FR1_WT14M.csv
6,M_110_Ames_FR1_WT14M.csv
5,M_110_Ames_FR1_WT14M.csv
3,M_110_Ames_FR1_WT14M.csv
5,M_110_Ames_FR1_WT14M.csv
7,M_110_Ames_FR1_WT14M.csv
8,M_110_Ames_FR1_WT14M.csv
3,M_110_Ames_FR1_WT14M.csv
6,M_110_Ames_FR1_WT14M.csv
12,M_110_Ames_FR1_WT14M.csv
9,M_110_Ames_FR1_WT14M.csv
3,M_110_Ames_FR1_WT14M.csv
5,M_110_Ames_FR1_WT14M.csv
3,M_110_Ames_FR1_WT14M.csv
7,M_110_Ames_FR1_WT14M.csv
8,M_110_Ames_FR1_WT14M.csv
3,M_110_Ames_FR1_WT14M.csv
4,M_110_Ames_FR1_WT14M.csv
9,M_110_Ames_FR1_WT14M.csv
3,M_110_Ames_FR1_WT14M.csv
3,M_110_Ames_FR1_WT14M.csv
9,M_110_Ames_FR1_WT14M.csv
6,M_112_Ames_FR1_WT7M.csv
8,M_112_Ames_FR1_WT7M.csv
3,M_112_Ames_FR1_WT7M.csv
6,M_112_Ames_FR1_WT7M.csv
3,M_112_Ames_FR1_WT7M.csv
9,M_112_Ames_FR1_WT7M.csv
3,M_112_Ames_FR1_WT7M.csv
4,M_112_Ames_FR1_WT7M.csv
10,M_112_Ames_FR1_WT7M.csv
8,M_112_Ames_FR1_WT7M.csv
5,M_112_Ames_FR1_WT7M.csv
4,M_112_Ames_FR1_WT7M.csv
3,M_112_Ames_FR1_WT7M.csv
5,M_112_Ames_FR1_WT7M.csv
5,M_112_Ames_FR1_WT7M.csv
3,M_112_Ames_FR1_WT7M.csv
3,M_112_Ames_FR1_WT7M.csv
3,M_112_Ames_FR1_WT7M.csv
3,M_112_Ames_FR1_WT7M.csv
5,M_112_Ames_FR1_WT7M.csv
8,M_112_Ames_FR1_WT7M.csv
3,M_112_Ames_FR1_WT7M.csv
3,M_112_Ames_FR1_WT7M.csv
3,M_112_Ames_FR1_WT7M.csv
4,M_112_Ames_FR1_WT7M.csv
3,M_112_Ames_FR1_WT7M.csv
6,M_112_Ames_FR1_WT7M.csv
3,M_112_Ames_FR1_WT7M.csv
