Timestamp,Temperature,ElapsedSecs,BatteryVoltage,DeviceNumber,LeftCount,LeftDur,RightCount,RightDur,LeftFeedCount,LeftFeedDur,FeedParadigm
12/12/2024 14:53:25,21.75,12.31,3.68,5,1,47,0,0,0,0,FR1
12/12/2024 14:57:12,21.75,91.33,3.68,5,2,0,0,0,0,0,FR1
12/12/2024 20:15:47,21.75,1068.83,3.67,5,3,0,0,0,0,0,FR1
12/12/2024 20:15:53,21.75,1074.78,3.67,5,3,0,0,0,1,0,FR1
12/12/2024 20:15:57,21.75,1078.90,3.67,5,3,0,0,0,2,0,FR1
12/12/2024 20:16:03,21.75,1084.93,3.67,5,3,0,0,0,3,759,FR1
12/12/2024 20:16:15,21.75,1097.15,3.67,5,3,0,0,0,4,272,FR1
12/12/2024 20:16:16,21.75,1098.22,3.67,5,3,0,0,0,5,145,FR1
12/12/2024 20:16:18,21.75,1099.60,3.67,5,3,0,0,0,6,168,FR1
12/12/2024 20:16:21,21.75,1102.80,3.68,5,3,0,0,0,7,814,FR1
12/12/2024 20:16:23,21.75,1105.17,3.67,5,3,0,0,0,8,0,FR1
12/12/2024 20:16:24,21.75,1106.28,3.67,5,3,0,0,0,9,481,FR1
12/12/2024 20:16:29,21.75,1110.73,3.67,5,3,0,0,0,10,48,FR1
12/12/2024 22:05:28,21.75,1450.18,3.67,5,4,23,0,0,10,0,FR1
12/12/2024 22:05:35,21.75,1456.42,3.67,5,4,0,0,0,11,0,FR1
12/12/2024 22:05:36,21.75,1457.92,3.67,5,4,0,0,0,12,0,FR1
12/12/2024 22:05:39,21.75,1460.87,3.67,5,4,0,0,0,13,1162,FR1
12/12/2024 22:05:46,21.75,1468.07,3.67,5,4,0,0,0,14,5117,FR1
12/12/2024 22:05:49,21.75,1470.68,3.67,5,4,0,0,0,15,1395,FR1
12/12/2024 22:06:00,21.75,1482.08,3.67,5,4,0,0,0,16,25,FR1
12/12/2024 22:06:01,21.75,1482.71,3.67,5,4,0,0,0,17,0,FR1
12/12/2024 22:06:02,21.75,1483.97,3.67,5,4,0,0,0,18,46,FR1
12/12/2024 22:06:09,21.75,1490.61,3.67,5,4,0,0,0,19,1365,FR1
12/12/2024 22:06:16,21.75,1497.63,3.67,5,4,0,0,0,20,0,FR1
12/12/2024 22:06:18,21.75,1500.16,3.67,5,4,0,0,0,21,441,FR1
12/12/2024 22:06:20,21.75,1501.57,3.67,5,4,0,0,0,22,200,FR1
12/12/2024 22:06:22,21.75,1503.77,3.68,5,4,0,0,0,23,115,FR1
12/12/2024 22:06:40,21.75,1521.91,3.67,5,4,0,0,0,24,0,FR1
12/12/2024 22:07:03,21.75,1523.42,3.67,5,5,30,0,0,24,0,FR1
12/12/2024 22:07:15,21.75,1535.45,3.67,5,5,0,0,0,25,268,FR1
12/12/2024 22:07:27,21.75,1547.84,3.67,5,5,0,0,0,26,150,FR1
12/12/2024 22:07:30,21.75,1550.51,3.67,5,5,0,0,0,27,584,FR1
12/12/2024 22:07:38,21.75,1558.30,3.67,5,5,0,0,0,28,1058,FR1
12/12/2024 22:07:41,21.75,1561.83,3.67,5,5,0,0,0,29,0,FR1
12/12/2024 22:07:43,21.75,1563.74,3.67,5,5,0,0,0,30,398,FR1
12/12/2024 22:07:51,21.75,1571.95,3.67,5,5,0,0,0,31,610,FR1
12/12/2024 22:08:04,22.00,1584.69,3.67,5,5,0,0,0,32,501,FR1
12/12/2024 22:08:06,22.00,1586.75,3.67,5,5,0,0,0,33,845,FR1
12/12/2024 22:08:08,22.00,1589.01,3.67,5,5,0,0,0,34,463,FR1
12/12/2024 22:08:15,22.00,1595.25,3.67,5,5,0,0,0,35,0,FR1
12/12/2024 22:08:21,22.00,1595.88,3.67,5,6,0,0,0,35,0,FR1
12/12/2024 22:08:27,22.00,1601.83,3.67,5,6,0,0,0,36,0,FR1
12/12/2024 22:08:29,22.00,1603.91,3.67,5,6,0,0,0,37,285,FR1
12/12/2024 22:08:38,22.00,1613.69,3.67,5,6,0,0,0,38,151,FR1
12/12/2024 22:08:45,22.00,1620.40,3.67,5,6,0,0,0,39,3465,FR1
12/12/2024 22:08:47,22.00,1622.54,3.67,5,6,0,0,0,40,1499,FR1
12/12/2024 22:08:50,22.00,1625.46,3.67,5,6,0,0,0,41,262,FR1
12/12/2024 22:08:53,22.00,1627.86,3.67,5,6,0,0,0,42,309,FR1
12/12/2024 22:08:54,22.00,1629.18,3.67,5,6,0,0,0,43,108,FR1
12/12/2024 22:08:56,22.00,1631.74,3.67,5,6,0,0,0,44,1052,FR1
12/12/2024 22:08:58,22.00,1632.95,3.67,5,6,0,0,0,45,289,FR1
12/12/2024 22:09:03,22.00,1638.51,3.67,5,6,0,0,0,46,0,FR1
12/12/2024 22:09:05,22.00,1640.04,3.67,5,6,0,0,0,47,26,FR1
12/12/2024 22:09:09,22.00,1644.77,3.67,5,6,0,0,0,48,2348,FR1
12/12/2024 22:09:14,22.00,1649.03,3.67,5,6,0,0,0,49,3055,FR1
12/12/2024 22:09:19,22.00,1654.60,3.67,5,6,0,0,0,50,0,FR1
12/12/2024 22:09:21,22.00,1656.41,3.67,5,6,0,0,0,51,12,FR1
12/12/2024 22:09:24,22.00,1659.60,3.67,5,6,0,0,0,52,1111,FR1
12/12/2024 22:09:32,22.00,1667.59,3.67,5,6,0,0,0,53,0,FR1
12/12/2024 22:11:43,22.25,1674.44,3.67,5,7,231,0,0,53,0,FR1
12/12/2024 22:12:07,22.25,1697.55,3.67,5,7,0,0,0,54,2360,FR1
12/12/2024 22:12:10,22.25,1700.86,3.67,5,7,0,0,0,55,44,FR1
12/12/2024 22:12:13,22.25,1703.93,3.68,5,7,0,0,0,56,117,FR1
12/12/2024 22:12:16,22.00,1707.10,3.67,5,7,0,0,0,57,1963,FR1
12/12/2024 22:12:21,22.00,1712.35,3.67,5,7,0,0,0,58,260,FR1
12/12/2024 22:12:25,22.00,1715.73,3.67,5,7,0,0,0,59,135,FR1
12/12/2024 22:12:28,22.00,1719.33,3.67,5,7,0,0,0,60,69,FR1
12/12/2024 22:12:31,22.00,1722.13,3.67,5,7,0,0,0,61,717,FR1
12/12/2024 22:12:34,22.00,1725.50,3.67,5,7,0,0,0,62,1278,FR1
12/12/2024 22:12:37,22.00,1728.21,3.67,5,7,0,0,0,63,634,FR1
12/12/2024 22:12:39,22.00,1730.33,3.67,5,7,0,0,0,64,323,FR1
12/12/2024 22:12:45,22.00,1736.24,3.67,5,7,0,0,0,65,62,FR1
12/12/2024 22:12:50,22.00,1740.59,3.67,5,7,0,0,0,66,2843,FR1
12/12/2024 22:12:56,22.00,1746.84,3.67,5,7,0,0,0,67,0,FR1
12/12/2024 23:51:51,21.75,2029.80,3.67,5,8,64,0,0,67,0,FR1
12/12/2024 23:52:04,21.75,2043.17,3.67,5,8,0,0,0,68,1321,FR1
12/12/2024 23:52:12,21.75,2051.42,3.67,5,8,0,0,0,69,369,FR1
12/12/2024 23:52:14,21.75,2053.04,3.67,5,8,0,0,0,70,407,FR1
12/12/2024 23:52:16,21.75,2055.19,3.67,5,8,0,0,0,71,936,FR1
12/12/2024 23:52:24,21.75,2063.08,3.67,5,8,0,0,0,72,2,FR1
12/12/2024 23:52:26,21.75,2065.53,3.67,5,8,0,0,0,73,74,FR1
12/12/2024 23:52:31,21.75,2069.94,3.67,5,8,0,0,0,74,0,FR1
12/12/2024 23:52:34,21.75,2073.17,3.67,5,8,0,0,0,75,2599,FR1
12/12/2024 23:52:36,21.75,2074.97,3.67,5,8,0,0,0,76,0,FR1
12/12/2024 23:52:42,21.75,2080.82,3.67,5,8,0,0,0,77,0,FR1
12/12/2024 23:52:49,21.75,2088.50,3.67,5,8,0,0,0,78,659,FR1
12/12/2024 23:52:53,21.75,2091.74,3.67,5,8,0,0,0,79,0,FR1
12/13/2024 1:53:36,21.75,2445.68,3.67,5,9,0,0,0,79,0,FR1
12/13/2024 1:53:42,21.75,2452.39,3.67,5,9,0,0,0,80,171,FR1
12/13/2024 1:53:45,21.75,2455.27,3.67,5,9,0,0,0,81,219,FR1
12/13/2024 1:53:52,21.75,2461.59,3.67,5,9,0,0,0,82,173,FR1
12/13/2024 1:53:54,21.75,2463.54,3.67,5,9,0,0,0,83,1024,FR1
12/13/2024 1:53:57,21.75,2467.46,3.67,5,9,0,0,0,84,2413,FR1
12/13/2024 1:54:02,21.75,2472.44,3.67,5,9,0,0,0,85,1740,FR1
12/13/2024 1:54:08,21.75,2477.55,3.67,5,9,0,0,0,86,1573,FR1
12/13/2024 1:54:12,21.75,2482.38,3.67,5,9,0,0,0,87,136,FR1
12/13/2024 1:54:32,21.75,2501.88,3.67,5,9,0,0,0,88,2615,FR1
12/13/2024 1:54:34,21.75,2503.93,3.67,5,9,0,0,0,89,553,FR1
12/13/2024 1:54:37,21.75,2507.09,3.67,5,9,0,0,0,90,778,FR1
12/13/2024 1:54:47,21.75,2517.39,3.67,5,9,0,0,0,91,0,FR1
12/13/2024 1:56:11,21.75,2521.73,3.67,5,10,0,0,0,91,0,FR1
12/13/2024 1:56:17,21.75,2527.68,3.67,5,10,0,0,0,92,0,FR1
12/13/2024 1:56:20,21.75,2530.49,3.67,5,10,0,0,0,93,144,FR1
12/13/2024 1:56:20,21.75,2531.13,3.67,5,10,0,0,0,94,0,FR1
12/13/2024 1:56:22,21.75,2533.25,3.67,5,10,0,0,0,95,34,FR1
12/13/2024 1:56:24,21.75,2535.19,3.67,5,10,0,0,0,96,735,FR1
12/13/2024 1:56:27,21.75,2538.35,3.67,5,10,0,0,0,97,1655,FR1
12/13/2024 1:56:32,21.75,2542.52,3.67,5,10,0,0,0,98,50,FR1
12/13/2024 1:56:34,21.75,2545.42,3.67,5,10,0,0,0,99,1397,FR1
12/13/2024 1:56:44,21.75,2555.47,3.67,5,10,0,0,0,100,416,FR1
12/13/2024 1:56:51,21.75,2562.40,3.67,5,10,0,0,0,101,3389,FR1
12/13/2024 1:57:01,21.75,2572.42,3.67,5,10,0,0,0,102,2998,FR1
12/13/2024 1:57:07,21.75,2577.79,3.67,5,10,0,0,0,103,1550,FR1
12/13/2024 1:57:09,21.75,2579.89,3.67,5,10,0,0,0,104,297,FR1
12/13/2024 1:57:11,21.75,2581.82,3.67,5,10,0,0,0,105,1296,FR1
12/13/2024 1:57:15,21.75,2585.65,3.67,5,10,0,0,0,106,0,FR1
12/13/2024 1:57:22,22.00,2593.35,3.67,5,10,0,0,0,107,0,FR1
12/13/2024 2:04:08,21.75,2613.12,3.67,5,10,0,1,22,107,0,FR1
12/13/2024 2:04:09,21.75,2613.79,3.67,5,10,0,2,47,107,0,FR1
12/13/2024 2:04:10,21.75,2614.42,3.67,5,10,0,3,0,107,0,FR1
12/13/2024 2:04:44,21.75,2616.59,3.67,5,10,0,4,114,107,0,FR1
12/13/2024 2:05:20,21.75,2618.65,3.67,5,11,0,4,0,107,0,FR1
12/13/2024 2:05:30,21.75,2629.24,3.67,5,11,0,4,0,108,0,FR1
12/13/2024 2:05:31,21.75,2629.88,3.67,5,11,0,4,0,109,0,FR1
12/13/2024 2:06:04,21.75,2662.74,3.67,5,11,0,4,0,110,0,FR1
12/13/2024 2:06:07,21.75,2665.58,3.67,5,11,0,4,0,111,173,FR1
12/13/2024 2:06:09,21.75,2668.27,3.67,5,11,0,4,0,112,21,FR1
12/13/2024 2:06:10,21.75,2669.05,3.67,5,11,0,4,0,113,153,FR1
12/13/2024 2:06:19,21.75,2678.30,3.67,5,11,0,4,0,114,1061,FR1
12/13/2024 2:06:24,21.75,2682.74,3.67,5,11,0,4,0,115,3811,FR1
12/13/2024 2:06:38,21.75,2690.72,3.67,5,12,0,4,0,115,0,FR1
12/13/2024 4:23:03,21.75,3148.55,3.67,5,13,0,4,0,115,0,FR1
12/13/2024 4:23:17,21.75,3163.29,3.67,5,13,0,4,0,116,4719,FR1
12/13/2024 4:23:20,21.75,3165.96,3.67,5,13,0,4,0,117,0,FR1
12/13/2024 4:23:22,21.75,3168.34,3.67,5,13,0,4,0,118,10,FR1
12/13/2024 4:23:37,21.75,3182.57,3.67,5,13,0,4,0,119,7793,FR1
12/13/2024 4:23:41,21.75,3186.60,3.67,5,13,0,4,0,120,778,FR1
12/13/2024 4:23:42,21.75,3187.81,3.66,5,13,0,4,0,121,0,FR1
12/13/2024 4:23:53,21.75,3198.55,3.67,5,13,0,4,0,122,3139,FR1
12/13/2024 4:23:54,21.75,3199.74,3.67,5,13,0,4,0,123,553,FR1
12/13/2024 4:24:00,21.75,3205.66,3.67,5,13,0,4,0,124,4419,FR1
12/13/2024 4:24:43,21.75,3221.75,3.67,5,14,0,4,0,124,0,FR1
12/13/2024 4:24:50,21.75,3228.60,3.67,5,14,0,4,0,125,888,FR1
12/13/2024 4:24:52,21.75,3230.39,3.67,5,14,0,4,0,126,1154,FR1
12/13/2024 4:24:58,21.75,3236.63,3.67,5,14,0,4,0,127,3573,FR1
12/13/2024 4:25:04,21.75,3243.13,3.67,5,14,0,4,0,128,2669,FR1
12/13/2024 4:25:09,21.75,3248.15,3.67,5,14,0,4,0,129,34,FR1
12/13/2024 4:25:12,21.75,3250.53,3.67,5,14,0,4,0,130,8,FR1
12/13/2024 4:25:17,21.75,3255.77,3.67,5,14,0,4,0,131,247,FR1
12/13/2024 4:25:20,21.75,3258.93,3.67,5,14,0,4,0,132,1075,FR1
12/13/2024 4:25:26,21.75,3265.08,3.65,5,14,0,4,0,133,0,FR1
12/13/2024 4:25:29,21.75,3267.79,3.66,5,14,0,4,0,134,43,FR1
12/13/2024 4:25:31,21.75,3269.78,3.66,5,14,0,4,0,135,197,FR1
12/13/2024 4:25:39,22.00,3277.30,3.67,5,14,0,4,0,136,1368,FR1
12/13/2024 4:25:40,22.00,3279.04,3.67,5,14,0,4,0,137,237,FR1
12/13/2024 4:25:43,22.00,3281.64,3.67,5,14,0,4,0,138,516,FR1
12/13/2024 4:25:46,22.00,3284.47,3.67,5,14,0,4,0,139,1620,FR1
12/13/2024 4:25:55,22.00,3293.33,3.66,5,14,0,4,0,140,0,FR1
12/13/2024 10:24:09,21.50,4316.45,3.66,5,15,138,4,0,140,0,FR1
12/13/2024 13:58:04,21.50,4995.47,3.67,5,16,0,4,0,140,0,FR1
12/13/2024 13:58:12,21.50,5003.31,3.66,5,16,0,4,0,141,154,FR1
12/13/2024 13:58:15,21.50,5005.98,3.66,5,16,0,4,0,142,0,FR1
12/13/2024 13:58:17,21.50,5008.65,3.66,5,16,0,4,0,143,0,FR1
12/13/2024 13:58:23,21.50,5014.60,3.65,5,16,0,4,0,144,1544,FR1
12/13/2024 13:58:30,21.50,5021.46,3.67,5,16,0,4,0,145,5065,FR1
12/13/2024 13:58:34,21.50,5024.80,3.66,5,16,0,4,0,146,92,FR1
12/13/2024 13:58:34,21.50,5025.43,3.65,5,16,0,4,0,147,0,FR1
12/13/2024 13:58:37,21.50,5028.63,3.66,5,16,0,4,0,148,538,FR1
12/13/2024 13:58:38,21.50,5029.27,3.66,5,16,0,4,0,149,0,FR1
12/13/2024 13:58:39,21.50,5030.49,3.66,5,16,0,4,0,150,0,FR1
12/13/2024 13:58:48,21.50,5039.47,3.66,5,16,0,4,0,151,6611,FR1
12/13/2024 13:59:09,21.50,5059.87,3.66,5,16,0,4,0,152,21,FR1
12/13/2024 13:59:10,21.50,5060.97,3.65,5,16,0,4,0,153,181,FR1
12/13/2024 13:59:22,21.50,5067.50,3.66,5,17,0,4,0,153,0,FR1
12/13/2024 13:59:27,21.50,5073.46,3.65,5,17,0,4,0,154,0,FR1
12/13/2024 13:59:29,21.50,5075.03,3.66,5,17,0,4,0,155,75,FR1
12/13/2024 13:59:33,21.50,5078.60,3.66,5,17,0,4,0,156,610,FR1
12/13/2024 13:59:36,21.50,5081.52,3.65,5,17,0,4,0,157,256,FR1
12/13/2024 13:59:40,21.50,5085.72,3.66,5,17,0,4,0,158,367,FR1
12/13/2024 13:59:41,21.50,5086.64,3.67,5,17,0,4,0,159,0,FR1
12/13/2024 13:59:47,21.50,5093.13,3.66,5,17,0,4,0,160,51,FR1
12/13/2024 13:59:48,21.50,5094.34,3.65,5,17,0,4,0,161,0,FR1
12/13/2024 13:59:50,21.50,5095.86,3.65,5,17,0,4,0,162,18,FR1
12/13/2024 13:59:52,21.50,5097.95,3.66,5,17,0,4,0,163,0,FR1
12/13/2024 13:59:54,21.50,5099.47,3.67,5,17,0,4,0,164,591,FR1
12/13/2024 13:59:55,21.50,5100.71,3.66,5,17,0,4,0,165,24,FR1
12/13/2024 13:59:56,21.50,5101.92,3.66,5,17,0,4,0,166,0,FR1
12/13/2024 13:59:59,21.50,5104.69,3.66,5,17,0,4,0,167,391,FR1
12/13/2024 15:46:28,21.50,5441.62,3.66,5,18,0,4,0,167,0,FR1
12/13/2024 15:46:34,21.50,5447.58,3.65,5,18,0,4,0,168,0,FR1
12/13/2024 15:46:37,21.50,5450.92,3.65,5,18,0,4,0,169,96,FR1
12/13/2024 15:46:38,21.50,5452.32,3.65,5,18,0,4,0,170,471,FR1
12/13/2024 15:46:43,21.50,5457.10,3.66,5,18,0,4,0,171,665,FR1
12/13/2024 15:46:44,21.50,5458.05,3.66,5,18,0,4,0,172,24,FR1
12/13/2024 15:46:46,21.50,5460.22,3.66,5,18,0,4,0,173,382,FR1
12/13/2024 15:46:47,21.50,5461.25,3.66,5,18,0,4,0,174,396,FR1
12/13/2024 15:46:51,21.50,5464.82,3.65,5,18,0,4,0,175,2060,FR1
12/13/2024 15:47:07,21.50,5480.50,3.66,5,18,0,4,0,176,233,FR1
12/13/2024 15:47:09,21.50,5482.37,3.65,5,18,0,4,0,177,370,FR1
12/13/2024 15:47:14,21.50,5487.76,3.66,5,18,0,4,0,178,1275,FR1
12/13/2024 15:47:18,21.50,5492.31,3.65,5,18,0,4,0,179,1016,FR1
12/13/2024 15:47:21,21.50,5494.50,3.66,5,18,0,4,0,180,970,FR1
12/13/2024 15:47:39,21.50,5513.22,3.66,5,18,0,4,0,181,0,FR1
12/13/2024 17:55:03,21.75,5877.23,3.65,5,19,55,4,0,181,0,FR1
12/13/2024 17:55:09,21.75,5883.25,3.65,5,19,0,4,0,182,67,FR1
12/13/2024 17:55:11,21.75,5885.05,3.65,5,19,0,4,0,183,0,FR1
12/13/2024 17:55:14,21.75,5887.46,3.66,5,19,0,4,0,184,40,FR1
12/13/2024 17:55:14,21.75,5888.10,3.65,5,19,0,4,0,185,0,FR1
12/13/2024 17:55:22,21.75,5895.58,3.66,5,19,0,4,0,186,6561,FR1
12/13/2024 17:55:30,21.75,5904.25,3.65,5,19,0,4,0,187,482,FR1
12/13/2024 17:55:32,21.75,5905.69,3.65,5,19,0,4,0,188,227,FR1
12/13/2024 17:55:36,21.75,5909.33,3.65,5,19,0,4,0,189,3011,FR1
12/13/2024 17:55:54,21.75,5927.68,3.66,5,19,0,4,0,190,15110,FR1
12/13/2024 17:56:00,21.75,5934.13,3.65,5,19,0,4,0,191,0,FR1
12/13/2024 17:56:06,21.75,5939.63,3.65,5,19,0,4,0,192,3426,FR1
12/13/2024 18:56:32,21.75,6121.18,3.65,5,20,0,4,0,192,0,FR1
12/13/2024 18:56:51,21.75,6140.08,3.66,5,20,0,4,0,193,9465,FR1
12/13/2024 18:56:56,21.75,6144.74,3.66,5,20,0,4,0,194,1706,FR1
12/13/2024 18:57:15,21.75,6163.66,3.66,5,20,0,4,0,195,6665,FR1
12/13/2024 18:57:26,21.75,6174.49,3.65,5,20,0,4,0,196,30,FR1
12/13/2024 18:57:30,21.75,6179.18,3.66,5,20,0,4,0,197,2314,FR1
12/13/2024 18:57:34,21.75,6182.42,3.65,5,20,0,4,0,198,0,FR1
12/13/2024 18:57:35,21.75,6183.63,3.66,5,20,0,4,0,199,0,FR1
12/13/2024 18:58:10,21.75,6194.21,3.66,5,21,0,4,0,199,0,FR1
12/13/2024 18:58:18,21.75,6202.02,3.66,5,21,0,4,0,200,393,FR1
12/13/2024 18:58:23,21.75,6207.50,3.65,5,21,0,4,0,201,496,FR1
12/13/2024 18:58:27,21.75,6211.84,3.65,5,21,0,4,0,202,215,FR1
12/13/2024 18:58:35,21.75,6218.92,3.65,5,21,0,4,0,203,2961,FR1
12/13/2024 18:58:46,21.75,6230.11,3.65,5,21,0,4,0,204,2430,FR1
12/13/2024 18:58:52,21.75,6235.97,3.65,5,21,0,4,0,205,0,FR1
12/13/2024 18:58:56,21.75,6240.67,3.65,5,21,0,4,0,206,0,FR1
12/13/2024 18:59:00,21.75,6244.79,3.65,5,21,0,4,0,207,0,FR1
12/13/2024 18:59:04,21.75,6248.55,3.66,5,21,0,4,0,208,1087,FR1
12/13/2024 18:59:15,22.00,6259.81,3.65,5,21,0,4,0,209,176,FR1
12/13/2024 18:59:22,22.00,6266.05,3.65,5,21,0,4,0,210,0,FR1
12/13/2024 20:44:30,21.75,6566.65,3.65,5,22,0,4,0,210,0,FR1
12/13/2024 20:44:37,21.75,6574.34,3.65,5,22,0,4,0,211,0,FR1
12/13/2024 20:44:47,21.75,6583.92,3.65,5,22,0,4,0,212,233,FR1
12/13/2024 20:44:52,21.75,6589.31,3.65,5,22,0,4,0,213,4172,FR1
12/13/2024 20:44:55,21.75,6591.72,3.65,5,22,0,4,0,214,912,FR1
12/13/2024 20:44:56,21.75,6592.69,3.66,5,22,0,4,0,215,47,FR1
12/13/2024 20:44:56,21.75,6593.44,3.65,5,22,0,4,0,216,113,FR1
12/13/2024 20:44:58,21.75,6594.81,3.65,5,22,0,4,0,217,454,FR1
12/13/2024 20:45:01,21.75,6597.77,3.66,5,22,0,4,0,218,0,FR1
12/13/2024 20:45:12,21.75,6608.86,3.65,5,22,0,4,0,219,0,FR1
12/13/2024 20:45:15,21.75,6611.69,3.65,5,22,0,4,0,220,163,FR1
12/13/2024 20:45:25,21.75,6622.28,3.65,5,22,0,4,0,221,84,FR1
12/13/2024 20:45:27,21.75,6623.73,3.65,5,22,0,4,0,222,522,FR1
12/13/2024 20:45:28,21.75,6624.63,3.65,5,22,0,4,0,223,261,FR1
12/13/2024 20:45:55,21.75,6639.28,3.65,5,23,0,4,0,223,0,FR1
12/13/2024 20:46:03,21.75,6647.05,3.65,5,23,0,4,0,224,1822,FR1
12/13/2024 20:46:17,21.75,6661.06,3.65,5,23,0,4,0,225,0,FR1
12/13/2024 20:46:20,21.75,6663.62,3.65,5,23,0,4,0,226,185,FR1
12/13/2024 20:46:29,21.75,6672.96,3.65,5,23,0,4,0,227,0,FR1
12/13/2024 20:46:35,21.75,6678.80,3.65,5,23,0,4,0,228,4334,FR1
12/13/2024 20:46:43,21.75,6686.64,3.66,5,23,0,4,0,229,518,FR1
12/13/2024 20:46:59,22.00,6702.59,3.66,5,23,0,4,0,230,2537,FR1
12/13/2024 21:21:04,21.75,6807.93,3.65,5,23,0,5,21,230,0,FR1
12/13/2024 21:21:07,21.75,6808.56,3.65,5,23,0,6,0,230,0,FR1
12/13/2024 23:56:32,21.75,7252.75,3.65,5,24,30,6,0,230,0,FR1
12/13/2024 23:56:38,21.75,7258.75,3.65,5,24,0,6,0,231,48,FR1
12/13/2024 23:56:40,21.75,7260.90,3.65,5,24,0,6,0,232,73,FR1
12/13/2024 23:56:41,21.75,7262.41,3.65,5,24,0,6,0,233,0,FR1
12/13/2024 23:56:43,21.75,7263.60,3.65,5,24,0,6,0,234,554,FR1
12/13/2024 23:56:44,21.75,7264.67,3.65,5,24,0,6,0,235,437,FR1
12/13/2024 23:56:49,21.75,7269.95,3.65,5,24,0,6,0,236,0,FR1
12/13/2024 23:56:50,21.75,7270.78,3.65,5,24,0,6,0,237,199,FR1
12/13/2024 23:56:52,21.75,7273.36,3.65,5,24,0,6,0,238,490,FR1
12/13/2024 23:56:54,21.75,7274.76,3.65,5,24,0,6,0,239,189,FR1
12/13/2024 23:56:55,21.75,7275.76,3.65,5,24,0,6,0,240,73,FR1
12/13/2024 23:57:03,21.75,7283.68,3.65,5,24,0,6,0,241,3224,FR1
12/13/2024 23:57:08,21.75,7288.56,3.65,5,24,0,6,0,242,2793,FR1
12/13/2024 23:57:17,21.75,7297.66,3.65,5,24,0,6,0,243,2952,FR1
12/13/2024 23:57:21,21.75,7302.23,3.65,5,24,0,6,0,244,155,FR1
12/13/2024 23:57:25,21.75,7306.00,3.65,5,24,0,6,0,245,814,FR1
12/13/2024 23:57:32,21.75,7313.18,3.65,5,24,0,6,0,246,4802,FR1
12/13/2024 23:57:34,21.75,7314.97,3.65,5,24,0,6,0,247,0,FR1
12/13/2024 23:57:43,21.75,7324.41,3.65,5,24,0,6,0,248,0,FR1
12/14/2024 3:22:51,21.75,7910.43,3.65,5,25,0,6,0,248,0,FR1
12/14/2024 3:22:57,21.75,7916.38,3.65,5,25,0,6,0,249,0,FR1
12/14/2024 3:23:02,21.75,7920.84,3.65,5,25,0,6,0,250,342,FR1
12/14/2024 3:23:14,21.75,7932.62,3.65,5,25,0,6,0,251,11145,FR1
12/14/2024 3:23:17,21.75,7935.67,3.65,5,25,0,6,0,252,377,FR1
12/14/2024 3:23:22,21.75,7940.99,3.65,5,25,0,6,0,253,1490,FR1
12/14/2024 3:23:31,21.75,7950.13,3.65,5,25,0,6,0,254,6763,FR1
12/14/2024 3:23:49,21.75,7967.80,3.65,5,25,0,6,0,255,15585,FR1
12/14/2024 3:23:52,21.75,7971.33,3.65,5,25,0,6,0,256,0,FR1
12/14/2024 3:24:07,21.75,7986.35,3.65,5,25,0,6,0,257,11186,FR1
12/14/2024 13:00:21,21.75,9637.13,3.65,5,26,0,6,0,257,0,FR1
12/14/2024 13:00:27,21.75,9643.08,3.64,5,26,0,6,0,258,0,FR1
12/14/2024 13:00:41,21.75,9656.92,3.65,5,26,0,6,0,259,138,FR1
12/14/2024 13:00:44,21.75,9660.17,3.65,5,26,0,6,0,260,0,FR1
12/14/2024 13:01:08,21.75,9684.04,3.65,5,26,0,6,0,261,0,FR1
12/14/2024 13:03:05,22.00,9713.52,3.65,5,27,80,6,0,261,0,FR1
12/14/2024 13:03:34,22.00,9742.18,3.64,5,27,0,6,0,262,57,FR1
12/14/2024 13:03:39,22.00,9747.70,3.65,5,27,0,6,0,263,245,FR1
12/14/2024 13:03:43,22.00,9751.90,3.65,5,27,0,6,0,264,76,FR1
12/14/2024 13:03:52,22.00,9760.43,3.65,5,27,0,6,0,265,55,FR1
12/14/2024 13:03:54,22.00,9762.52,3.65,5,27,0,6,0,266,10,FR1
12/14/2024 13:03:56,22.00,9764.11,3.64,5,27,0,6,0,267,663,FR1
12/14/2024 13:09:58,22.00,9801.43,3.65,5,27,0,7,0,267,0,FR1
12/14/2024 13:10:25,22.00,9803.20,3.65,5,28,0,7,0,267,0,FR1
12/14/2024 13:10:31,22.00,9809.73,3.65,5,28,0,7,0,268,0,FR1
12/14/2024 13:10:37,22.00,9815.60,3.65,5,28,0,7,0,269,7,FR1
12/14/2024 13:10:43,22.00,9820.96,3.65,5,28,0,7,0,270,947,FR1
12/14/2024 13:10:44,22.00,9821.89,3.65,5,28,0,7,0,271,0,FR1
12/14/2024 13:10:49,22.00,9827.29,3.64,5,28,0,7,0,272,4767,FR1
12/14/2024 13:10:56,22.00,9834.33,3.65,5,28,0,7,0,273,306,FR1
12/14/2024 13:11:09,22.00,9847.03,3.65,5,28,0,7,0,274,169,FR1
12/14/2024 13:11:10,22.00,9848.10,3.65,5,28,0,7,0,275,138,FR1
12/14/2024 13:11:12,22.00,9850.14,3.65,5,28,0,7,0,276,827,FR1
12/14/2024 13:11:15,22.00,9853.12,3.65,5,28,0,7,0,277,23,FR1
12/14/2024 13:11:19,22.00,9857.32,3.65,5,28,0,7,0,278,84,FR1
12/14/2024 13:11:20,22.00,9858.00,3.65,5,28,0,7,0,279,54,FR1
12/14/2024 13:11:27,22.00,9865.09,3.65,5,28,0,7,0,280,66,FR1
12/14/2024 13:11:28,22.00,9866.53,3.65,5,28,0,7,0,281,514,FR1
12/14/2024 13:11:29,22.00,9867.64,3.65,5,28,0,7,0,282,188,FR1
12/14/2024 20:57:30,21.75,11204.78,3.64,5,29,0,7,0,282,0,FR1
12/14/2024 20:57:43,21.75,11217.36,3.64,5,29,0,7,0,283,1980,FR1
12/14/2024 20:57:45,21.75,11219.62,3.64,5,29,0,7,0,284,470,FR1
12/14/2024 20:57:46,21.75,11220.48,3.64,5,29,0,7,0,285,227,FR1
12/14/2024 20:57:51,21.75,11225.51,3.64,5,29,0,7,0,286,327,FR1
12/14/2024 20:57:59,21.75,11233.78,3.64,5,29,0,7,0,287,369,FR1
12/14/2024 20:58:02,21.75,11236.93,3.64,5,29,0,7,0,288,1363,FR1
12/14/2024 20:58:04,21.75,11238.23,3.64,5,29,0,7,0,289,80,FR1
12/14/2024 20:58:11,21.75,11245.60,3.64,5,29,0,7,0,290,58,FR1
12/14/2024 20:58:12,21.75,11246.65,3.64,5,29,0,7,0,291,412,FR1
12/14/2024 20:58:13,21.75,11247.96,3.64,5,29,0,7,0,292,679,FR1
12/14/2024 20:58:14,21.75,11248.88,3.64,5,29,0,7,0,293,0,FR1
12/14/2024 20:58:26,21.75,11260.65,3.64,5,29,0,7,0,294,3006,FR1
12/14/2024 20:58:28,21.75,11262.79,3.64,5,29,0,7,0,295,1496,FR1
12/14/2024 20:58:30,21.75,11264.31,3.64,5,29,0,7,0,296,24,FR1
12/14/2024 20:58:36,21.75,11271.05,3.64,5,29,0,7,0,297,4354,FR1
12/14/2024 20:58:43,21.75,11277.30,3.64,5,29,0,7,0,298,0,FR1
12/14/2024 21:27:54,21.75,11360.98,3.64,5,29,0,8,0,298,0,FR1
12/14/2024 23:43:44,21.75,11749.19,3.64,5,29,0,9,0,298,0,FR1
12/14/2024 23:44:02,21.75,11750.44,3.64,5,29,0,10,47,298,0,FR1
12/15/2024 0:14:15,21.75,11837.26,3.64,5,30,0,10,0,298,0,FR1
12/15/2024 0:14:21,21.75,11843.21,3.64,5,30,0,10,0,299,0,FR1
12/15/2024 0:14:28,21.75,11850.09,3.64,5,30,0,10,0,300,1010,FR1
12/15/2024 0:14:29,21.75,11851.25,3.64,5,30,0,10,0,301,239,FR1
12/15/2024 0:14:35,21.75,11857.30,3.64,5,30,0,10,0,302,191,FR1
12/15/2024 0:14:41,21.75,11863.12,3.64,5,30,0,10,0,303,4605,FR1
12/15/2024 0:15:00,21.75,11882.36,3.64,5,30,0,10,0,304,5,FR1
12/15/2024 0:15:02,21.75,11884.17,3.63,5,30,0,10,0,305,18,FR1
12/15/2024 0:15:04,21.75,11885.51,3.64,5,30,0,10,0,306,414,FR1
12/15/2024 0:15:05,21.75,11887.29,3.64,5,30,0,10,0,307,277,FR1
12/15/2024 0:15:12,21.75,11894.39,3.64,5,30,0,10,0,308,366,FR1
12/15/2024 0:15:21,21.75,11903.23,3.64,5,30,0,10,0,309,649,FR1
12/15/2024 0:15:28,21.75,11909.47,3.64,5,30,0,10,0,310,0,FR1
12/15/2024 0:17:11,22.00,11914.95,3.64,5,31,0,10,0,310,0,FR1
12/15/2024 0:17:21,22.00,11924.63,3.64,5,31,0,10,0,311,241,FR1
12/15/2024 0:17:31,22.00,11935.14,3.64,5,31,0,10,0,312,5518,FR1
12/15/2024 0:17:34,22.00,11937.52,3.64,5,31,0,10,0,313,0,FR1
12/15/2024 0:17:49,22.00,11953.25,3.64,5,31,0,10,0,314,0,FR1
12/15/2024 0:17:51,22.00,11954.60,3.64,5,31,0,10,0,315,420,FR1
12/15/2024 0:17:55,22.00,11958.54,3.64,5,31,0,10,0,316,113,FR1
12/15/2024 3:48:47,21.75,12587.36,3.64,5,31,0,11,0,316,0,FR1
12/15/2024 3:48:52,21.75,12587.99,3.64,5,31,0,12,0,316,0,FR1
12/15/2024 14:56:42,21.75,14494.59,3.64,5,31,0,13,0,316,0,FR1
12/15/2024 14:57:44,21.75,14498.07,3.64,5,32,0,13,0,316,0,FR1
12/15/2024 14:58:00,21.75,14513.90,3.64,5,32,0,13,0,317,0,FR1
12/15/2024 14:58:10,21.75,14523.99,3.64,5,32,0,13,0,318,1032,FR1
12/15/2024 14:58:15,21.75,14528.78,3.64,5,32,0,13,0,319,82,FR1
12/15/2024 14:58:20,21.75,14534.20,3.64,5,32,0,13,0,320,4788,FR1
12/15/2024 14:58:24,21.75,14537.74,3.64,5,32,0,13,0,321,0,FR1
12/15/2024 14:58:36,21.75,14549.75,3.64,5,32,0,13,0,322,2080,FR1
12/15/2024 14:58:45,21.75,14558.84,3.64,5,32,0,13,0,323,5844,FR1
12/15/2024 14:58:48,21.75,14562.18,3.64,5,32,0,13,0,324,98,FR1
12/15/2024 17:01:28,21.75,14919.80,3.64,5,33,0,13,0,324,0,FR1
12/15/2024 17:03:18,21.75,14993.50,3.63,5,34,5,13,0,324,0,FR1
12/15/2024 17:03:29,21.75,15004.52,3.63,5,34,0,13,0,325,3038,FR1
12/15/2024 17:03:34,21.75,15009.49,3.64,5,34,0,13,0,326,3173,FR1
12/15/2024 17:04:05,22.00,15040.04,3.64,5,34,0,13,0,327,0,FR1
12/15/2024 17:04:08,22.00,15043.97,3.64,5,34,0,13,0,328,389,FR1
12/15/2024 17:04:09,22.00,15044.70,3.63,5,34,0,13,0,329,93,FR1
12/15/2024 17:04:16,22.00,15051.95,3.64,5,34,0,13,0,330,3135,FR1
12/15/2024 17:04:17,22.00,15052.58,3.64,5,34,0,13,0,331,0,FR1
12/15/2024 17:04:30,22.00,15065.22,3.63,5,34,0,13,0,332,0,FR1
12/15/2024 17:04:35,22.00,15065.85,3.63,5,35,0,13,0,332,0,FR1
12/15/2024 17:04:50,22.00,15080.23,3.64,5,35,0,13,0,333,1164,FR1
12/15/2024 17:04:55,22.00,15085.32,3.63,5,35,0,13,0,334,2715,FR1
12/15/2024 17:05:01,22.00,15091.77,3.63,5,35,0,13,0,335,9,FR1
12/15/2024 17:05:02,22.00,15092.69,3.64,5,35,0,13,0,336,0,FR1
12/15/2024 17:05:13,22.00,15103.46,3.64,5,35,0,13,0,337,2001,FR1
12/15/2024 17:25:45,21.75,15194.68,3.64,5,36,0,13,0,337,0,FR1
12/15/2024 17:25:52,21.75,15201.96,3.64,5,36,0,13,0,338,161,FR1
12/15/2024 17:25:58,21.75,15207.94,3.63,5,36,0,13,0,339,1279,FR1
12/15/2024 17:26:01,21.75,15210.65,3.63,5,36,0,13,0,340,336,FR1
12/15/2024 17:26:02,21.75,15212.16,3.63,5,36,0,13,0,341,0,FR1
12/15/2024 17:26:31,21.75,15240.94,3.64,5,36,0,13,0,342,2590,FR1
12/15/2024 17:26:38,21.75,15248.34,3.64,5,36,0,13,0,343,373,FR1
12/15/2024 17:26:40,21.75,15250.14,3.63,5,36,0,13,0,344,584,FR1
12/15/2024 17:26:43,21.75,15252.80,3.64,5,36,0,13,0,345,0,FR1
12/15/2024 17:26:46,21.75,15255.54,3.62,5,36,0,13,0,346,64,FR1
12/15/2024 17:26:46,21.75,15256.46,3.64,5,36,0,13,0,347,0,FR1
12/15/2024 17:26:48,21.75,15258.18,3.64,5,36,0,13,0,348,220,FR1
12/15/2024 17:26:49,21.75,15258.84,3.64,5,36,0,13,0,349,19,FR1
12/15/2024 17:27:02,21.75,15266.82,3.63,5,37,0,13,0,349,0,FR1
12/15/2024 17:27:11,21.75,15275.09,3.63,5,37,0,13,0,350,0,FR1
12/15/2024 17:27:46,22.00,15310.35,3.63,5,37,0,13,0,351,339,FR1
12/15/2024 17:27:52,22.00,15316.67,3.63,5,37,0,13,0,352,174,FR1
12/15/2024 17:27:56,22.00,15320.58,3.63,5,37,0,13,0,353,365,FR1
12/15/2024 17:28:02,22.00,15326.21,3.63,5,37,0,13,0,354,4122,FR1
12/15/2024 17:28:14,22.00,15338.55,3.63,5,37,0,13,0,355,0,FR1
12/15/2024 18:28:04,21.75,15509.85,3.63,5,37,0,14,0,355,0,FR1
12/15/2024 18:30:25,21.75,15517.09,3.63,5,38,46,14,0,355,0,FR1
12/15/2024 18:30:38,21.75,15529.97,3.63,5,38,0,14,0,356,6923,FR1
12/15/2024 18:30:42,21.75,15534.09,3.63,5,38,0,14,0,357,0,FR1
12/15/2024 18:30:47,21.75,15539.29,3.64,5,38,0,14,0,358,4278,FR1
12/15/2024 18:30:55,21.75,15547.55,3.63,5,38,0,14,0,359,1518,FR1
12/15/2024 18:31:06,21.75,15558.17,3.64,5,38,0,14,0,360,8531,FR1
12/15/2024 18:31:09,21.75,15560.90,3.64,5,38,0,14,0,361,359,FR1
12/15/2024 18:31:21,21.75,15573.49,3.63,5,38,0,14,0,362,9914,FR1
12/15/2024 18:31:32,21.75,15583.84,3.64,5,38,0,14,0,363,5365,FR1
12/15/2024 18:31:38,21.75,15590.09,3.63,5,38,0,14,0,364,0,FR1
12/15/2024 19:31:54,21.75,15762.53,3.63,5,39,0,14,0,364,0,FR1
12/15/2024 19:32:02,21.75,15770.82,3.63,5,39,0,14,0,365,2334,FR1
12/15/2024 19:32:04,21.75,15772.08,3.64,5,39,0,14,0,366,628,FR1
12/15/2024 19:32:05,21.75,15773.00,3.63,5,39,0,14,0,367,0,FR1
12/15/2024 19:32:07,21.75,15775.79,3.63,5,39,0,14,0,368,2154,FR1
12/15/2024 19:32:09,21.75,15777.07,3.64,5,39,0,14,0,369,644,FR1
12/15/2024 19:32:22,21.75,15790.48,3.63,5,39,0,14,0,370,0,FR1
12/15/2024 19:32:23,21.75,15791.29,3.64,5,39,0,14,0,371,169,FR1
12/15/2024 19:32:24,21.75,15792.72,3.63,5,39,0,14,0,372,505,FR1
12/15/2024 19:32:34,21.75,15801.93,3.63,5,39,0,14,0,373,739,FR1
12/15/2024 19:32:34,21.75,15802.86,3.63,5,39,0,14,0,374,0,FR1
12/15/2024 19:32:38,21.75,15806.25,3.63,5,39,0,14,0,375,1889,FR1
12/15/2024 19:32:46,21.75,15814.74,3.62,5,39,0,14,0,376,7,FR1
12/15/2024 19:32:49,21.75,15817.14,3.64,5,39,0,14,0,377,319,FR1
12/15/2024 19:32:58,21.75,15826.81,3.63,5,39,0,14,0,378,326,FR1
12/15/2024 19:32:59,21.75,15827.51,3.63,5,39,0,14,0,379,68,FR1
12/15/2024 19:33:00,21.75,15828.15,3.63,5,39,0,14,0,380,0,FR1
12/15/2024 19:34:55,21.75,15839.81,3.64,5,39,0,15,0,380,0,FR1
12/15/2024 21:02:21,21.75,16089.89,3.63,5,40,0,15,0,380,0,FR1
12/15/2024 21:02:27,21.75,16095.85,3.63,5,40,0,15,0,381,0,FR1
12/15/2024 21:02:29,21.75,16098.22,3.63,5,40,0,15,0,382,291,FR1
12/15/2024 21:02:32,21.75,16101.01,3.63,5,40,0,15,0,383,116,FR1
12/15/2024 21:02:42,21.75,16110.85,3.63,5,40,0,15,0,384,497,FR1
12/15/2024 21:02:59,21.75,16127.98,3.63,5,40,0,15,0,385,16203,FR1
12/15/2024 21:03:07,21.75,16136.34,3.64,5,40,0,15,0,386,2788,FR1
12/15/2024 21:03:16,21.75,16144.96,3.63,5,40,0,15,0,387,7977,FR1
12/15/2024 21:03:22,21.75,16151.41,3.63,5,40,0,15,0,388,0,FR1
12/15/2024 21:03:27,21.75,16156.47,3.63,5,40,0,15,0,389,2104,FR1
12/15/2024 21:03:34,21.75,16162.71,3.63,5,40,0,15,0,390,0,FR1
12/15/2024 21:05:40,21.75,16169.33,3.64,5,40,0,16,0,390,0,FR1
12/15/2024 21:12:05,21.75,16188.23,3.63,5,41,0,16,0,390,0,FR1
12/15/2024 21:12:11,21.75,16194.18,3.63,5,41,0,16,0,391,0,FR1
12/15/2024 21:12:20,21.75,16203.62,3.63,5,41,0,16,0,392,1258,FR1
12/15/2024 21:12:25,21.75,16207.90,3.63,5,41,0,16,0,393,2773,FR1
12/15/2024 21:12:25,21.75,16208.54,3.63,5,41,0,16,0,394,0,FR1
12/15/2024 21:12:36,21.75,16218.95,3.63,5,41,0,16,0,395,1937,FR1
12/15/2024 21:12:41,21.75,16224.52,3.63,5,41,0,16,0,396,0,FR1
12/15/2024 21:12:45,21.75,16228.64,3.63,5,41,0,16,0,397,0,FR1
12/15/2024 21:12:49,21.75,16232.30,3.63,5,41,0,16,0,398,1287,FR1
12/15/2024 21:12:58,21.75,16241.75,3.63,5,41,0,16,0,399,2136,FR1
12/15/2024 21:13:01,21.75,16244.40,3.63,5,41,0,16,0,400,855,FR1
12/15/2024 21:13:02,21.75,16245.70,3.63,5,41,0,16,0,401,371,FR1
12/15/2024 21:13:07,21.75,16249.97,3.63,5,41,0,16,0,402,1602,FR1
12/15/2024 21:13:17,21.75,16259.99,3.62,5,41,0,16,0,403,0,FR1
12/15/2024 23:44:57,21.75,16693.32,3.63,5,42,22,16,0,403,0,FR1
12/15/2024 23:45:05,21.75,16701.69,3.63,5,42,0,16,0,404,94,FR1
12/15/2024 23:45:06,21.75,16702.51,3.63,5,42,0,16,0,405,186,FR1
12/15/2024 23:45:15,21.75,16711.40,3.63,5,42,0,16,0,406,7674,FR1
12/15/2024 23:45:19,21.75,16715.27,3.63,5,42,0,16,0,407,43,FR1
12/15/2024 23:45:24,21.75,16720.93,3.63,5,42,0,16,0,408,91,FR1
12/15/2024 23:45:29,21.75,16725.63,3.64,5,42,0,16,0,409,571,FR1
12/15/2024 23:45:32,21.75,16729.09,3.63,5,42,0,16,0,410,2835,FR1
12/15/2024 23:45:45,21.75,16741.81,3.62,5,42,0,16,0,411,4814,FR1
12/15/2024 23:45:49,21.75,16746.26,3.63,5,42,0,16,0,412,331,FR1
12/15/2024 23:45:59,21.75,16755.31,3.63,5,42,0,16,0,413,5511,FR1
12/15/2024 23:48:41,21.75,16772.46,3.63,5,42,0,17,0,413,0,FR1
12/16/2024 1:59:24,21.75,17146.32,3.62,5,42,0,18,197,413,0,FR1
12/16/2024 1:59:26,21.75,17147.09,3.62,5,42,0,19,147,413,0,FR1
12/16/2024 1:59:29,21.75,17147.76,3.63,5,42,0,20,30,413,0,FR1
12/16/2024 2:06:54,21.75,17170.14,3.63,5,43,632,20,0,413,0,FR1
12/16/2024 2:07:00,21.75,17176.09,3.63,5,43,0,20,0,414,0,FR1
12/16/2024 2:07:06,21.75,17181.65,3.63,5,43,0,20,0,415,1148,FR1
12/16/2024 2:07:13,21.75,17188.30,3.63,5,43,0,20,0,416,3985,FR1
12/16/2024 2:07:23,21.75,17198.99,3.63,5,43,0,20,0,417,9480,FR1
12/16/2024 2:07:27,21.75,17202.68,3.63,5,43,0,20,0,418,441,FR1
12/16/2024 2:07:28,21.75,17203.41,3.63,5,43,0,20,0,419,95,FR1
12/16/2024 2:07:29,21.75,17204.58,3.62,5,43,0,20,0,420,244,FR1
12/16/2024 2:07:33,21.75,17208.45,3.63,5,43,0,20,0,421,34,FR1
12/16/2024 2:07:36,21.75,17211.98,3.63,5,43,0,20,0,422,1161,FR1
12/16/2024 2:07:41,21.75,17217.08,3.62,5,43,0,20,0,423,101,FR1
12/16/2024 2:07:49,21.75,17224.73,3.63,5,43,0,20,0,424,5566,FR1
12/16/2024 2:08:02,21.75,17237.49,3.63,5,43,0,20,0,425,9221,FR1
12/16/2024 2:08:08,21.75,17243.73,3.62,5,43,0,20,0,426,0,FR1
12/16/2024 3:35:37,21.75,17493.81,3.63,5,44,0,20,0,426,0,FR1
12/16/2024 3:35:43,21.75,17500.25,3.62,5,44,0,20,0,427,478,FR1
12/16/2024 3:35:49,21.75,17506.14,3.63,5,44,0,20,0,428,904,FR1
12/16/2024 3:36:02,21.75,17518.96,3.63,5,44,0,20,0,429,5205,FR1
12/16/2024 3:36:14,21.75,17531.21,3.62,5,44,0,20,0,430,0,FR1
12/16/2024 3:36:24,21.75,17541.14,3.63,5,44,0,20,0,431,0,FR1
12/16/2024 12:33:50,21.75,19098.36,3.62,5,45,0,20,0,431,0,FR1
12/16/2024 12:34:04,21.75,19112.15,3.62,5,45,0,20,0,432,0,FR1
12/16/2024 12:34:35,21.75,19143.59,3.61,5,45,0,20,0,433,0,FR1
12/16/2024 12:34:36,21.75,19144.52,3.62,5,45,0,20,0,434,4,FR1
12/16/2024 12:34:40,21.75,19148.06,3.62,5,45,0,20,0,435,1166,FR1
12/16/2024 12:34:57,21.75,19165.15,3.63,5,45,0,20,0,436,10936,FR1
12/16/2024 12:36:25,22.00,19175.40,3.62,5,46,6,20,0,436,0,FR1
12/16/2024 12:36:32,22.00,19181.90,3.62,5,46,0,20,0,437,551,FR1
12/16/2024 12:37:17,22.00,19226.82,3.62,5,46,0,20,0,438,420,FR1
12/16/2024 14:53:24,21.50,19634.74,3.62,5,47,139,20,0,438,0,FR1
12/16/2024 14:53:31,21.50,19641.27,3.62,5,47,0,20,0,439,0,FR1
12/16/2024 14:53:33,21.50,19643.45,3.62,5,47,0,20,0,440,379,FR1
12/16/2024 14:53:37,21.50,19647.28,3.63,5,47,0,20,0,441,0,FR1
12/16/2024 14:53:39,21.50,19649.69,3.62,5,47,0,20,0,442,324,FR1
12/16/2024 14:53:40,21.50,19650.32,3.62,5,47,0,20,0,443,0,FR1
12/16/2024 14:53:45,21.50,19655.63,3.62,5,47,0,20,0,444,314,FR1
12/16/2024 14:53:46,21.50,19656.84,3.62,5,47,0,20,0,445,0,FR1
12/16/2024 14:53:50,21.50,19660.73,3.62,5,47,0,20,0,446,60,FR1
12/16/2024 14:53:56,21.50,19667.14,3.62,5,47,0,20,0,447,1131,FR1
12/16/2024 14:53:57,21.50,19667.78,3.62,5,47,0,20,0,448,0,FR1
12/16/2024 14:54:01,21.50,19671.96,3.63,5,47,0,20,0,449,60,FR1
12/16/2024 14:54:08,21.50,19678.24,3.63,5,47,0,20,0,450,707,FR1
12/16/2024 14:54:08,21.50,19678.93,3.62,5,47,0,20,0,451,60,FR1
12/16/2024 14:54:13,21.50,19683.42,3.62,5,47,0,20,0,452,2988,FR1
12/16/2024 14:54:16,21.50,19687.16,3.62,5,47,0,20,0,453,2520,FR1
12/16/2024 14:54:22,21.50,19693.09,3.62,5,47,0,20,0,454,648,FR1
12/16/2024 14:54:27,21.50,19698.05,3.62,5,47,0,20,0,455,1139,FR1
12/16/2024 17:44:15,21.50,20190.69,3.62,5,48,0,20,0,455,0,FR1
12/16/2024 17:44:23,21.50,20198.61,3.62,5,48,0,20,0,456,227,FR1
12/16/2024 17:44:26,21.50,20201.31,3.62,5,48,0,20,0,457,27,FR1
12/16/2024 17:44:38,21.50,20213.71,3.63,5,48,0,20,0,458,1017,FR1
12/16/2024 17:44:43,21.50,20218.93,3.60,5,48,0,20,0,459,2846,FR1
12/16/2024 17:44:47,21.50,20222.83,3.62,5,48,0,20,0,460,2689,FR1
12/16/2024 17:44:53,21.50,20229.06,3.62,5,48,0,20,0,461,2696,FR1
12/16/2024 17:45:02,21.50,20238.18,3.62,5,48,0,20,0,462,1212,FR1
12/16/2024 17:45:03,21.50,20239.12,3.62,5,48,0,20,0,463,25,FR1
12/16/2024 17:45:10,21.50,20245.86,3.62,5,48,0,20,0,464,0,FR1
12/16/2024 17:45:11,21.50,20246.49,3.62,5,48,0,20,0,465,0,FR1
12/16/2024 17:45:12,21.50,20247.80,3.62,5,48,0,20,0,466,678,FR1
12/16/2024 17:45:13,21.50,20249.02,3.62,5,48,0,20,0,467,0,FR1
12/16/2024 17:45:20,21.50,20256.06,3.62,5,48,0,20,0,468,307,FR1
12/16/2024 17:45:27,21.50,20262.30,3.62,5,48,0,20,0,469,0,FR1
12/16/2024 17:46:59,21.75,20267.22,3.62,5,49,0,20,0,469,0,FR1
12/16/2024 17:47:06,21.75,20273.93,3.62,5,49,0,20,0,470,766,FR1
12/16/2024 17:47:16,21.75,20284.32,3.62,5,49,0,20,0,471,1330,FR1
12/16/2024 17:47:20,21.75,20288.20,3.62,5,49,0,20,0,472,2662,FR1
12/16/2024 17:47:24,21.75,20292.07,3.62,5,49,0,20,0,473,2951,FR1
12/16/2024 17:47:30,21.75,20298.24,3.62,5,49,0,20,0,474,13,FR1
12/16/2024 17:47:33,21.75,20300.87,3.62,5,49,0,20,0,475,1997,FR1
12/16/2024 17:47:34,21.75,20302.46,3.62,5,49,0,20,0,476,666,FR1
12/16/2024 17:47:36,21.75,20303.86,3.62,5,49,0,20,0,477,181,FR1
12/16/2024 17:47:39,21.75,20307.52,3.62,5,49,0,20,0,478,421,FR1
12/16/2024 17:49:00,21.75,20341.61,3.62,5,50,0,20,0,478,0,FR1
12/16/2024 17:49:06,21.75,20348.52,3.62,5,50,0,20,0,479,957,FR1
12/16/2024 17:49:11,21.75,20352.93,3.62,5,50,0,20,0,480,0,FR1
12/16/2024 17:49:12,21.75,20354.44,3.62,5,50,0,20,0,481,0,FR1
12/16/2024 17:49:16,21.75,20357.81,3.62,5,50,0,20,0,482,408,FR1
12/16/2024 17:49:18,21.75,20360.47,3.62,5,50,0,20,0,483,0,FR1
12/16/2024 17:49:21,21.75,20362.61,3.62,5,50,0,20,0,484,46,FR1
12/16/2024 17:49:21,21.75,20363.52,3.62,5,50,0,20,0,485,284,FR1
12/16/2024 17:49:23,21.75,20364.74,3.62,5,50,0,20,0,486,0,FR1
12/16/2024 17:49:34,21.75,20376.29,3.62,5,50,0,20,0,487,6851,FR1
12/16/2024 17:49:41,21.75,20382.85,3.62,5,50,0,20,0,488,692,FR1
12/16/2024 17:49:57,22.00,20399.03,3.62,5,50,0,20,0,489,4506,FR1
12/16/2024 17:49:58,22.00,20400.42,3.62,5,50,0,20,0,490,471,FR1
12/16/2024 18:33:20,21.75,20536.64,3.62,5,50,0,21,0,490,0,FR1
12/16/2024 18:41:31,21.75,20560.39,3.62,5,50,0,22,0,490,0,FR1
12/16/2024 18:57:05,21.75,20605.26,3.62,5,50,0,23,0,490,0,FR1
12/16/2024 18:57:09,21.75,20605.89,3.62,5,51,0,23,0,490,0,FR1
12/16/2024 18:57:15,21.75,20611.84,3.62,5,51,0,23,0,491,0,FR1
12/16/2024 18:57:16,21.75,20612.68,3.62,5,51,0,23,0,492,204,FR1
12/16/2024 18:57:19,21.75,20616.23,3.62,5,51,0,23,0,493,1465,FR1
12/16/2024 18:57:36,21.75,20632.72,3.62,5,51,0,23,0,494,747,FR1
12/16/2024 18:57:41,21.75,20638.05,3.62,5,51,0,23,0,495,1207,FR1
12/16/2024 18:57:49,21.75,20645.91,3.62,5,51,0,23,0,496,3738,FR1
12/16/2024 18:57:52,21.75,20648.90,3.62,5,51,0,23,0,497,2361,FR1
12/16/2024 18:58:02,21.75,20658.86,3.62,5,51,0,23,0,498,318,FR1
12/16/2024 18:58:13,21.75,20669.95,3.62,5,51,0,23,0,499,0,FR1
12/16/2024 20:00:18,21.75,20854.60,3.62,5,52,0,23,0,499,0,FR1
12/16/2024 20:00:24,21.75,20860.72,3.62,5,52,0,23,0,500,165,FR1
12/16/2024 20:00:28,21.75,20864.43,3.62,5,52,0,23,0,501,3065,FR1
12/16/2024 20:00:29,21.75,20865.49,3.62,5,52,0,23,0,502,136,FR1
12/16/2024 20:00:32,21.75,20869.03,3.62,5,52,0,23,0,503,0,FR1
12/16/2024 20:00:37,21.75,20873.77,3.62,5,52,0,23,0,504,3818,FR1
12/16/2024 20:00:45,21.75,20881.86,3.62,5,52,0,23,0,505,7162,FR1
12/16/2024 20:00:49,21.75,20885.29,3.62,5,52,0,23,0,506,1056,FR1
12/16/2024 20:00:53,21.75,20889.75,3.62,5,52,0,23,0,507,1205,FR1
12/16/2024 20:01:01,21.75,20897.61,3.62,5,52,0,23,0,508,540,FR1
12/16/2024 20:01:07,21.75,20903.34,3.62,5,52,0,23,0,509,1899,FR1
12/16/2024 20:01:12,21.75,20908.67,3.62,5,52,0,23,0,510,46,FR1
12/16/2024 20:01:15,21.75,20911.42,3.62,5,52,0,23,0,511,956,FR1
12/16/2024 20:01:21,21.75,20918.15,3.62,5,52,0,23,0,512,866,FR1
12/16/2024 20:05:13,22.00,20937.27,3.62,5,52,0,24,0,512,0,FR1
12/16/2024 20:34:16,21.75,21020.67,3.62,5,53,0,24,0,512,0,FR1
12/16/2024 20:34:22,21.75,21027.02,3.62,5,53,0,24,0,513,395,FR1
12/16/2024 20:34:24,21.75,21029.07,3.62,5,53,0,24,0,514,841,FR1
12/16/2024 20:34:27,21.75,21032.53,3.62,5,53,0,24,0,515,1666,FR1
12/16/2024 20:34:30,21.75,21035.49,3.62,5,53,0,24,0,516,0,FR1
12/16/2024 20:34:40,21.75,21045.54,3.62,5,53,0,24,0,517,403,FR1
12/16/2024 20:34:44,21.75,21049.58,3.62,5,53,0,24,0,518,211,FR1
12/16/2024 20:34:46,21.75,21051.33,3.62,5,53,0,24,0,519,242,FR1
12/16/2024 20:34:47,21.75,21052.25,3.62,5,53,0,24,0,520,0,FR1
12/16/2024 20:34:49,21.75,21053.67,3.62,5,53,0,24,0,521,202,FR1
12/16/2024 20:34:50,21.75,21054.99,3.62,5,53,0,24,0,522,405,FR1
12/16/2024 20:34:55,21.75,21060.19,3.62,5,53,0,24,0,523,2232,FR1
12/16/2024 20:35:04,21.75,21069.55,3.62,5,53,0,24,0,524,9,FR1
12/16/2024 20:35:07,21.75,21071.90,3.62,5,53,0,24,0,525,260,FR1
12/16/2024 20:35:20,22.00,21084.76,3.62,5,53,0,24,0,526,19,FR1
12/16/2024 20:35:27,22.00,21092.46,3.62,5,53,0,24,0,527,0,FR1
12/16/2024 20:37:42,22.00,21099.37,3.62,5,54,0,24,0,527,0,FR1
12/16/2024 20:37:48,22.00,21105.79,3.62,5,54,0,24,0,528,469,FR1
12/16/2024 20:37:51,22.00,21108.56,3.62,5,54,0,24,0,529,390,FR1
12/16/2024 20:37:56,22.00,21113.01,3.62,5,54,0,24,0,530,3526,FR1
12/16/2024 20:37:57,22.00,21114.01,3.62,5,54,0,24,0,531,371,FR1
12/16/2024 20:38:09,22.00,21126.73,3.62,5,54,0,24,0,532,462,FR1
12/16/2024 20:38:16,22.00,21133.25,3.62,5,54,0,24,0,533,4427,FR1
12/16/2024 20:38:59,22.00,21171.45,3.62,5,55,0,24,0,533,0,FR1
12/16/2024 20:39:29,22.00,21201.18,3.62,5,55,0,24,0,534,2850,FR1
12/16/2024 20:39:35,22.00,21207.10,3.62,5,55,0,24,0,535,348,FR1
12/16/2024 20:39:46,22.00,21218.26,3.62,5,55,0,24,0,536,1508,FR1
12/16/2024 20:39:51,22.00,21223.57,3.62,5,55,0,24,0,537,1777,FR1
12/16/2024 20:39:58,22.00,21230.36,3.62,5,55,0,24,0,538,348,FR1
12/16/2024 20:40:09,22.00,21241.00,3.62,5,55,0,24,0,539,5064,FR1
12/16/2024 22:38:01,21.75,21583.57,3.62,5,55,0,25,106,539,0,FR1
12/16/2024 22:38:06,21.75,21584.22,3.62,5,55,0,26,21,539,0,FR1
12/16/2024 22:39:10,21.75,21587.71,3.62,5,56,0,26,0,539,0,FR1
12/16/2024 22:39:20,21.75,21597.41,3.62,5,56,0,26,0,540,3753,FR1
12/16/2024 22:39:21,21.75,21598.57,3.62,5,56,0,26,0,541,238,FR1
12/16/2024 22:39:25,21.75,21602.58,3.62,5,56,0,26,0,542,1629,FR1
12/16/2024 22:39:26,21.75,21603.94,3.62,5,56,0,26,0,543,149,FR1
12/16/2024 22:39:30,21.75,21607.44,3.62,5,56,0,26,0,544,247,FR1
12/16/2024 22:39:31,21.75,21608.18,3.62,5,56,0,26,0,545,94,FR1
12/16/2024 22:39:36,21.75,21613.15,3.62,5,56,0,26,0,546,273,FR1
12/16/2024 22:39:38,21.75,21615.45,3.62,5,56,0,26,0,547,790,FR1
12/16/2024 22:40:05,22.00,21642.62,3.62,5,56,0,26,0,548,87,FR1
12/16/2024 22:40:08,22.00,21645.29,3.62,5,56,0,26,0,549,0,FR1
12/16/2024 22:40:22,22.00,21659.38,3.62,5,56,0,26,0,550,0,FR1
12/16/2024 23:28:14,21.75,21796.44,3.62,5,56,0,27,0,550,0,FR1
12/16/2024 23:32:39,21.75,21809.72,3.62,5,56,0,28,379,550,0,FR1
12/16/2024 23:34:26,22.00,21815.20,3.62,5,56,0,29,0,550,0,FR1
12/16/2024 23:38:50,21.75,21828.10,3.62,5,57,0,29,0,550,0,FR1
12/16/2024 23:38:56,21.75,21834.69,3.62,5,57,0,29,0,551,56,FR1
12/16/2024 23:39:02,21.75,21840.28,3.62,5,57,0,29,0,552,1472,FR1
12/16/2024 23:39:03,21.75,21841.80,3.62,5,57,0,29,0,553,307,FR1
12/16/2024 23:39:11,21.75,21849.12,3.62,5,57,0,29,0,554,0,FR1
12/16/2024 23:39:12,21.75,21850.40,3.62,5,57,0,29,0,555,647,FR1
12/16/2024 23:39:13,21.75,21851.32,3.62,5,57,0,29,0,556,285,FR1
12/16/2024 23:39:19,21.75,21857.24,3.62,5,57,0,29,0,557,1798,FR1
12/16/2024 23:39:24,21.75,21862.08,3.62,5,57,0,29,0,558,3050,FR1
12/16/2024 23:39:30,21.75,21868.72,3.62,5,57,0,29,0,559,483,FR1
12/16/2024 23:39:31,21.75,21869.65,3.62,5,57,0,29,0,560,0,FR1
12/17/2024 1:47:30,22.00,22263.62,3.62,5,57,0,30,0,560,0,FR1
12/17/2024 1:48:02,22.00,22265.68,3.62,5,57,0,31,0,560,0,FR1
12/17/2024 1:48:11,22.00,22266.59,3.62,5,58,0,31,0,560,0,FR1
12/17/2024 1:48:20,22.00,22275.02,3.62,5,58,0,31,0,561,2472,FR1
12/17/2024 1:48:21,22.00,22275.90,3.62,5,58,0,31,0,562,253,FR1
12/17/2024 1:49:07,22.00,22322.73,3.61,5,58,0,31,0,563,0,FR1
12/17/2024 1:49:08,22.00,22323.57,3.62,5,58,0,31,0,564,203,FR1
12/17/2024 1:49:11,22.00,22326.07,3.62,5,58,0,31,0,565,1575,FR1
12/17/2024 1:49:14,22.00,22328.75,3.62,5,58,0,31,0,566,310,FR1
12/17/2024 3:33:58,21.75,22636.74,3.62,5,59,0,31,0,566,0,FR1
12/17/2024 3:34:04,21.75,22642.70,3.62,5,59,0,31,0,567,0,FR1
12/17/2024 3:34:15,21.75,22653.23,3.62,5,59,0,31,0,568,3798,FR1
12/17/2024 3:34:21,21.75,22659.12,3.62,5,59,0,31,0,569,4097,FR1
12/17/2024 3:34:28,21.75,22666.75,3.62,5,59,0,31,0,570,20,FR1
12/17/2024 3:34:31,21.75,22669.79,3.62,5,59,0,31,0,571,369,FR1
12/17/2024 3:34:33,21.75,22671.76,3.62,5,59,0,31,0,572,1337,FR1
12/17/2024 3:34:46,21.75,22684.07,3.62,5,59,0,31,0,573,1513,FR1
12/17/2024 3:34:58,21.75,22696.91,3.62,5,59,0,31,0,574,0,FR1
12/17/2024 3:34:59,21.75,22697.83,3.62,5,59,0,31,0,575,0,FR1
12/17/2024 3:35:06,21.75,22703.98,3.62,5,59,0,31,0,576,2608,FR1
12/17/2024 3:40:20,22.00,22725.07,3.62,5,59,0,32,0,576,0,FR1
12/17/2024 3:40:23,22.00,22725.70,3.62,5,59,0,33,0,576,0,FR1
12/17/2024 3:40:26,22.00,22726.33,3.62,5,59,0,34,5,576,0,FR1
12/17/2024 3:40:28,22.00,22726.96,3.62,5,59,0,35,0,576,0,FR1
12/17/2024 3:40:40,22.00,22727.87,3.62,5,60,0,35,0,576,0,FR1
12/17/2024 3:40:46,22.00,22733.82,3.62,5,60,0,35,0,577,0,FR1
12/17/2024 3:40:48,22.00,22735.80,3.62,5,60,0,35,0,578,475,FR1
12/17/2024 3:40:53,22.00,22740.51,3.62,5,60,0,35,0,579,0,FR1
12/17/2024 3:40:54,22.00,22741.62,3.62,5,60,0,35,0,580,477,FR1
12/17/2024 3:40:59,22.00,22746.98,3.62,5,60,0,35,0,581,1820,FR1
12/17/2024 3:41:03,22.00,22750.73,3.62,5,60,0,35,0,582,1087,FR1
12/17/2024 3:41:07,22.00,22754.61,3.62,5,60,0,35,0,583,50,FR1
12/17/2024 3:41:13,22.00,22760.64,3.62,5,60,0,35,0,584,458,FR1
12/17/2024 3:41:19,22.00,22766.96,3.62,5,60,0,35,0,585,1619,FR1
12/17/2024 3:41:39,22.00,22786.10,3.62,5,60,0,35,0,586,4557,FR1
12/17/2024 3:41:44,22.00,22791.55,3.62,5,60,0,35,0,587,168,FR1
12/17/2024 3:41:52,22.00,22799.54,3.61,5,60,0,35,0,588,0,FR1
12/17/2024 8:57:58,21.75,23702.08,3.62,5,60,0,36,0,588,0,FR1
12/17/2024 11:24:44,22.00,24123.51,3.61,5,60,0,37,2108,588,0,FR1
